/* AccessRole */
insert into accessrole(id, name, roletype, version, created, updated) values (1, 'Administrateur', 0, 1, now(), now());
insert into accessrole(id, name, roletype, version, created, updated) values (2, 'Modérateur', 1, 1, now(), now());
insert into accessrole(id, name, roletype, version, created, updated) values (3, 'Joueur', 2, 1, now(), now());

/* User */
insert into user(id, username, password, name, email, status, roleId, version, created, updated) values (1, 'admin', '21232f297a57a5a743894a0e4a801fc3', 'JC Fortier', 'fortier.jc@gmail.com', 1, 1, 1, now(), now());

/* Ability */
insert into ability(id, abbreviation, name, description, version, created, updated) values (1, 'For', 'Force', 'Mesure le pouvoir physique', 1, now(), now());
insert into ability(id, abbreviation, name, description, version, created, updated) values (2, 'Dex', 'Dextérité', 'Mesure l''agilité', 1, now(), now());
insert into ability(id, abbreviation, name, description, version, created, updated) values (3, 'Con', 'Constitution', 'Mesure l''endurance', 1, now(), now());
insert into ability(id, abbreviation, name, description, version, created, updated) values (4, 'Int', 'Intelligence', 'Mesure le raisonnement et la mémoire', 1, now(), now());
insert into ability(id, abbreviation, name, description, version, created, updated) values (5, 'Sag', 'Sagesse', 'Mesure la perception et la perspicacité', 1, now(), now());
insert into ability(id, abbreviation, name, description, version, created, updated) values (6, 'Cha', 'Charisme', 'Mesure la force de la personnalité', 1, now(), now());

/* Alignment */
insert into alignment(id, name, abbreviation, shortDescription, description, version, created, updated) values (1, 'Loyal Bon', 'LB', 'Fait la bonne chose attendue de la société', '', 1, now(), now());
insert into alignment(id, name, abbreviation, shortDescription, description, version, created, updated) values (2, 'Neutre Bon', 'NB', 'Fait de son mieux pour aider les autres selon ses besoins', '', 1, now(), now());
insert into alignment(id, name, abbreviation, shortDescription, description, version, created, updated) values (3, 'Chaotique Bon', 'CB', 'Agit selon sa conscience sans tenir compte des autres', '', 1, now(), now());
insert into alignment(id, name, abbreviation, shortDescription, description, version, created, updated) values (4, 'Loyal Neutre', 'LN', 'Agit en accord avec la loi, les traditions ou les codes personnels', '', 1, now(), now());
insert into alignment(id, name, abbreviation, shortDescription, description, version, created, updated) values (5, 'Neutre strict', 'N', 'Fait de son mieux en temps voulu sans prendre parti', '', 1, now(), now());
insert into alignment(id, name, abbreviation, shortDescription, description, version, created, updated) values (6, 'Chaotique Neutre', 'CN', 'Agit selon ses caprices et sa liberté personnelle', '', 1, now(), now());
insert into alignment(id, name, abbreviation, shortDescription, description, version, created, updated) values (7, 'Loyal Mauvais', 'LM', 'Prend ce qu''il veut dans les limites de la loi et des traditions', '', 1, now(), now());
insert into alignment(id, name, abbreviation, shortDescription, description, version, created, updated) values (8, 'Neutre Mauvais', 'NM', 'Fait ce qu''il peut sans compassion ni scrupule', '', 1, now(), now());
insert into alignment(id, name, abbreviation, shortDescription, description, version, created, updated) values (9, 'Chaotique Mauvais', 'CM', 'Agit avec violence stimulé par l''avidité, la haine et la soif de sang', '', 1, now(), now());
insert into alignment(id, name, abbreviation, shortDescription, description, version, created, updated) values (10, 'Aucun', 'A', 'Sans capacité de raisonnement ou de choix moral', '', 1, now(), now());

/* DamageType */
insert into damagetype(id, name, description, version, created, updated) values (1, 'Acide', 'Le souffle corrosif d''un dragon noir ou les enzymes disolvantes d''un estomac de troll.', 1, now(), now());
insert into damagetype(id, name, description, version, created, updated) values (2, 'Contandant', 'La force de frappe d''un marteau ou la chute d''une construction.', 1, now(), now());
insert into damagetype(id, name, description, version, created, updated) values (3, 'Feu', 'Le souffle brulant d''un dragon rouge ou les flammes d''un sort.', 1, now(), now());
insert into damagetype(id, name, description, version, created, updated) values (4, 'Froid', 'Le souffle gelé d''un dragon blanc ou la pointe de lance d''un diable des glaces.', 1, now(), now());
insert into damagetype(id, name, description, version, created, updated) values (5, 'Force', 'Pure énergie magique concentré pour faire des dégâts. Plusieurs sorts comme missiles magiques utilisent la force.', 1, now(), now());
insert into damagetype(id, name, description, version, created, updated) values (6, 'Électricité', 'Le souffle électrisant d''un dragon bleu ou un sort d''éclair.', 1, now(), now());
insert into damagetype(id, name, description, version, created, updated) values (7, 'Nécrotique', 'Dommage causé par les morts-vivants et certains sorts de nécromancie.', 1, now(), now());
insert into damagetype(id, name, description, version, created, updated) values (8, 'Perforant', 'Attaque de perforation et empalement incluant les lances et morsures.', 1, now(), now());
insert into damagetype(id, name, description, version, created, updated) values (9, 'Poison', 'Dards venimeux et le souffle toxique d''un dragon noir.', 1, now(), now());
insert into damagetype(id, name, description, version, created, updated) values (10, 'Psychique', 'Abileté mentale comme les flagelleurs mentaux qui utilisent la salve psionique.', 1, now(), now());
insert into damagetype(id, name, description, version, created, updated) values (11, 'Radiant', 'Pouvoir divin comme l''épée d''un ange ou la colonne de flamme d''un clerc.', 1, now(), now());
insert into damagetype(id, name, description, version, created, updated) values (12, 'Tranchant', 'Épées, haches et griffes causent des dommages tranchants.', 1, now(), now());
insert into damagetype(id, name, description, version, created, updated) values (13, 'Tonnerre', 'Éclat violent de son.', 1, now(), now());

/* Level */
insert into level (id, maxExperience, proficiencyBonus, version, created, updated) values (1, 300, 2, 1, now(), now());
insert into level (id, maxExperience, proficiencyBonus, version, created, updated) values (2, 900, 2, 1, now(), now());
insert into level (id, maxExperience, proficiencyBonus, version, created, updated) values (3, 2700, 2, 1, now(), now());
insert into level (id, maxExperience, proficiencyBonus, version, created, updated) values (4, 6500, 2, 1, now(), now());
insert into level (id, maxExperience, proficiencyBonus, version, created, updated) values (5, 14000, 3, 1, now(), now());
insert into level (id, maxExperience, proficiencyBonus, version, created, updated) values (6, 23000, 3, 1, now(), now());
insert into level (id, maxExperience, proficiencyBonus, version, created, updated) values (7, 34000, 3, 1, now(), now());
insert into level (id, maxExperience, proficiencyBonus, version, created, updated) values (8, 48000, 3, 1, now(), now());
insert into level (id, maxExperience, proficiencyBonus, version, created, updated) values (9, 64000, 4, 1, now(), now());
insert into level (id, maxExperience, proficiencyBonus, version, created, updated) values (10, 85000, 4, 1, now(), now());
insert into level (id, maxExperience, proficiencyBonus, version, created, updated) values (11, 100000, 4, 2, now(), now());
insert into level (id, maxExperience, proficiencyBonus, version, created, updated) values (12, 120000, 4, 2, now(), now());
insert into level (id, maxExperience, proficiencyBonus, version, created, updated) values (13, 140000, 5, 2, now(), now());
insert into level (id, maxExperience, proficiencyBonus, version, created, updated) values (14, 165000, 5, 2, now(), now());
insert into level (id, maxExperience, proficiencyBonus, version, created, updated) values (15, 195000, 5, 2, now(), now());
insert into level (id, maxExperience, proficiencyBonus, version, created, updated) values (16, 225000, 5, 2, now(), now());
insert into level (id, maxExperience, proficiencyBonus, version, created, updated) values (17, 265000, 6, 2, now(), now());
insert into level (id, maxExperience, proficiencyBonus, version, created, updated) values (18, 305000, 6, 2, now(), now());
insert into level (id, maxExperience, proficiencyBonus, version, created, updated) values (19, 355000, 6, 2, now(), now());
insert into level (id, maxExperience, proficiencyBonus, version, created, updated) values (20, 999999, 6, 2, now(), now());

/* Language */
insert into language (id, name, script, version, created, updated) values (1, 'Commun', 'Commun', 1, now(), now());
insert into language (id, name, script, version, created, updated) values (2, 'Nain', 'Nain', 1, now(), now());
insert into language (id, name, script, version, created, updated) values (3, 'Elfe', 'Elfe', 1, now(), now());
insert into language (id, name, script, version, created, updated) values (4, 'Géant', 'Nain', 1, now(), now());
insert into language (id, name, script, version, created, updated) values (5, 'Gnome', 'Nain', 1, now(), now());
insert into language (id, name, script, version, created, updated) values (6, 'Gobelin', 'Nain', 1, now(), now());
insert into language (id, name, script, version, created, updated) values (7, 'Halfelin', 'Commun', 1, now(), now());
insert into language (id, name, script, version, created, updated) values (8, 'Orque', 'Nain', 1, now(), now());
insert into language (id, name, script, version, created, updated) values (9, 'Abyssal', 'Infernal', 1, now(), now());
insert into language (id, name, script, version, created, updated) values (10, 'Céleste', 'Céleste', 1, now(), now());
insert into language (id, name, script, version, created, updated) values (11, 'Draconique', 'Draconique', 1, now(), now());
insert into language (id, name, script, version, created, updated) values (12, 'Profondeur', 'Elfe', 1, now(), now());
insert into language (id, name, script, version, created, updated) values (13, 'Infernal', 'Infernal', 1, now(), now());
insert into language (id, name, script, version, created, updated) values (14, 'Primordial', 'Nain', 1, now(), now());
insert into language (id, name, script, version, created, updated) values (15, 'Sylvain', 'Elfe', 1, now(), now());

INSERT INTO region (id, name, description, version, created, updated) VALUES (1,'Valbise', 'Valbise, la plus septentrionale des terres habitées par des humains, est composée de dix villes et villages peuplés d''anciens nomades, de barbares de la toundra, de rôdeurs, d''artisans, de pêcheurs des glaces, de nains vivant sous la glace et de marchands désirant acheter l''ivoire et les gemmes introuvables au sud. Les rennes, les ours polaires et les yétis y sont plus nombreux que les hommes. Les dragons blancs sont heureusement peu présents mais bien plus dangereux.',1,'2016-09-12 09:04:56','2016-09-12 09:04:56');
INSERT INTO region (id, name, description, version, created, updated) VALUES (2,'Côte des Épées Septentrionale', 'Région de montagnes côtières, de forêts et de villes couronnées de volutes de fumée, la Côte des épées septentrionale est dominée par Eauprofonde à son extrémité sud. L''Alliance des seigneurs, une ligue instable de gouvernants partageant les mêmes opinions, réunit les principales cités et communautés de la vallée du fleuve Dessarin. La Confrérie des arcanes de Luskan et L''Association des krakens s''opposent quant à elles pour le contrôle de la région par la magie, les armes et le commerce.\nCoincée entre Eauprofonde et l''Épine dorsale du monde, la Côte des épées septentrionale s''étend sur près mille kilomètres du nord au sud et de cinq cents kilomètres d''est en ouest. Aux pieds de l''extrémité ouest de l''Épine dorsale du monde se trouve Valbise, la colonie la plus au nord de cette partie de Faerûn, coincée entre la Mer des glaces flottantes et le Glacier Regh. La Longue route qui s''étend d''Eauprofonde à Mirabar délimite la partie orientale de la Côte des épées septentrionale.',1,'2016-09-12 09:11:09','2016-09-12 09:11:09');
INSERT INTO region (id, name, description, version, created, updated) VALUES (3,'Côte des Épées', 'Les terres qui s''étendent le long de la Mer des épées au sud d''Eauprofonde et au nord, à l''embouchure de la rivière Chionthar à la Porte de Baldur sont connues sous le nom de Côte des épées. Ce nom provient de la ressemblance de ces blanches falaises avec des lames éclatantes s''élevant depuis le rivage jusqu''à des hauteurs atteignant huit cents mètres et coupant la mer du reste du territoire sur des centaines de kilomètres de côtes depuis la Porte de Baldur au sud jusqu''au fleuve Dessarin juste en dessous d''Eauprofonde. Le fait que les deux plus importantes cités de la Côte des épées soient situées chacune de part et d''autre de ces hautes falaises n''est pas le fruit du hasard, car ce sont les seuls points d''ancrage praticables sur des centaines de kilomètres.',1,'2016-09-12 09:11:49','2016-09-12 09:11:49');
INSERT INTO region (id, name, description, version, created, updated) VALUES (4,'Eauprofonde', 'Eauprofonde est une puissance cosmopolite majeure de Faerûn. Elle bénéficie d''un excellent port, d''un régime sage et tolérant, et d''une solide tradition magique qui produit de puissants magiciens du bien, plus que du mal. Eauprofonde abrite au moins un exemplaire de tout et n''importe quoi. Le surnom de la ville, la cité des splendeurs, n''est jamais dit avec sarcasme. Tout le monde sait qu''Eauprofond est une merveille et que la vie y est meilleure (ou du moins plus excentrique). Eauprofonde contrôle la région sur cinquante à soixante kilomètres à la ronde. Eauprofonde est divisée en quartiers qui contiennent eux-mêmes d''innombrables commerces, habitations et bâtiments.',1,'2016-09-12 09:16:34','2016-09-12 09:16:34');
INSERT INTO region (id, name, description, version, created, updated) VALUES (5,'Amn', 'L''Amn est une nation de marchands, un lieu d''où partent les caravanes et où elles arrivent, d''où les bateaux prennent la mer pour des Contrées exotiques et où ils reviennent chargés d''or et d''objets étranges. Les Voleurs de l''ombre y ont la mainmise sur tout et ses dirigeants sont un groupe anonyme connu seulement sous le nom de Conseil des Six. Les jeteurs de sorts de magie divine y sont respectés si leur travail rapporte de l''argent à l''Amn alors que les utilisateurs de magie profane y sont universellement rejetés et craints. L''Amn est une grande plaine située entre deux chaînes de montagne parallèles. Quatre fleuves larges et calmes coulent à travers ses basses plaines, chargés de marchandises.',1,'2016-09-12 09:19:14','2016-09-12 09:19:14');
INSERT INTO region (id, name, description, version, created, updated) VALUES (6,'Téthyr', 'Le Téthyr a récemment émergé d''une guerre civile de dix ans avec deux nouveaux monarques. Le règne fort de la reine gouvernante Zaranda Étoile Rhindaun et du roi Haedrak III (qui servit à Valombre des années durant comme scribe pour l''archimage Elminster sous le nom de Lhaco) est en train de faire renaître l''espoir sur une terre cynique, suspicieuse et dévastée par la guerre. Le Téthyr est en train de prospérer, établissant des liens avec des voisins hésitants, et repoussant les monstres hors de ses frontières. Sa situation politique connaît encore de nombreuses intrigues et le peuple ne fait pas confiance aux organisations qui admettent se mêler des affaires des autres (telles que les Ménestrels). Les elfes des bois restent prudents vis-à-vis des nouveaux dirigeants, en effet les trois derniers rois ont pensé s''occuper de la forêt avec des haches, du feu et des épées. En termes de superficie, le Téthyr est l''un des plus grands royaumes de Faerûn. La majorité de ses vastes plaines et de ses forêts étendues n''est que peu habitée.',1,'2016-09-12 09:21:21','2016-09-12 09:21:21');
INSERT INTO region (id, name, description, version, created, updated) VALUES (7,'Calimshan', 'Le Calimshan est un pays obsédé par la richesse et que la magie n''impressionne pas. Ses habitants, sont les héritiers d''un vieil empire fondé par les génies ; ils craignent les créatures de ce genre et les bannissent de leurs terres. Familiers des démonstrations de magie, ils perçoivent l''Art comme une compétence parmi d''autres que l''on peut apprendre. Certains disent que le sang des éfrits coule dans les veines de certains Calishites, leur donnant des pouvoirs d''ensorceleur et un talent certain pour la magie du feu.\nLe Calimshan est renommé pour son chauvinisme, ses marchés exotiques, ses guildes de voleurs, ses harems décadents, ses paysages désertiques et sa riche classe dirigeante, de même que pour son énorme population et ses nombreux esclaves. Le Calimshan s''étend le long de la côte nord de la Mer étincelante sur plus de huit cents kilomètres et inclut toutes les terres au sud du fleuve Agis et des Montagnes mouvantes.',1,'2016-09-12 09:22:44','2016-09-12 09:22:44');
INSERT INTO region (id, name, description, version, created, updated) VALUES (8,'Iles Nélanthères', 'Les îles Nélanthères sont un groupe dispersé d''environ un millier d''îles éparpillées depuis Amn jusque dans la Mer inviolée. Plus de la moitié de ces îles ne possède aucune source d''eau potable et n''accueille donc que des épaves de bateaux. Les quelques centaines d''îles qui possèdent des sources d''eau potable et qui peuvent accueillir la vie se trouvent au centre des combats qui opposent les pirates s''attaquant aux navires marchands d''Amn, de Calimshan, de la Côte des épées et des îles Moonshae.\nMis à part leur dépendance à la violence et au vol, les îles Nélanthères ont étonnamment peu de choses en commun avec les îles pirates de la Côte des dragons. Les îles pirates sont majoritairement peuplées par les humains, tandis que les pirates des îles Nélanthères sont des non humains comme des orques, des hommes-lézards, des ogres et des minotaures. Les différentes races ou factions des pirates des Nélanthères se font aussi souvent la guerre qu''ils la font aux étrangers. À l''exception de la mer elle même et des innombrables îles rocheuses des Nélanthères, il n''existe ici aucun lieu géographique particulier. Aucune île n''est suffisamment grande ou colonisée pour mériter une description spécifique.',1,'2016-09-12 09:24:36','2016-09-12 09:24:36');
INSERT INTO region (id, name, description, version, created, updated) VALUES (9,'Iles Moonshae', 'Les îles Moonshae sont un groupe d''îles rocheuses enveloppé par les brumes, recouvert par des bois touffus et composé de marécages et de montagnes élevées sur lesquelles vivent de nombreux animaux ainsi que deux races d''humains qui-se les partagent. La partie nord des îles est dirigée par des marins nordiques qui descendent des pillards de Ruathym. Une race humaine aux cheveux et à la peau sombres, le peuple, vit sur les îles depuis très longtemps et contrôle la partie sud. Le peuple prospère dans une dizaine de petits royaumes dirigés par une Haute Reine.\nLes nordiques et le peuple passaient autrefois leur temps à s''attaquer, en particulier à cause de la tendance au pillage sanguinaire des nordiques, L''ascension du Haut Roi Tristan Kendrick permit d''unifier les deux peuples des îles Moonshae. La fille de Tristan, la Haute Reine Alicia, a réussi à conserver son royaume en dépit des guerres intestines opposant les petits seigneurs. En comparaison des nations du continent de Faerûn, les îles Moonshae ont vécu plusieurs décennies de paix relative.',1,'2016-09-12 09:26:07','2016-09-12 09:26:07');
INSERT INTO region (id, name, description, version, created, updated) VALUES (10,'Cormyr', 'Fondé il y a plus d''un millier d''années, le royaume du Cormyr s''est enrichi grâce à une monarchie éclairée, des habitants travailleurs et un emplacement géographique avantageux. Le Cormyr est une région civilisée entourée de montagnes, de forêts et de colonies de créatures humanoïdes malfaisantes. Réputé pour son armée bien entraînée et pour son dynamique groupe de jeteurs de sorts consacré par le gouvernement, le Cormyr se targue de posséder une gastronomie délicate, un peuple honnête, d''étranges mystères et de: nombreux liens avec les autres pays du monde. Récemment mis à rude épreuve par de perfides familles nobiliaires, des armées de gobelins et d''orques, la famine, un vénérable dragon rouge en maraude et la mort de son monarque bien-aimé, le Cormyr lutte aujourd''hui pour conserver ses possessions. Avec l''une de ses cités en ruine et un grand nombre de créatures humanoïdes errant dans la campagne, cette nation a aujourd''hui besoin d''individus pleins de ressources désireux de défendre la couronne et de s''opposer à ses ennemis. Le Royaume forestier est un pays vallonné, vert et agréable, encadré par des montagnes et bien nourri par ses propres fermes et ses communautés agricoles. Des forêts anciennes, profondes et verdoyantes dominent le paysage et sont l''élément remarquable du pays.',1,'2016-09-12 09:28:07','2016-09-12 09:28:07');
INSERT INTO region (id, name, description, version, created, updated) VALUES (11,'Contrées du Mitan Occidentales', 'Les Contrées du Mitan Occidentales couvrent une vaste région comprise entre les Cornes des tempêtes de Cormyr et la Côte des épées au sud d''Eauprofonde, depuis les Marécage du lézard au nord-ouest jusqu''à la Lande isolée au bord de l''Anauroch au nord-est. Bérégost au sud, les Arpents verts au sud-ouest, et Estant à la frontière de la Côte des dragons au sud-est en constituent les limites méridionales.\nPour les conducteurs de caravanes d''Amn et de Sembie, les Contrées du Mitan Occidentales sont réputées pour s''étendre sur « des kilomètres et des kilomètres et des kilomètres ». Ses plaines herbeuses battues par les vents longent d''infranchissables tourbières, terres stériles, collines à perte de vue, de hautes landes et des forets isolées, grouillant de monstres. Les fermiers, les peuples frontaliers, les habitants dés villes fortifiées et autres âmes courageuses qui vivent ici sont suffisamment forts et indépendants pour survivre sur un territoire où les compétences et l''intelligence se montrent bien plus utiles que l''appartenance à une certaine lignée. Les Contrées du Mitan Occidentales forment le foyer de dizaines de cités fortifiées distinctes, d''enclaves raciales, de villes agricoles, de monastères, de bastions fortifiés et de domaines défendus par les armes.\nLes Contrées du Mitan Occidentales accueillent favorablement les aventuriers ambitieux. Une dizaine d''empires en pièces ont tenté de conquérir et de dominer la région, laissant derrière eux les murailles bâties par les vagues successives de monarques en puissance. D''autres y abandonnèrent des trésors, une magie élaborée et dangereuse ou les deux. Contrairement aux régions surpeuplées des Contrées du Mitan et du Nord, relier chaque agglomération des Contrées du Mitan Occidentales nécessite de longs voyages par voie de terre - mais, au moins, nul ne risque de mourir de froid au cours du périple.',1,'2016-09-12 09:29:52','2016-09-12 09:29:52');
INSERT INTO region (id, name, description, version, created, updated) VALUES (12,'Côte des Dragons', 'La Côte des dragons représente les terres et îles situées sur le rivage sud d''une partie de la Mer des étoiles déchues. Elle est davantage l''appellation d''un style de vie que d''une région géographique aux yeux de ses trois puissantes cités-états, de ses quelques sept guildes de voleurs principales, de ses dizaines de groupes de pirates et des agents des sociétés secrètes les plus sombres de Faerûn qui y vivent et y travaillent.\nAux yeux des étrangers qui ne connaissent pas les règles de la Côte des dragons, celle-ci est un nid de vautours et de voleurs situé au centre même de routes commerciales idéales. Pour les initiés (les marchands sembiens rusés, les roublards malins et les chefs de caravane qui n''ont pas peur de graisser quelques pattes^ la Côte des dragons est l''endroit parfait pour faire avancer les choses... pour faire avancer toutes les choses. Comme les Sembiens ont coutume de dire : « Tout le monde a un prix, et ce prix est bien plus raisonnable sur la Côte des dragons ». Ici, personne ne méprise personne - mais personne ne fait confiance à personne.',1,'2016-09-12 09:31:26','2016-09-12 09:31:26');
INSERT INTO region (id, name, description, version, created, updated) VALUES (13,'Sembie', 'La Sembie est une contrée de marchands expérimentés bien accrochés aux rênes du pouvoir et de jeunes négociants intriguant pour en prendre le contrôle. Les Seinbiens adorent l''art du commerce qui consiste à remporter un marché par la négociation plutôt que par le mensonge et la tricherie. Bien que la Sembie ne contrôle pas une part aussi importante du commerce faerûnien que l''Amn, le commerce contrôle la Sembie bien plus qu''il n''exerce d''influence sur l''Amn.\nContrairement aux brigands des cités de la Mer de lune et des îles pirates, les Sembiens respectent généralement les contrats, dettes et autres intérêts. Habituellement, ils observent également les lois, exploitant les failles qui se présentent à eux et que d''autres n''auraient jamais découvertes.\nLa Sembie se voit comme une nation jeune, dynamique et expansionniste. Elle a déjà coopté l''un des Vaux, anciennement nommé Valune et en a même fait sa nouvelle capitale : la cité d''Ordulin. Mais l''élite sembiene ne cherche que trop à tirer la couverture à elle pour s''unir derrière une ligne politique étrangère ou quelque seigneur de guerre, La Sembie profite de sa position géographique (côte nord-ouest de la Mer des étoiles déchues) pour faire office de courtier de commerce entre le nord et le sud de Faerûn. Les Zhents de la Mer de lune commercent également avec d''autres pays, mais les Sembiens ne les voient guère comme de réels concurrents. En effet, une bonne partie du commerce des Zhents passe à un moment ou un autre par les ports sembiens, en général Ordulin. Les Sembiens ne considèrent pas les Zhents comme une menace magique. Ceci dit, le plus gros souci des Sembiens est le mercantilisme magique des Magiciens Rouges de Thay. Le Conseil de Sembie n''a guère d''intérêt à voir Thay se frayer un chemin sur d''anciens marchés sembiens en proposant,des articles magiques que les Sembiens ne sauraient dupliquer.',1,'2016-09-12 09:32:23','2016-09-12 09:32:23');
INSERT INTO region (id, name, description, version, created, updated) VALUES (14,'Vaux', 'Les Vaux sont de grandes vallées forestières composées de terres cultivées et vallonnées qui sont reliées entre elles par des routes marchandes traversant des bois splendides. Dotés d''un sol fertile et d''un climat tempéré (à l''exception des hivers extrêmement rudes), les Vaux sont le grenier des Contrées du Mitan. L''esprit d''indépendance des Vaux et leur longue alliance avec les elfes de Cormanthor ont fait de cet endroit le lieu de naissance historique ou la résidence préférée de nombreux des plus grands héros de Faerûn.\nOnze vaux différents existent aujourd''hui, chacun possédant son propre territoire, gouvernement (ou absence de gouvernement), milice, pactes commerciaux, ambitions et psychologie. Valarchen et Valherse privilégient par-dessus tout le commerce. Valmoisson privilégie l''industrie et l''artisanat. Valdague se retrouve seul face à un puissant ennemi, tandis que Valbalafre lutte pour recouvrer son indépendance après des années d''occupation. Pendant ce temps, les autres vaux continuent de respecter l''ancien Pacte des Vaux, préférant mener leur existence en solitaire.',1,'2016-09-12 09:33:17','2016-09-12 09:33:17');
INSERT INTO region (id, name, description, version, created, updated) VALUES (15,'Mer de Lune', 'La Mer de lune elle-même est un lac naturel profond situé au nord des Vaux et à l''ouest du Vaste, connecté à la Mer des étoiles déchues par le fleuve peu profond et marécageux de Lis. Le nom de « Mer de lune » s''applique tant au lac qu''à ses environs, qui s''étirent au sud jusqu''à l''embouchure du Lis où le fleuve coule vers le Bief du dragon ; à l''ouest jusqu''aux Montagnes de l''échine du dragon ; au nord jusqu''aux steppes glacées de la Chevauchée, à Thar et à la Terre torturée ; et à l''est jusqu''aux Montagnes des galènes et les Contreforts de la terre. La région de la Mer de lune contient une quantité immense de richesses minérales pour ceux qui sont suffisamment hardis pour braver ses périls. L''endroit est infâme que ce soit par ses mornes paysages, ses durs hivers, ses dragons ravageurs, ses pirates et ses gouvernements locaux rapaces. Certaines des cités les plus agressives de Faerûn se dressent sur la côte de la Mer de lune : Montéloy, Mulmastrc et Château-Zhentil.\nPartout où un gouvernement existe dans la région, il gouverne avec une poigne d''acier. Les tombes, les ruines et les repaires de monstres abondent, tout comme les intrigues complexes et les tyrans déloyaux. Le cri de guerre de la région est bien choisi : « Ose et méfie-toi ! ».',1,'2016-09-12 09:33:53','2016-09-12 09:33:53');
INSERT INTO region (id, name, description, version, created, updated) VALUES (16,'La chevauchée', 'Ces steppes exposées se trouvent entre les Montagnes de l''échine de dragon, la Forêt de l''orée et les terres grises de Thar. C''est la patrie de fières tribus de cavaliers barbares qui considèrent quiconque entre sur leurs terres comme un gibier raisonnable. Bien que les tribus se combattent souvent entre elles, elles s''unissent rapidement contre une menace extérieure comme lorsque le Zhentarim marcha sur Brillant en 1352 CV. Des mines parrainées par Château-Zhentil et Melvonte criblent les pentes montagneuses au nord des froides plaines.',1,'2016-09-12 09:34:27','2016-09-12 09:34:27');
INSERT INTO region (id, name, description, version, created, updated) VALUES (17,'Vaasie', 'Ces terres, désertiques de landes et de toundras gelées étaient le siège du pouvoir de. la liche maléfique Zhengyi le Roi-Sorcier jusqu''à ce qu''elle soit vaincue par un groupe d''aventuriers. La Vaasie est à nouveau un pays isolé où sont disséminées de vieilles fermes et de nombreux humanoïdes maléfiques et autres monstres. L''hospitalité quasi nulle du pays est contrebalancée par sa richesse inexploitée car les montagnes de Vaasie regorgent de métaux et de gemmes, en particulier des héliotropes. Des kilomètres de versants montagneux n''ont jamais été touchés par la civilisation et de nombreux prospecteurs bien armés s''y rendent en espérant découvrir des gemmes, aussi grosses que le poing d''un homme — et survivre suffisamment longtemps pour pouvoir les revendre. Entourée de montagnes et du Grand glacier, la Vaasie est virtuellement isolée du reste de Faerûn.',1,'2016-09-12 09:35:07','2016-09-12 09:35:07');
INSERT INTO region (id, name, description, version, created, updated) VALUES (18,'Plaines étincelantes', 'Vaste prairie d''herbe sèche, qui tient son nom des vagues de chaleur tremblante qui s''en élèvent durant presque toute l''année. C''est là que s''étendent les villes humaines d''Assam, de Lheshayl et d''Ormath, ainsi que les nombreuses tribus de centaures et de wemics, parmi lesquelles la tribu wemic Tcnpaw est la plus connue. La population totale du territoire atteint environ 423 000 habitants,',1,'2016-09-12 09:39:41','2016-09-12 09:39:41');
INSERT INTO region (id, name, description, version, created, updated) VALUES (19,'Chondath', 'En s''attardant sur le Chondath actuel, une poignée de cités-états et de villes disséminées le long de la côte méridionale de la Mer des étoiles déchues, il est difficile de croire que c''est la même nation qui a donné naissance aux marchands ayant fondé la très dynamique nation de Sembie. La plupart des autres cités du Bief de Vilhon faisaient autrefois partie de son empire ou subissaient la loi de ses cruelles armées. À présent, le Chondath n''est plus qu''une terre desséchée par sa déchéance, les ambitions dévorantes de ses dirigeants et les ennemis qui l''entourent.\nLes activités commerciales y entretiennent un flot constant de marchandises en provenance de lointains territoires et imposent une plus grande acceptation des différences de coutumes et des étrangers que ne pourraient l''espérer ses visiteurs.',1,'2016-09-12 09:40:44','2016-09-12 09:40:44');
INSERT INTO region (id, name, description, version, created, updated) VALUES (20,'Sespech', 'Le Sespech est une baronnie située à l''extrême sud-ouest du Bief de Vilhon. Autrefois compris dans le Chondath, le Sespech maintient son indépendance par sa puissance navale et ses talents diplomatiques.\nLe baron Aldorn Thuragar, quelquefois appelé « Broyeur d''ennemi », est à la tête du Sespech. Jadis un aventurier courageux, Thuragar s''appuie sur plusieurs de ses vieux compagnons de périple, l''Alliance de fer, pour gouverner le pays. Le Sespech s''étend depuis le fleuve Arran à l''est jusqu''au fleuve Naga à l''ouest et au sud jusqu''aux Plaines dorées.',1,'2016-09-12 09:41:22','2016-09-12 09:41:22');
INSERT INTO region (id, name, description, version, created, updated) VALUES (21,'Turmish', 'Le Turmish s''étend au nord-ouest du Bief de Vilhon. Il s''agit d''une terre agricole riche, fertile, ponctuée de villages et de quelques villes paisibles, civilisées et bien gérées. Les champs à perte de vue sont séparés par des haies ou des rangées serrées d''arbres, qui laissent toute latitude aux créatures sauvages. Les montagnes qui s''élèvent à l''ouest abritent des orques, des kobolds et d''autres monstres, mais ils s''attaquent rarement au Turmish, car des groupes de mercenaires bien organisés lui servent de milice locale.\nLes ressortissants du Turmish ont l''excellente réputation de se montrer très loyaux en affaires et sont les bienvenus partout autour de la Mer intérieure. Cette région est remarquablement populaire parmi les aventuriers malgré la rareté des monstres. Les trésors enfouis y abondent (du moins si on en croit les récits des bardes) et la région regorge de ruines et de territoires inviolés à explorer. La frontière occidentale du Turmish est constituée par les Orsraunes, celle au sud par les Montagnes Aphrunn et celle au nord par la Mer des étoiles déchues.',1,'2016-09-12 09:42:27','2016-09-12 09:42:27');
INSERT INTO region (id, name, description, version, created, updated) VALUES (22,'Vaste', 'Le Vaste est une région verdoyante propice à la chasse et aux cultures, sur la rive orientale du Bief du dragon, connu principalement pour ses ports prospères : le dangereux Calaunt, le versatile Tantras, Corbentre, le refuge des aventuriers et le strict Procampur. Les orques et les nains luttent pour la suprématie sur les montagnes proches. Les raids lancés par des orques dans les vallées sont rares mais suffisamment dévastateurs pour que la population humaine se concentre le long de la côte. Les intrigues entre factions rivales et l''abondance des ruines laissées par les nains attirent les aventuriers.\nGrâce à la Mer des étoiles déchues, le Vaste bénéficie d''un climat tempéré tout au long de l''année, les étés y étant longs et frais et les hivers courts et doux. La majeure partie du Vaste est composée de terres cultivées à perte de vue, les champs étant divisés par des murs bas de rocaille. De petites portions boisées apparaissent au milieu des fermes. Des dizaines de ruisseaux et de torrents s''entrecroisent, mais ils rejoignent rarement un cours d''eau supérieur. Ils aboutissent le plus souvent à des mares qui s''infiltrent dans le sous-sol et forment de petites rivières souterraines convergeant au niveau de la Mer intérieure. La configuration en puzzle des cours d''eau est due à l''inclinaison et à la brisure des plaques de roche qui tapissent le sous-sol du Vaste. Les petits trous d''eau, les cavernes et les crevasses y sont nombreux. La Mer des étoiles déchues borde le Vaste par l''ouest et le sud. Les Contreforts de la terre délimitent les frontières orientales et septentrionales du pays.',1,'2016-09-12 09:43:23','2016-09-12 09:43:23');
INSERT INTO region (id, name, description, version, created, updated) VALUES (23,'Impiltur', 'L''impiltur est un royaume peuplé de marchands amicaux, résolument pacifistes, mais qui ne rechignent pas à se livrer à des actes de guerre intéressés, si nécessaire. Tandis que les Impilturiens défendent vigoureusement leurs frontières, le gouvernement demeure traditionnellement neutre et n''entretient aucune alliance tactique avec les nations voisines. Les Impilturiens accueillent dans leurs ports toutes sortes de matières premières en provenance des nations voisines du nord et de produits exotiques.\nL''impiltur est souvent appelé « le Royaume oublié » par les autres Faerûniens. Comme les royaumes nordiques, il est ponctué de mines et de pinèdes, mais aucun tyran ou sorcière n''envoie d''armée pour attaquer les pays voisins. Son commerce par voie fluviale passe par l''intermédiaire soit de la Sembie soit de Telflamme, ce qui fait que l''origine impilturiene des objets en cuivre et des barres defer ou d''argent n''est pas connue de leurs acquéreurs. L''Impiltur constitue également la voie d''accès vers la prospère Damarie et une terre exploitée de plus en plus intensivement par des fermiers, qui commencent à exporter de la viande fumée, du fromage et de l''étouffeu (un vin de table à la saveur forte et aigre aux grands pouvoirs enivrants)\nL''Impiltur est en paix avec ses voisins, mais ses armées sont constamment sur le qui-vive, du fait des raids permanents lancés par des orques, des bandits et des hobgobelins depuis les Contreforts de la terre, des monstres attirés par les mines et la prospection du sous-sol et des intrigues fomentées dans les cités locales par des agents de Thay et le nouveau et impétueux clergé de Shar. L''impiltur s''étend entre la Mer des étoiles déchues et les Contreforts de la terre.',1,'2016-09-12 09:44:11','2016-09-12 09:44:11');
INSERT INTO region (id, name, description, version, created, updated) VALUES (24,'Damarie', 'Au nord d''Impiltur et à l''est de la Mer de lune se trouve le royaume autrefois puissant de Damarie qui se reconstruit aujourd''hui peu à peu après des décennies de guerre contre ses voisins, les orques et les gnolls vivant dans les montagnes. Tolérant à l''égard de toutes les races et de la majorité des religions, ce pays se montre amical avec les visiteurs, en particulier ceux qui possèdent des facultés pour tuer les monstres. Les individus intéressés par la politique et l''aventure trouveront ici de grandes opportunités pour les satisfaire.\nLa Damarie entretient des relations amicales avec ses voisins et son commerce de gemmes, qui repose sur ses généreuses mines de calcédoines (la plus connue étant l''héliotrope, une gemme verte à taches rouges), est florissant. Les dirigeants de la Damarie se méfient cependant du pays voisin de Vaasie et ils se sont préparés à affronter toute étrange menace qui pourrait y apparaître. \nLes quelques routes de Damarie sont généralement impraticables en hiver, mais les fleuves permettent de relier les terres isolées à la capitale. Au cours des mois estivaux, les navires équipés de quilles et les barges naviguent sur les eaux froides et rapides des fleuves, tandis qu''en hiver les fleuves gelés servent de routes pour les luges et les traîneaux tirés par des chevaux.',1,'2016-09-12 09:45:13','2016-09-12 09:45:13');
INSERT INTO region (id, name, description, version, created, updated) VALUES (25,'Narfell', 'Pays où ne survivent que les plus forts, Narfell est une terre stérile recouverte uniquement d''herbes difformes. Les gens de Narfell sont regroupés en tribus que l''on appelle les Nars, de féroces cavaliers croyant que tous les individus sont jugés sur leurs actions. Leur devise, « par les actes et non par le sang », proclame leur mépris envers les personnes s''attendant à de la déférence envers leur « noble » naissance. Certaines de ces tribus se sont montrées hostiles envers les étrangers, mais elles oublient leurs différences une fois l''an pour leur grand rassemblement commercial.\nOutre ses cavaliers, Narfell abrite également des yetis de la toundra (des gorilles sanguinaires) et des hordes de hobgobelins vivant dans les montagnes. L''ancienne Narfell était une puissante nation dirigée par des magiciens qui périrent dans les guerres contre l''empire aujourd''hui déchu de Raumathar. Les barbares de l''actuelle Narfell se souviennent peu de leur passé civilisé, mais il arrive parfois que les Nars découvrent d''anciennes cités englouties, ''chacune contenant de puissants objets magiques guerriers.',1,'2016-09-12 09:45:46','2016-09-12 09:45:46');
INSERT INTO region (id, name, description, version, created, updated) VALUES (26,'Grand-Val', 'Ne représentant guère plus que deux vastes forêts et une bande de terre comprise entre elles deux, cette région est occupée par des fermiers isolés, d''hostiles et inamicaux druides et des rôdeurs réservés. Le peuple du Grand-Val entretient peu de rapports avec l''extérieur et leurs échanges se limitent à se procurer les quelques objets de fer qu''ils ne peuvent forger eux-mêmes en échange d''herbes médicinales, d''ustensiles d''alchimie et d''objets en bois de qualité exceptionnelle. Le sol y est fertile et adapté à l''agriculture, mais rares sont ceux, en dehors des druides, qui y résident.\nLe mystérieux Xentyarch, un puissant druide ou ensorceleur, vit dans son château d''arbres vivants et met à mort tout visiteur éventuel. Aucun étranger ne connaît la nature de ses activités ou s''il gouverne la région, et le peuple du Grand-Val n''offre pour toute réponse à ce type de question qu''un haussement d''épaules gêné. Les druides tolèrent le passage de la voie commerciale entre leurs forêts uniquement parce que les caravaniers qui l''empruntent savent que s''ils perturbent la quiétude de la forêt, ils risquent la mort et, par conséquent, ne s''y aventurent pas. Grand-Val s''étend depuis le Bief oriental de la Mer intérieure jusqu''au grand Lac Cendrane à la frontière du Rashemen.',1,'2016-09-12 09:46:52','2016-09-12 09:46:52');
INSERT INTO region (id, name, description, version, created, updated) VALUES (27,'Rashemen', 'Le Rashemen est une terre froide et au relief accentué, peuplée d''habitants robustes et farouchement indépendants. Ce sont des guerriers impétueux, dédaignant le port de l''armure et combattant à l''aide de haches, de lances, d''épées et d''arcs. Les femmes maîtrisent une puissante magie liée à la terre, formant ceux qui sont dotés d''un potentiel magique à servir la terre et la race rashemi. Bien que le Rashemen soit ostensiblement dirigée par un guerrier puissant, appelé le Seigneur de fer, le véritable pouvoir derrière le trône est celui des Sorcières, qui choisissent le Seigneur de fer.\nLa terre regorge d''esprits de la nature, qui peuvent individuellement entretenir une jalousie ou de l''agressivité envers ceux qui les offensent. Les lois rashemi sont simples et fondées sur le code de l''honneur. Ceux-ci méprisent les pièges de la civilisation. Le peuple est dévoué à l''idéal du guerrier, se mesurant dans des tournois athlétiques ou d''autres disciplines physiques très exigeantes comme la nage en eau glaciale. Ainsi entretiennent-ils leur force, car la faiblesse les condamnerait à une mort certaine, sous les griffes des nombreux monstres qui hantent leur pays.',1,'2016-09-12 09:48:46','2016-09-12 09:48:46');
INSERT INTO region (id, name, description, version, created, updated) VALUES (28,'Thesk', 'Thesk est une terre de fourbes, mais amicaux, marchands et de fermiers de talent. La voie commerciale qui mène au territoire lointain de Kara-Tur permet aux Theskiens de côtoyer toutes sortes de peuples et d''interagir avec de nombreuses cultures, faisant de Thesk l''une des nations les plus tolérantes de Faerûn. Après avoir été décimé par la horde tuigane, le peuple de Thesk reconstruisit ses cités et ses villes et a même accueilli l''armée des orques abandonnée par le Zhentarim.\nLa familiarité des Theskiens avec les produits de qualité et d''origine indéterminées leur donne la faculté de jauger précisément les objets. Le fait que la magie profane soit rare sur le territoire, combiné à l''influence des Maîtres de l''ombre (une guilde de voleurs soutenue par l''Église de Mask) procure à Thesk une autre envergure que celle d''un simple royaume de marchands parmi tant d''autres.',1,'2016-09-12 09:49:25','2016-09-12 09:49:25');
INSERT INTO region (id, name, description, version, created, updated) VALUES (29,'Aglarond', 'Le respect qu''inspire l''Aglarond tient au rôle actif qu''il joue dans la préservation de la partie civilisée de Faerûn contre les Magiciens Rouges et à son potentat ensorceleur, la puissante Simbule. Ces particularités mises à part, il y a peu à dire de l''Aglarond, si ce n''est qu''il s''agit d''une terre baignée d''ancienne magie et qui abrite l''une des plus vastes communautés demi-elfes au monde. Son armée défend ses frontières contre Thay et ses adroits rôdeurs parcourent ses confins en quête de troubles éventuels. Les anses qui bordent les côtes rocheuses de l''Aglarond sont ponctuées de villages de pêcheurs et, depuis que la Simbule a déclaré que tous les pirates devaient être considérés comme des agents de Thay (et mis à mort en cas de capture), les eaux qui baignent l''Aglarond sont devenues très sûres. C''est l''un des rares royaumes à interdire aux Magiciens Rouges l''établissement d''enclaves à l''intérieur de ses frontières. L''Aglarond forme une péninsule boisée s''étendant à l''ouest jusqu''au milieu de la Mer des étoiles déchues. Il sépare le Bief oriental de la Mer d''Alambre.',1,'2016-09-12 09:49:58','2016-09-12 09:49:58');
INSERT INTO region (id, name, description, version, created, updated) VALUES (30,'Chessenta', 'Ce groupe de villes considéré comme une seule nation par le reste de Faerûn, est en fait tout sauf uni. Les cités se font la guerre les unes les autres à propos de vieux affronts, de philosophies divergentes ou de systèmes économiques différents. Les aventuriers et les compagnies de mercenaires ont la belle vie ici, embauchés par divers gouvernements pour participer à des attaques furtives, planifier des stratégies ou organiser des protections. La culture de Chessenta est empreinte du concept de conflit physique. Les héros de guerre sont hautement estimés. Cette nation est amicale avec les nains et les demi-orques mais mal à l''aise avec les elfes. Les Chessentiens apprécient l''art et sont de grands admirateurs du théâtre. En nombre, la profession de barde vient donc juste après celle de guerrier. Chessenta occupe un plateau, une plaine fertile entourant la grande Baie de Chessenta, dans le sud-ouest de la Mer des étoiles déchues. Des montagnes escarpées et des hautes terres accidentées délimitent les frontières orientale, australe et occidentale.',1,'2016-09-12 09:50:47','2016-09-12 09:50:47');
INSERT INTO region (id, name, description, version, created, updated) VALUES (31,'Lac de Vapeur', 'Avec des cités-états indépendantes sur ses côtes septentrionales et une succession de petits pays fondés ou conquis par des individus aux races, croyances et objectifs variés au sud, le Lac de vapeur est un mélange confus d''intérêts variés, de marchés animés et de frontières sans cesse changeantes. La majorité des cités du nord faisait autrefois partie du Calimshan et elles ont hérité de leurs lointains parents un goût pour la richesse, le confort et l''influence ; de même qu''un fort sentiment d''indépendance. Les intrigues qui se trament autour de ces cités amènent les observateurs à surnommer la rive nord « la Mer de lune méridionale ».\nLes Royaumes frontaliers de. la côte méridionale abritent de puissants aventuriers venus de divers horizons. Chacun cherche à se tailler une part/de terre et à, la gouverner de la façon qu''il pense être la bonne... tout du moins jusqu''à ce que le souverain suivant décide de prendre les rênes. Des tours de magiciens, des monastères, des forteresses et des temples sont disséminés le long des Royaumes frontaliers, leurs propriétaires changeant sans cesse.\nAu sud du Lac de vapeur, sur les côte orientales de la Mer étincelante, se trouve le royaume de Lapaliiya, un carrefour entre les plaines du Shaar, les jungles de Chult et le verdoyant Lac de vapeur. Le lac lui-même et la Mer étincelante située au sud du Lac de vapeur, ainsi que les forêts l''entourant, constituent les principales particularités géographiques de la région.',1,'2016-09-12 09:51:55','2016-09-12 09:51:55');
INSERT INTO region (id, name, description, version, created, updated) VALUES (32,'Shaar', 'Le Shaar est une gigantesque prairie onduleuse s''étendant de la Mer étincelante aux lointaines contrées orientales. Le civilisation n''a quasiment aucune prise sur l''endroit. Les nomades humains (la douzaine de tribus environ) et inhumains, comme les centaures, gnolls et wemics, peuplent le Shaar. Les wemics chassent, les Shaaricns humains élèvent des rothés et chevaux et les gnolls se livrent au pillage. La terre fournit de magnifiques fourrages mais ne convient guère à l''agriculture. Il ne s''agit pas d''un désert, mais la région cuit le jour et gèle la nuit\nLes Shaariens humains s''écartent rarement en grand nombre de leurs plaines ancestrales, principalement parce que leurs chevaux chéris ne vont pas bien en dehors du Shaar. En effet, les chevaux shaariens sont plus forts et rapides que ceux des autres régions de Faerûn, du moins tant qu''ils parcourent leurs prairies natales. Les grands chevaux tombent malades et meurent quand ils ne paissent pas l''herbe qui ne pousse que dans les vastes plaines du Shaar. Les Shaariens l''ont compris et peu acceptent de laisser derrière eux leur culture d''origine pour sillonner Faerûn. D''autres types de paysages viennent parfois rompre la monotonie des plaines ondulées, parmi lesquels de petites dunes de sable et des vallées regorgeant de lacs minuscules et de vie sauvage. Des oasis miniatures renferment les vestiges de civilisations disparues. Nombre d''entre elles abritent également des campements de nomades.',1,'2016-09-12 09:53:20','2016-09-12 09:53:20');
INSERT INTO region (id, name, description, version, created, updated) VALUES (33,'Chult', 'Située à l''extrémité ouest de la péninsule de Chult, Chult est une jungle montagneuse abritant des monstres primitifs, d''imposants dinosaures et des marais infestés par les maladies. Des tribus humaines recluses, de féroces gobelins et d''étranges individus monstrueux hantent ces terres dangereuses. Malgré ces nombreux dangers, Chult attire les aventuriers en quête de richesses légendaires. La divinité Ubtao est vénérée sous divers aspects à travers le pays car les puissances divines de Faerûn lui donnèrent les terres de Chult en échange de sa promesse de surveiller le danger provenant des Pics enflammés. Les célèbres jungles recouvrent la majorité de l''extrémité ouest de la péninsule de Chult Seules quelques hautes montagnes parviennent à se dresser au-dessus de la canopée verdoyante, mais il existe tout de même de grandes clairières et de vastes prairies marécageuses autour des grands lacs occupant le centre des jungles.',1,'2016-09-12 09:54:26','2016-09-12 09:54:26');
INSERT INTO region (id, name, description, version, created, updated) VALUES (34,'Tashalar', 'Plus civilisée que Chult et plus amicale que Calimshan, Tashalar est une contrée exotique où se mêlent d''étranges aliments, de belles gens et de grandes richesses. De talentueux artisans y fabriquent des arcs superbes et de rapides navires. Les chasseurs accomplis conservent les trophées de leurs chasses les plus dangereuses. Les habitants de Tashalar vivent sur le littoral bordant la Mer étincelante au sud. Ils évitent les Jungles noires et se rendent occasionnellement dans les Montagnes Hazuk pour y extraire de l''or ou du fer.\nLes grappes de raisin de Tashalar sont si parfaites que les pires vignobles produisent tout de même des vis se vendant jusqu''à une centaine de pièces d''or à Eauprofonde. Cette richesse et cette splendeur sont dominées par le consortium du Rundeen qui contrôle le commerce et l''activité malfaisante des yuan-tis hantant les jungles. Tashalar est un pays au climat chaud mais venteux, et ses terres sont recouvertes de jardins potagers, d''oliveraies et de vignes.',1,'2016-09-12 09:56:50','2016-09-12 09:56:50');
INSERT INTO region (id, name, description, version, created, updated) VALUES (35,'Mulhorande', 'Un des seuls anciens empires ayant survécu jusqu''à nos jours. Pendant des millénaires, la Mulhorande a été gouvernée par les manifestations physiques de ses divinités. Le pouvoir est maintenant détenu par les descendants mortels de ces divinités. La Mulhorande a entrepris de se transformer et de s''adapter au reste du monde, s''ouvrant au commerce et aux idées des autres.\nAvec la disparition du gouvernement d''Unther, la Mulhorande a conquis la plupart des territoires de ses rivaux historiques et pourrait entreprendre de reconstruire son empire. Elle est encore impopulaire dans certains pays de l''Ouest car elle accepte l''esclavage. La Mulhorande reste une terre exotique dotée de magies puissantes, de technologies anciennes et d''un clergé fort. La Mulhorande est un vaste royaume courant du lac salé d''Azulduth au travers des États satellites de Semphar et Murghôm jusqu''aux Terres de la Horde.',1,'2016-09-12 09:57:45','2016-09-12 09:57:45');
INSERT INTO region (id, name, description, version, created, updated) VALUES (36,'Terres de la Horde', 'Souvent considérées comme une région aride, les Terres de la Horde abritent une végétation clairsemée, quelques oasis et les querelleuses tribus tuiganes. Ces cavaliers nomades sont célèbres pour avoir envahi Faerûn il y a plus d''une décennie. Féroces cavaliers maîtrisant des arcs courts composites, ces nomades sont divisés entre un minimum de dix tribus, vivant sous la tente et se nourrissant de viande et de lait. Leurs rares colonies permanentes sont installées autour des oasis car l''eau est leur denrée la plus précieuse.\nLe peuple local superstitieux se méfie des étrangers, en particulier depuis leur défaite contre les armées occidentales. Il faudra attendre au minimum une génération avant que les Tuigans ne représentent à nouveau une menace significative pour Faerûn. Considérées comme sans importance pendant des années, les Terres de la Horde voient aujourd''hui grandir l''activité commerciale entre Faerûn et l''empire de Shou Lung de Kara-Tur situé dans l''est lointain. Les marchands transportent de nombreuses marchandises exotiques entre les deux pays, remplissant ainsi les poches de nombreuses personnes.',1,'2016-09-12 10:00:02','2016-09-12 10:00:02');
INSERT INTO region (id, name, description, version, created, updated) VALUES (37,'Thay', 'La nation de Thay est dirigée par de cruels magiciens qui s''appuient sur l''esclavage pour s''approvisionner en richesses et en produits de luxe dont ils ont besoin pour nourrir leurs recherches arcanes et leurs rêves de conquête. Le territoire est régenté par huit zulkirs, les magiciens les plus puissants du royaume. Les zulkirs à leur tour choisissent les tharchions du pays, des gouverneurs civils qui s''occupent des faits divers du royaume et suivent le bon vouloir des Magiciens Rouges. Le pouvoir de ces derniers s''étend bien au-delà des frontières thayenes. Ils possèdent des dizaines d''enclaves dans les cités les plus importantes des terres côtières de la Mer intérieure, échangeant des objets magiques contre les produits, les richesses et dans certains cas, les esclaves de dizaines de nations. Les Thayens inspirent détestation et méfiance à la plupart, mais leur mainmise croissante sur le commerce d''objets magiques les rend pratiquement indispensables à bon nombre de leurs clients.\nLes zulkirs qui reviennent au pays gagnent en opulence à mesure que leur sinistre commerce prospère. Ils passent leur temps à comploter et à imaginer des stratagèmes à l''encontre de leurs voisins. Les armées thayenes se sont abattues sur l''Aglarond et le Rashemen à de nombreuses reprises et il est communément admis que le temps viendra où les Thayens reprendront leurs anciennes habitudes de s''accaparer l''objet de leur convoitise par la force et les sorts mortels.',1,'2016-09-12 10:01:12','2016-09-12 10:01:12');
INSERT INTO region (id, name, description, version, created, updated) VALUES (38,'Dambrath', 'Aux yeux des étrangers, le Dambrath est une terre de contrastes. Ses habitants vivent dans de grandes plaines, sous un soleil brûlant et un ciel d''un bleu immaculé, mais ils ont prêté allégeance aux drows, qui fuient la lumière. Bien que la majorité de la population soit humaine, le Dambrath est gouverné par les Crinti, des descendants d''humains, d''elfes et de drows. La nation tire ses richesses de la terre et de la mer. Le Dambrath reste une véritable énigme pour la plupart des Faerûniens car il mène une politique étonnamment pacifique envers ses voisins et n''aime guère voir les étrangers s''enfoncer en son cœur. Cette situation semble convenir parfaitement à la noblesse du pays.\nAllant de la Paroi Orientale, qui lui sert de frontière avec l''Halruaa à l''ouest, au Lluirbois Méridional à l''est, le Dambrath fait plus de 1 000 kilomètres de large. Ses côtes sont deux fois plus longues car la baie du Ballet Cétacé s''enfonce profondément dans les terres. En partant de la côte, le pays s''étend sur près de 450 kilomètres vers le nord, jusqu''à la forêt d''Amtar. Mais l''ensemble des terres habitées se situent au sud des montagnes du Guet des Gnolls et des collines des Défunts Rois, qui divisent la nation en deux régions, une au nord et l''autre au sud. Le Dambrath possède également des terres à l''est de la forêt d''Amtar, sur la route commerciale qui mène à Delzimmer. Le Rethild, également connu sous le nom de Marais Supérieur, fait soi-disant partie du pays, mais ses souverains le possèdent sur le papier seulement, car les hommes-lézards et les nagas qui y vivent en empêchent tout contrôle.\nLe climat dambrathien est excessivement chaud, sauf durant la saison des pluies, qui débute mi-Uktar et dure deux ou trois mois. Au sud de la chaîne du Guet des Gnolls, les journées sont torrides, mais les nuits sont agréables car la brise venue de la Grande Mer fait rapidement chuter les températures. Au nord des montagnes, les températures sont encore plus élevées et l''air est étouffant. Les pluies y sont plus fréquentes, ce qui fait de la forêt d''Amtar une région aussi humide que les jungles de la péninsule de Chult. Les gens qui vivent dans l''arrière-pays n''ont jamais vu de neige et les gelées matinales sont quasi inexistantes, sauf dans les montagnes.\nLe gros du Dambrath est constitué de vastes plaines couvertes d''herbes hautes convenant particulièrement à l''élevage des chevaux. Cette mer de plaines ondoyantes s''étend jusqu''à l''horizon, quelle que soit la direction dans laquelle on regarde. A intervalles réguliers, on trouve des ranchs de chevaux, de minuscules communautés autonomes qui élèvent les meilleures montures de Faerûn. La plupart des citadins vivent dans les ports commerciaux de la côte, plus particulièrement sur les rives de la baie du Ballet Cétacé. Les eaux cristallines de la baie expliquent la présence de nombreux pêcheurs de poisson et de perles toute l''année, une industrie des plus lucratives pour le pays.',1,'2016-09-12 10:02:34','2016-09-12 10:02:34');
INSERT INTO region (id, name, description, version, created, updated) VALUES (39,'Halruaa', 'Entourée de montagnes et située dans le sud lointain, l''Halruaa est une nation de magiciens. Les Halruéens sont les descendants de réfugiés venus de l''influente Nétheril, un royaume de magiciens humains qui ne surent contenir leur puissance, corrompirent leurs âmes et signèrent la destruction de leurs œuvres. l''Halruaa a conservé cette fascination pour la magie qui obsédait les Nétherisses, s''adonnaiit à l''Art avec une fervente dévotion et considérant toutes les autres études comme fort mineures. Jusqu''à présent, les Halruéens n''ont pas fait montre de cet aveuglement qui sonna le glas de Nétheril.\nLes magiciens halruéens sont suffisants. Ils s''intéressent davantage à leurs recherches, dans l''intimité de leurs laboratoires personnels, qu''à l''exploration et l''exploitation du reste de Toril. Ceux qui décident de quitter leur terre natale sont des marchands ou agents en quête de composantes inhabituelles. Parfois, de tels agents sont assez importants pour voyager dans l''un des fabuleux navires volants halruéens. Cependant, ces embarcations volantes sont fragiles et si précieuses qu''on ne les sort d''Halruaa que pour les missions les plus importantes.',1,'2016-09-12 10:03:44','2016-09-12 10:03:44');
INSERT INTO region (id, name, description, version, created, updated) VALUES (40,'Anauroch', 'L''Anauroch est une région désertique qui s''est peu à peu agrandie pour finalement séparer la partie septentrionale de Faerûn en une moitié orientale et une moitié occidentale. Egalement surnommé le Grand désert ou la Grande mer de sable, l''Anauroch a englouti l''ancien empire de Nétheril il y a plus de mille cinq cents ans, puis avalé les royaumes prospères qui s''étaient développés après la chute de cet empire. Pendant des générations, l''avancée incessante de l''Anauroch a détruit des royaumes et chassé les monstres vers les régions frontalières.\nL''Anauroch est le plus grand des déserts de Faerûn, mais il est loin d''être véritablement désert. Une race de nobles barbares nomades, les bédouins parcourent ses étendues. Des garnisons et des patrouilles du Zhentarim contrôlent plusieurs oasis le long de la Route noire, la route commerciale serpentant depuis les ruines de Valtesh jusqu''à Llorkh en passant sous les crêtes des Pics gris. Enfin - et ce qui est peut-être le plus important - l''Empire des ombres s''est fixé au-dessus de l''enclave que l''on appelait autrefois la Mer de la soif. Pénombre, une cité nétherisse ayant échappé à la chute de Nétheril en disparaissant dans le Plan de l''Ombre, est finalement réapparue à Faerûn ; ses maîtres actuels observent attentivement la situation présente du monde et réfléchissent aux conquêtes futures qu''ils pourraient entreprendre.',1,'2016-09-12 10:06:20','2016-09-12 10:06:20');
INSERT INTO region (id, name, description, version, created, updated) VALUES (41,'Luiren', 'Luiren est le seul royaume de Faerûn peuplé et dirigé presque exclusivement par des halfelins. Il s''agit de la terre natale des halfelins vaillants, comme la Grande Faille est le pays des nains d''or. Quelques halfelins pieds-légers et sagespectres y vivent également, mais les neuf dixièmes de la population de halfelins sont constitués de vaillants. A ce sujet, le terme « halfelin de Luiren » se réfère communément au peuple vaillant, bien que cela ne soit pas totalement fondé.\nLes gens de Luiren sont des fermiers, des artisans et des marchands, comme dans nombre d''autres pays. Les champs fertiles de Luiren nourrissent la Grande faille.Ses vergers produisent des oranges, limes et citrons très prisés dans les pays du nord. Les sculptures sur bois de Luiren sont splendides, égalant celles de Téthyr, et des œuvres en bois sont également à vendre. Bien que peu d''individus imaginent les halfelins dotés de quelque tradition militaire que ce soit, les gens de Luiren disposent de milices parfaitement organisées, conduites par les moines et prêtres des temples locaux, et soutenues par une puissante magie divine. Les prêtres et archers halfelins ne reculant pas d''une semelle ont repoussé plus d''une invasion d''humains, d''orques et de gnolls venus de Shaar. Hormis les formes d''autorité locale, la contrée de Luiren ne possède aucun gouvernement. Cependant, les temples du panthéon halfelin constituent le ciment de la société et gouvernent ensemble le pays, habituellement sous l''égide du culte de Yondalla. La Voix dévote de Yondalla, Faran Ferromar, est le leader prééminent de la foi et donc le guide de Luiren.\nLes halfelins de Luiren ne se considèrent pas comme des semi-personnes et se qualifient généralement de « hins ».',1,'2016-09-12 10:07:51','2016-09-12 10:07:51');
INSERT INTO region (id, name, description, version, created, updated) VALUES (42,'Lapaliiya', 'La Ligue de Lapai est une confédération de cités-états qui borde la côte sud-est de la mer Étincelante. Plus pu moins gouvernés par le roi de Sheirtalar, ces petits royaumes sont parfois connus sous lé nom de cités de la brise marine, mais d''un point de vue purement technique, ce surnom inclut également Narubel, Tashluta, Ormpur et les ruines de Procalith. Lapaliiya s''étend de l''est des montagnes Dauphines à la péninsule de Sheir, et du rivage de la mer Étincelante au nord des jungles de Mhair, de la grande muraille d''Halruaa, des désolations Rapines et des pics des collines Brunes.',1,'2016-09-12 10:08:57','2016-09-12 10:08:57');
INSERT INTO region (id, name, description, version, created, updated) VALUES (43,'Marches d''Argent', 'Lunargent est le joyau du Nord, une cité pensée comme un centre d''apprentissage. Elle symbolise la grandeur qui rayonnait autrefois de la capitale elfique de Myth Drannor. Après de longs débats, les diverses places naines, les campements humains et demi-elfes ainsi que les cités humaines décidèrent de s''allier dans le cadre d''un pacte de protection mutuelle dirigé par Alustriel. Cette dernière abandonna le trône de Lunargent afin de superviser la nouvelle confédération des Marches d''argent.\nLes membres actuels des Marches d''argent sont : Castelmithral, la citadelle d''Adbar, la citadelle de Felbarr, Everlund, Jalanthar, Lunargent, Mortencige, Quaervarr et Sundabar. Les Marches d''argent incluent d''une façon générale les terres occidentales de l''Anauroch, l''est de la rivière Surbrin et le nord de la rivière Rauvin. De vastes étendues de forêt et de montagnes à l''intérieur de ces frontières restent sauvages et inoccupées.',1,'2016-09-12 10:11:43','2016-09-12 10:11:43');

/* Skill */
insert into skill(id, name, keyAbilityId, shortDescription, description, version, created, updated) values (1, 'Athlétisme', 1, 'Utiliser dans les situations difficiles pour grimper, sauter ou nager.', '', 1, now(), now());
insert into skill(id, name, keyAbilityId, shortDescription, description, version, created, updated) values (2, 'Acrobatie', 2, 'Rester sure ses pieds dans les situation difficiles.', '', 1, now(), now());
insert into skill(id, name, keyAbilityId, shortDescription, description, version, created, updated) values (3, 'Passe-passe', 2, 'Utiliser sa dextérité pour cacher, déplacer ou voler quelque chose sans être repéré.', '', 1, now(), now());
insert into skill(id, name, keyAbilityId, shortDescription, description, version, created, updated) values (4, 'Furtivité', 2, 'Se cacher de ses ennemis ou se déplacer sans être vu.', '', 1, now(), now());
insert into skill(id, name, keyAbilityId, shortDescription, description, version, created, updated) values (5, 'Arcane', 4, 'Connaitre un sort, un plan d''existence, un symbole ou un objet magique.', '', 1, now(), now());
insert into skill(id, name, keyAbilityId, shortDescription, description, version, created, updated) values (6, 'Histoire', 4, 'Connaitre l''histoire des royaumes et ses habitants.', '', 1, now(), now());
insert into skill(id, name, keyAbilityId, shortDescription, description, version, created, updated) values (7, 'Investigation', 4, 'Recherche d''indices pour trouver quelque chose.', '', 1, now(), now());
insert into skill(id, name, keyAbilityId, shortDescription, description, version, created, updated) values (8, 'Nature', 4, 'Connaitre les plantes, animaux, terrains et climats.', '', 1, now(), now());
insert into skill(id, name, keyAbilityId, shortDescription, description, version, created, updated) values (9, 'Religion', 4, 'Connaitre les dieux, rites, prières, pratiques et symboles.', '', 1, now(), now());
insert into skill(id, name, keyAbilityId, shortDescription, description, version, created, updated) values (10, 'Dressage des animaux', 5, 'Utiliser pour calmer ou monter un animal.', '', 1, now(), now());
insert into skill(id, name, keyAbilityId, shortDescription, description, version, created, updated) values (11, 'Perspicacité', 5, 'Déterminer les intentions, prédire la prochaine action', '', 1, now(), now());
insert into skill(id, name, keyAbilityId, shortDescription, description, version, created, updated) values (12, 'Soin', 5, 'Stabiliser l''état de quelqu''un ou diagnostiquer une maladie.', '', 1, now(), now());
insert into skill(id, name, keyAbilityId, shortDescription, description, version, created, updated) values (13, 'Perception', 5, 'Voir, entendre ou détecter une présence', '', 1, now(), now());
insert into skill(id, name, keyAbilityId, shortDescription, description, version, created, updated) values (14, 'Survie', 5, 'Pister, chasser, guider dans un endroit peu familier.', '', 1, now(), now());
insert into skill(id, name, keyAbilityId, shortDescription, description, version, created, updated) values (15, 'Tromperie', 6, 'Cacher la vérité, tromper quelqu''un.', '', 1, now(), now());
insert into skill(id, name, keyAbilityId, shortDescription, description, version, created, updated) values (16, 'Intimidation', 6, 'Influencer par l''hostilité.', '', 1, now(), now());
insert into skill(id, name, keyAbilityId, shortDescription, description, version, created, updated) values (17, 'Performance', 6, 'Capter l''audience par le divertissement.', '', 1, now(), now());
insert into skill(id, name, keyAbilityId, shortDescription, description, version, created, updated) values (18, 'Persuasion', 6, 'Influencer par le tact, les bonnes manières.', '', 1, now(), now());

/* DivineDomain */
insert into divinedomain (id, name, description, version, created, updated) values (1,'Connaissance', 'Les dieux de la connaissance, y compris Oghma valorise l''apprentissage et la compréhension avant tout . Certains enseignent que la connaissance doit être recueillies et partagées dans les bibliothèques et les universités, ou de promouvoir la connaissance pratique de l''artisanat et de l''invention. Certaines divinités amassent des connaissances et gardent leurs secrets pour eux-mêmes . Et certains promettent leurs partisans qu''ils gagneront un pouvoir énorme s''ils découvrent les secrets du multivers . Les adeptes de ces dieux\nétudient la connaissance ésotérique, recueillent des anciens tomes, plongent dans le lieux secrets et apprennent tout ce qu''ils peuvent. ',1, now(), now());
insert into divinedomain (id, name, description, version, created, updated) values (2,'Vie', 'Le domaine de la vie se concentre sur la dynamique d''énergie positive, une des forces fondamentales de l''univers, qui soutient toute la vie . Les dieux de la vie favorisent la vitalité et la santé grâce à la guérison des malades et des blessés, prendre soin des personnes dans le besoin, et chassant les forces de la mort et de la mort-vie. Presque toute divinité non-mauvaise peut prétendre influence sur ce domaine.',1, now(), now());
insert into divinedomain (id, name, description, version, created, updated) values (3,'Lumière', 'Les dieux de la lumière promeuvent les idéaux de la renaissance et du renouveau, de la vérité, la vigilance et la beauté, souvent en utilisant le symbole du soleil. Certains de ces dieux sont dépeints comme le soleil lui-même ou comme un chariot qui guide le soleil à travers le ciel. D''autres sont des sentinelles infatigables dont les yeux percent chaque ombre et voient à travers toutes les tromperies. Certains sont des divinités de la beauté et de l''art, qui enseignent que l''art est un véhicule pour l''amélioration de l''âme . Les clercs d''un dieu de la lumière sont des âmes éclairées infusé avec éclat de la puissance de la vision perspicace de leurs dieux , chargé de chasser les mensonges et brûlant les ténèbres .',1, now(), now());
insert into divinedomain (id, name, description, version, created, updated) values (4,'Nature', 'Les dieux de la nature sont aussi variés que le monde naturel lui-même, des dieux impénétrables des forêts profondes aux divinités amicales associés à des oasis et des bosquets. Les druides vénèrent la nature dans son ensemble et pourraient servir une de ces divinités, pratiquant des rites mystérieux et réciter des prières oubliées dans leur langue secrète . Mais beaucoup de ces dieux ont des clercs aussi, champions qui prennent un rôle plus actif pour faire avancer les intérêts d''un dieu de la nature. Ces clercs chassent les monstruosités du mal qui dépouillent les forêts, bénissent la récolte des fidèles, ou dépérissent les cultures de ceux qui engendrent la colère de leur dieu.',1, now(), now());
insert into divinedomain (id, name, description, version, created, updated) values (5,'Tempête', 'Les dieux de ce domaine régissent les tempêtes, la mer et le ciel. Ils comprennent des dieux de la foudre et le tonnerre, des tremblements de terre, du feu, de la violence, de la force physique et du courage. Les dieux du domaine de la tempête envoient leurs clercs pour inspirer la peur dans les gens du commun, que ce soit pour garder les gens sur le chemin de la justice ou de les encourager à offrir des sacrifices pour conjurer la colère divine .',1, now(), now());
insert into divinedomain (id, name, description, version, created, updated) values (6,'Ruse', 'Dieux de la ruse sont corrupteurs et les instigateurs qui se tiennent comme un défi constant à l''ordre accepté parmi les les dieux et les mortels. Ils sont les patrons de voleurs, canailles, joueurs, rebelles et libérateurs. Leurs clercs sont une force perturbatrice dans le monde, prônant la fierté, se moquant des tyrans, volant les riches, libérant les captifs et les méprisant traditions. Ils préfèrent les subterfuges, farces, la tromperie et le vol plutôt que la confrontation directe .',1, now(), now());
insert into divinedomain (id, name, description, version, created, updated) values (7,'Guerre', 'La guerre a de nombreuses manifestations . Elle peut faire des héros des gens ordinaires. Elle peut être désespérée et terrible, avec\nactes de cruauté et de lâcheté éclipsant les instances d''excellence et courage. Dans les deux cas , les dieux de la guerre veillent sur les guerriers et les récompensent pour leur grand actes. Les clercs de ces dieux excellent dans la bataille, inspirant les autres pour combattre  ou offrant des actes de violence comme prières . Les dieux de la guerre incluent des champions d''honneur et de la chevalerie tels que Torm ainsi que les dieux de la destruction et le pillage comme Gruumsh et dieux conquête et de domination comme Bane. D''autres dieux de guerre Tempus prennent une position plus neutre , promeuvent la guerre dans toutes ses manifestations et supportent les guerriers dans toute circonstance.',1, now(), now());
insert into divinedomain (id, name, description, version, created, updated) values (8,'Mort', NULL,1, now(), now());

/* Deity */
insert into deity (id, name, description, alignmentId, symbol, version, created, updated) values (1,'Auril','Déesse de l''hiver',8,'Flocon de neige à six pointe',2, now(), now());
insert into deity (id, name, description, alignmentId, symbol, version, created, updated) values (2,'Azuth','Dieu des magiciens',4,'Main gauche pointée vers le haut en feu',1, now(), now());
insert into deity (id, name, description, alignmentId, symbol, version, created, updated) values (3,'Bane','Dieu de la tyrannie',7,'Main droite noire avec les doigts fermés sur pouce',1, now(), now());
insert into deity (id, name, description, alignmentId, symbol, version, created, updated) values (4,'Beshaba','Déesse du malheur',9,'Ramures noires',1, now(), now());
insert into deity (id, name, description, alignmentId, symbol, version, created, updated) values (5,'Bhaal','Dieu du meurtre',8,'Crâne entouré de larmes de sang',1, now(), now());
insert into deity (id, name, description, alignmentId, symbol, version, created, updated) values (6,'Chauntea','Déesse de l''agriculture',2,'Liasse de grain ou une rose sur du grain',1, now(), now());
insert into deity (id, name, description, alignmentId, symbol, version, created, updated) values (7,'Cyric','Dieu des mensonges',9,'Crâne sans mâchoire sur soleil noir ou pourpre',1, now(), now());
insert into deity (id, name, description, alignmentId, symbol, version, created, updated) values (8,'Deneir','Dieu de l''écriture',2,'Bougie allumée au dessus d''un oeil ouvert',1, now(), now());
insert into deity (id, name, description, alignmentId, symbol, version, created, updated) values (9,'Eldath','Déesse de la paix',2,'Chute d''eau plongeant dans l''eau stagnate',1, now(), now());
insert into deity (id, name, description, alignmentId, symbol, version, created, updated) values (10,'Gond','Dieu de l''invention',5,'Bouclier denté avec 4 pointes',1, now(), now());
insert into deity (id, name, description, alignmentId, symbol, version, created, updated) values (11,'Helm','Dieu de la protection',4,'Oeil ouvert sur un gantelet droit',1, now(), now());
insert into deity (id, name, description, alignmentId, symbol, version, created, updated) values (12,'Ilmater','Dieu de l''endurance',1,'Mains jointes aux poignets avec de la corde rouge',1, now(), now());
insert into deity (id, name, description, alignmentId, symbol, version, created, updated) values (13,'Kelemvor','Dieu des morts',4,'Bras droit squelettique tenant une balance',2, now(), now());
insert into deity (id, name, description, alignmentId, symbol, version, created, updated) values (14,'Lathandre','Dieu de la naissance et du renouveau',2,'Route menant au levé du soleil',1, now(), now());
insert into deity (id, name, description, alignmentId, symbol, version, created, updated) values (15,'Leira','Déesse de l''illusion',6,'Triangle vers le bas contenant un tourbillon de brouillard',1, now(), now());
insert into deity (id, name, description, alignmentId, symbol, version, created, updated) values (16,'Loviatar','Déesse de la douleur',7,'Fouet à 9 queues',1, now(), now());
insert into deity (id, name, description, alignmentId, symbol, version, created, updated) values (17,'Malar','Dieu de la chasse',9,'Main griffue',1, now(), now());
insert into deity (id, name, description, alignmentId, symbol, version, created, updated) values (18,'Mielikki','Déesse des forêts',2,'Tête de licorne',1, now(), now());
insert into deity (id, name, description, alignmentId, symbol, version, created, updated) values (19,'Myrkul','Dieu de la mort',8,'Crâne humain blanc',1, now(), now());
insert into deity (id, name, description, alignmentId, symbol, version, created, updated) values (20,'Mask','Dieu des voleurs',6,'Masque noir',1, now(), now());
insert into deity (id, name, description, alignmentId, symbol, version, created, updated) values (21,'Mystra','Déesse de la magie',2,'Cercle de 7 étoiles',1, now(), now());
insert into deity (id, name, description, alignmentId, symbol, version, created, updated) values (22,'Oghma','Dieu de la connaissance',5,'Parchemin vide',1, now(), now());
insert into deity (id, name, description, alignmentId, symbol, version, created, updated) values (23,'Seluné','Déesse le la lune',3,'Pair d''yeux surmontés de 7 étoiles',1, now(), now());
insert into deity (id, name, description, alignmentId, symbol, version, created, updated) values (24,'Shar','Déesse de la noirceur et de la perte',8,'Disque noir bordé de violet',1, now(), now());
insert into deity (id, name, description, alignmentId, symbol, image, version, created, updated) values (25,'Silvanus','Dieu de la nature sauvage',5,'Feuille de chêne',NULL,1,'2016-09-07 09:17:22','2016-09-07 09:17:22');
insert into deity (id, name, description, alignmentId, symbol, image, version, created, updated) values (26,'Sunie','Déesse de l''amour et de la beauté',3,'Visage d''une belle femme rousse',NULL,1,'2016-09-07 09:18:13','2016-09-07 09:18:13');
insert into deity (id, name, description, alignmentId, symbol, image, version, created, updated) values (27,'Talona','Déesse de la maladie et du poison',9,'3 larmes sur un triangle',NULL,1,'2016-09-07 09:20:32','2016-09-07 09:20:32');
insert into deity (id, name, description, alignmentId, symbol, image, version, created, updated) values (28,'Talos','Dieu des tempêtes',9,'3 éclairs partant du même point',NULL,1,'2016-09-07 09:21:54','2016-09-07 09:21:54');
insert into deity (id, name, description, alignmentId, symbol, image, version, created, updated) values (29,'Tempus','Dieu de la guerre',5,'Épée emflammée',NULL,1,'2016-09-07 09:22:38','2016-09-07 09:22:38');
insert into deity (id, name, description, alignmentId, symbol, image, version, created, updated) values (30,'Torm','Dieu du devoir et de la loyauté',1,'Gantelet droit',NULL,1,'2016-09-07 09:26:18','2016-09-07 09:26:18');
insert into deity (id, name, description, alignmentId, symbol, image, version, created, updated) values (31,'Tymora','Déesse de la chance et de la bonne fortune',3,'Pièce de monnaie coté face',NULL,1,'2016-09-07 09:27:18','2016-09-07 09:27:18');
insert into deity (id, name, description, alignmentId, symbol, image, version, created, updated) values (32,'Tyr','Dieu de la justice',1,'Balance reposant sur un marteau de guerre',NULL,1,'2016-09-07 09:31:40','2016-09-07 09:31:40');
insert into deity (id, name, description, alignmentId, symbol, image, version, created, updated) values (33,'Umberlee','Déesse des mers',9,'Vague courbant à gauche et à droite',NULL,1,'2016-09-07 09:32:33','2016-09-07 09:32:33');
insert into deity (id, name, description, alignmentId, symbol, image, version, created, updated) values (34,'Waukeen','Déesse du commerce',5,'Pièce de monnaie avec le profil de Waukeen regardant à gauche',NULL,1,'2016-09-07 09:33:58','2016-09-07 09:33:58');
INSERT INTO deity (id, name, description, alignmentId, symbol, image, version, created, updated) VALUES (35,'Abbathor','Dieu nain de la cupidité',8,'Dague incrustée de joyaux',NULL,2,'2016-09-07 11:11:09','2016-09-07 11:16:31');
INSERT INTO deity (id, name, description, alignmentId, symbol, image, version, created, updated) VALUES (36,'Berronar Purargent','Déesse naine de la sécurité, vérité, foyer et soin.',1,'2 anneaux d''argent entremêlés',NULL,2,'2016-09-07 11:19:56','2016-09-07 13:26:02');
INSERT INTO deity (id, name, description, alignmentId, symbol, image, version, created, updated) VALUES (37,'Clanggedin Barbedargent','Dieu nain de la bataille',1,'2 haches d''arme croisées',NULL,2,'2016-09-07 11:21:29','2016-09-07 13:24:31');
INSERT INTO deity (id, name, description, alignmentId, symbol, image, version, created, updated) VALUES (38,'Dumathoin','Dieu nain de l''exploration minière connu sous le nom de Gardien des secrets sous la montagne.',5,'Une gemme dans une montagne',NULL,1,'2016-09-07 11:26:35','2016-09-07 11:26:35');
INSERT INTO deity (id, name, description, alignmentId, symbol, image, version, created, updated) VALUES (39,'Moradin','Dieu nain de la création dit le Forgeur d''âme',1,'Une flamme sur une enclume',NULL,2,'2016-09-07 11:29:52','2016-09-07 13:24:52');
INSERT INTO deity (id, name, description, alignmentId, symbol, image, version, created, updated) VALUES (40,'Sharindlar','Déesse naine des soins, de la pitié, de l''amour et de la fertilité',3,'Cercle avec une cuillère en feu',NULL,1,'2016-09-07 11:33:28','2016-09-07 11:33:28');
INSERT INTO deity (id, name, description, alignmentId, symbol, image, version, created, updated) VALUES (41,'Corellon Larethian','Dieu elfe de l''art et de la magie',3,'Étoile à 8 branches',NULL,1,'2016-09-07 11:36:43','2016-09-07 11:36:43');
INSERT INTO deity (id, name, description, alignmentId, symbol, image, version, created, updated) VALUES (42,'Sashelas des Profondeurs','Dieu elfe de la mer',3,'Dauphin',NULL,2,'2016-09-07 11:37:27','2016-09-07 13:28:40');
INSERT INTO deity (id, name, description, alignmentId, symbol, image, version, created, updated) VALUES (43,'Angharradh','Déesse elfe du printemps, fertilité et sagesse',3,'3 cercles croisés dans un triangle vers le bas',NULL,1,'2016-09-07 11:43:14','2016-09-07 11:43:14');
INSERT INTO deity (id, name, description, alignmentId, symbol, image, version, created, updated) VALUES (44,'Garl Brilledor','Dieu gnome de la ruse, de l''humour et protection dit le Farceur',1,'Pépite d''or',NULL,3,'2016-09-07 11:45:53','2016-09-07 13:20:58');
INSERT INTO deity (id, name, description, alignmentId, symbol, image, version, created, updated) VALUES (45,'Baervan Ermiterrant','Dieu gnome des forêts, des voyages et de la nature dit la Feuille Masquée',2,'Tête de raton laveur',NULL,3,'2016-09-07 13:16:09','2016-09-07 13:21:30');
INSERT INTO deity (id, name, description, alignmentId, symbol, image, version, created, updated) VALUES (46,'Callarduran Doucemains','Dieu gnome de la terre et de la roche dit Frère des Profondeurs. Il est le patron des svirfneblins.',5,'Anneau doré orné d''un rubis étoilé',NULL,2,'2016-09-07 13:18:52','2016-09-07 13:22:28');
INSERT INTO deity (id, name, description, alignmentId, symbol, image, version, created, updated) VALUES (47,'Flandal Peaudacier','Dieu gnome des artisans, mineurs et forgerons.',2,'Maillet de forgeron enflammé',NULL,2,'2016-09-07 13:23:57','2016-09-07 13:27:27');
INSERT INTO deity (id, name, description, alignmentId, symbol, image, version, created, updated) VALUES (48,'Vergadain','Dieu nain de la chance et de la richesse, le patron des marchands.',5,'Pièce d''or',NULL,1,'2016-09-07 13:26:53','2016-09-07 13:26:53');
INSERT INTO deity (id, name, description, alignmentId, symbol, image, version, created, updated) VALUES (49,'Segojan Hanteterre','Dieu gnome de la terre et de la nature',2,'Gemme luisante en permanence de mille feux',NULL,1,'2016-09-07 13:31:40','2016-09-07 13:31:40');
INSERT INTO deity (id, name, description, alignmentId, symbol, image, version, created, updated) VALUES (50,'Urdlen','Dieu gnome de la cupidité et du sang',9,'Taupe blanche albinos',NULL,1,'2016-09-07 13:34:13','2016-09-07 13:34:13');
INSERT INTO deity (id, name, description, alignmentId, symbol, image, version, created, updated) VALUES (51,'Gruumsh','Dieu orque de la création surnommé surnommé N''a-qu''un-œil, Celui-qui-ne-dort-jamais ou Celui-qui-observe.',9,'Un oeil sans paupière',NULL,1,'2016-09-07 13:37:57','2016-09-07 13:37:57');
INSERT INTO deity (id, name, description, alignmentId, symbol, image, version, created, updated) VALUES (52,'Lloth','Déesse drow du chaos dite la Reine Araignée',9,'Araignée',NULL,1,'2016-09-07 13:41:31','2016-09-07 13:41:31');
INSERT INTO deity (id, name, description, alignmentId, symbol, image, version, created, updated) VALUES (53,'Eilistraée','Déesse du chant, la chasse, la lune et la beauté.',3,'Une épée décorée d''un croissant',NULL,1,'2016-09-07 13:45:06','2016-09-07 13:45:06');
INSERT INTO deity (id, name, description, alignmentId, symbol, image, version, created, updated) VALUES (54,'Ghaunadaur','Dieu drow des abominations, gelées, bannis et rebelles dit Celui qui Rôde',9,'Un oeil qui observe',NULL,1,'2016-09-07 13:49:21','2016-09-07 13:49:21');
INSERT INTO deity (id, name, description, alignmentId, symbol, image, version, created, updated) VALUES (55,'Vhaeraun','Dieu drow du chaos, le vol, la duperie et le mal. dit le Seigneur Masqué.',9,'Un masque',NULL,1,'2016-09-07 13:51:46','2016-09-07 13:51:46');
INSERT INTO deity (id, name, description, alignmentId, symbol, image, version, created, updated) VALUES (56,'Yondalla','Déesse halfeline de la création, de la fertilité et protection',1,'Bouclier',NULL,1,'2016-09-07 13:54:17','2016-09-07 13:54:17');
INSERT INTO deity (id, name, description, alignmentId, symbol, image, version, created, updated) VALUES (57,'Arvoreen','Dieu halfelin de la protection, vigilance et de la guerre dit le Défenseur.',1,'2 épées croisées',NULL,1,'2016-09-07 13:56:42','2016-09-07 13:56:42');
INSERT INTO deity (id, name, description, alignmentId, symbol, image, version, created, updated) VALUES (58,'Cyrrollalee','Déesse de l''amitié, confiance et de l''hospitalité dite la Main de Camaraderie.',1,'Une porte ouverte',NULL,1,'2016-09-07 13:59:10','2016-09-07 13:59:10');
INSERT INTO deity (id, name, description, alignmentId, symbol, image, version, created, updated) VALUES (59,'Sheela Peryroyl','Déesse halfeline de la nature et de l''agriculture dit la Soeur Verte. ',5,'Marguerite',NULL,1,'2016-09-07 14:01:38','2016-09-07 14:01:38');

/* DeityDomain */
INSERT INTO deitydomain (deityId, domainId) VALUES (2,1);
INSERT INTO deitydomain (deityId, domainId) VALUES (8,1);
INSERT INTO deitydomain (deityId, domainId) VALUES (10,1);
INSERT INTO deitydomain (deityId, domainId) VALUES (21,1);
INSERT INTO deitydomain (deityId, domainId) VALUES (22,1);
INSERT INTO deitydomain (deityId, domainId) VALUES (23,1);
INSERT INTO deitydomain (deityId, domainId) VALUES (34,1);
INSERT INTO deitydomain (deityId, domainId) VALUES (38,1);
INSERT INTO deitydomain (deityId, domainId) VALUES (39,1);
INSERT INTO deitydomain (deityId, domainId) VALUES (46,1);
INSERT INTO deitydomain (deityId, domainId) VALUES (47,1);
INSERT INTO deitydomain (deityId, domainId) VALUES (6,2);
INSERT INTO deitydomain (deityId, domainId) VALUES (9,2);
INSERT INTO deitydomain (deityId, domainId) VALUES (11,2);
INSERT INTO deitydomain (deityId, domainId) VALUES (12,2);
INSERT INTO deitydomain (deityId, domainId) VALUES (14,2);
INSERT INTO deitydomain (deityId, domainId) VALUES (23,2);
INSERT INTO deitydomain (deityId, domainId) VALUES (26,2);
INSERT INTO deitydomain (deityId, domainId) VALUES (36,2);
INSERT INTO deitydomain (deityId, domainId) VALUES (40,2);
INSERT INTO deitydomain (deityId, domainId) VALUES (43,2);
INSERT INTO deitydomain (deityId, domainId) VALUES (53,2);
INSERT INTO deitydomain (deityId, domainId) VALUES (56,2);
INSERT INTO deitydomain (deityId, domainId) VALUES (58,2);
INSERT INTO deitydomain (deityId, domainId) VALUES (11,3);
INSERT INTO deitydomain (deityId, domainId) VALUES (14,3);
INSERT INTO deitydomain (deityId, domainId) VALUES (26,3);
INSERT INTO deitydomain (deityId, domainId) VALUES (41,3);
INSERT INTO deitydomain (deityId, domainId) VALUES (58,3);
INSERT INTO deitydomain (deityId, domainId) VALUES (1,4);
INSERT INTO deitydomain (deityId, domainId) VALUES (9,4);
INSERT INTO deitydomain (deityId, domainId) VALUES (17,4);
INSERT INTO deitydomain (deityId, domainId) VALUES (18,4);
INSERT INTO deitydomain (deityId, domainId) VALUES (25,4);
INSERT INTO deitydomain (deityId, domainId) VALUES (42,4);
INSERT INTO deitydomain (deityId, domainId) VALUES (43,4);
INSERT INTO deitydomain (deityId, domainId) VALUES (45,4);
INSERT INTO deitydomain (deityId, domainId) VALUES (46,4);
INSERT INTO deitydomain (deityId, domainId) VALUES (49,4);
INSERT INTO deitydomain (deityId, domainId) VALUES (59,4);
INSERT INTO deitydomain (deityId, domainId) VALUES (1,5);
INSERT INTO deitydomain (deityId, domainId) VALUES (28,5);
INSERT INTO deitydomain (deityId, domainId) VALUES (33,5);
INSERT INTO deitydomain (deityId, domainId) VALUES (42,5);
INSERT INTO deitydomain (deityId, domainId) VALUES (51,5);
INSERT INTO deitydomain (deityId, domainId) VALUES (4,6);
INSERT INTO deitydomain (deityId, domainId) VALUES (7,6);
INSERT INTO deitydomain (deityId, domainId) VALUES (15,6);
INSERT INTO deitydomain (deityId, domainId) VALUES (20,6);
INSERT INTO deitydomain (deityId, domainId) VALUES (24,6);
INSERT INTO deitydomain (deityId, domainId) VALUES (31,6);
INSERT INTO deitydomain (deityId, domainId) VALUES (34,6);
INSERT INTO deitydomain (deityId, domainId) VALUES (35,6);
INSERT INTO deitydomain (deityId, domainId) VALUES (44,6);
INSERT INTO deitydomain (deityId, domainId) VALUES (48,6);
INSERT INTO deitydomain (deityId, domainId) VALUES (52,6);
INSERT INTO deitydomain (deityId, domainId) VALUES (55,6);
INSERT INTO deitydomain (deityId, domainId) VALUES (3,7);
INSERT INTO deitydomain (deityId, domainId) VALUES (29,7);
INSERT INTO deitydomain (deityId, domainId) VALUES (30,7);
INSERT INTO deitydomain (deityId, domainId) VALUES (32,7);
INSERT INTO deitydomain (deityId, domainId) VALUES (37,7);
INSERT INTO deitydomain (deityId, domainId) VALUES (50,7);
INSERT INTO deitydomain (deityId, domainId) VALUES (51,7);
INSERT INTO deitydomain (deityId, domainId) VALUES (57,7);
INSERT INTO deitydomain (deityId, domainId) VALUES (5,8);
INSERT INTO deitydomain (deityId, domainId) VALUES (13,8);
INSERT INTO deitydomain (deityId, domainId) VALUES (16,8);
INSERT INTO deitydomain (deityId, domainId) VALUES (19,8);
INSERT INTO deitydomain (deityId, domainId) VALUES (24,8);
INSERT INTO deitydomain (deityId, domainId) VALUES (27,8);
INSERT INTO deitydomain (deityId, domainId) VALUES (49,8);
INSERT INTO deitydomain (deityId, domainId) VALUES (54,8);

/* ArmorType */
INSERT INTO armortype (id, name, description, proficiencyType, maxDexBonus, baseArmorClass, stealthDisavantage, minStrength, baseWeight, basePrice, version, created, updated) VALUES (1,'Matelassé','L''armure matelassée se compose de couches matelassées de tissu et ouate.','LIGHT',-1,1,1,1,8,5,3,'2016-09-09 08:54:20','2016-09-09 08:59:28');
INSERT INTO armortype (id, name, description, proficiencyType, maxDexBonus, baseArmorClass, stealthDisavantage, minStrength, baseWeight, basePrice, version, created, updated) VALUES (2,'Cuir','Le plastron et les épaules protecteurs de cette armure sont faits de cuir qui a été solidifié en étant bouilli dans de l''huile. Le reste de l''armure est constituée de matériaux plus doux et plus souples.','LIGHT',-1,1,0,1,10,10,3,'2016-09-09 08:54:20','2016-09-09 09:18:38');
INSERT INTO armortype (id, name, description, proficiencyType, maxDexBonus, baseArmorClass, stealthDisavantage, minStrength, baseWeight, basePrice, version, created, updated) VALUES (3,'Clouté','Fabriqué à partir de cuir solide mais flexible, l''armure de cuir clouté est renforcée avec des rivets ou des crampons.','LIGHT',-1,2,0,1,13,45,3,'2016-09-09 08:54:20','2016-09-09 09:20:24');
INSERT INTO armortype (id, name, description, proficiencyType, maxDexBonus, baseArmorClass, stealthDisavantage, minStrength, baseWeight, basePrice, version, created, updated) VALUES (4,'Peau','Cette armure brute se compose de fourrures épaisses et de peaux. Il est communément porté par les tribus barbares , les humanoïdes mauvais et d''autres gens qui n''ont pas accès aux outils et les matériaux nécessaires pour créer une meilleure armure.','MEDIUM',2,2,0,1,12,10,3,'2016-09-09 08:54:20','2016-09-09 09:21:48');
INSERT INTO armortype (id, name, description, proficiencyType, maxDexBonus, baseArmorClass, stealthDisavantage, minStrength, baseWeight, basePrice, version, created, updated) VALUES (5,'Chemise de cote de maille','Fait d''anneaux métalliques entrelacées, une chemise de cotte de maille est portée entre les couches de vêtements ou de cuir . Cette armure offre une protection modeste supérieure au porteur et permet au son des mailles d''être étouffé par les couches extérieures.','MEDIUM',2,3,0,1,20,50,3,'2016-09-09 08:54:20','2016-09-09 09:24:36');
INSERT INTO armortype (id, name, description, proficiencyType, maxDexBonus, baseArmorClass, stealthDisavantage, minStrength, baseWeight, basePrice, version, created, updated) VALUES (6,'Feuilleté','Cette armure se compose d''un manteau et des jambières de cuir recouvert de chevauchement des morceaux de métal, un peu comme les écailles d''un poisson. Le costume comprend gantelets.','MEDIUM',2,4,1,1,45,50,3,'2016-09-09 08:54:20','2016-09-09 09:26:38');
INSERT INTO armortype (id, name, description, proficiencyType, maxDexBonus, baseArmorClass, stealthDisavantage, minStrength, baseWeight, basePrice, version, created, updated) VALUES (7,'Plastron de plate','Cette armure est constituée d''un métal ajusté à la poitrine porté avec cuir souple . Bien qu''elle laisse les jambes et les bras relativement non protégés, cette armure fournit une bonne protection pour les organes vitaux tout en laissant le porteur relativement non-encombré.','MEDIUM',2,4,0,1,20,400,3,'2016-09-09 08:54:20','2016-09-09 09:28:53');
INSERT INTO armortype (id, name, description, proficiencyType, maxDexBonus, baseArmorClass, stealthDisavantage, minStrength, baseWeight, basePrice, version, created, updated) VALUES (8,'Demie-plate','La demie-plate est constituée de plaques métalliques profilées qui couvrent la majeure partie du corps de l''utilisateur . Il ne comprend pas de protection aux jambes sauf des jambières simples qui sont attachées\navec des lanières de cuir .','MEDIUM',2,5,1,1,40,750,3,'2016-09-09 08:54:20','2016-09-09 09:31:53');
INSERT INTO armortype (id, name, description, proficiencyType, maxDexBonus, baseArmorClass, stealthDisavantage, minStrength, baseWeight, basePrice, version, created, updated) VALUES (9,'Annelé','Cette armure est une armure de cuir avec de lourdes anneaux cousus en elle. Les anneaux contribuent à renforcer l''armure contre les coups de sabres et des haches. L''armure annelée est inférieure à la cotte de maille et est généralement portée que par ceux qui ne peuvent pas se permettre une meilleure armure.','HEAVY',0,4,1,1,40,30,3,'2016-09-09 08:54:20','2016-09-09 09:34:13');
INSERT INTO armortype (id, name, description, proficiencyType, maxDexBonus, baseArmorClass, stealthDisavantage, minStrength, baseWeight, basePrice, version, created, updated) VALUES (10,'Cote de maille','Fait d''anneaux métalliques entrelacés , la cotte de maille contient une couche de tissu matelassé portée sous\nles mailles pour éviter les frottements et à amortir l''impact des coups . Le costume comprend gantelets.','HEAVY',0,6,1,13,55,75,3,'2016-09-09 08:54:20','2016-09-09 09:36:24');
INSERT INTO armortype (id, name, description, proficiencyType, maxDexBonus, baseArmorClass, stealthDisavantage, minStrength, baseWeight, basePrice, version, created, updated) VALUES (11,'Éclisse','Cette armure est faite de bandes verticales étroites de métal riveté sur un support de cuir qui est porté sur un\nrembourrage en tissu. Une cotte de mailles flexible protège les articulations.','HEAVY',0,7,1,15,60,200,3,'2016-09-09 08:54:20','2016-09-09 09:37:14');
INSERT INTO armortype (id, name, description, proficiencyType, maxDexBonus, baseArmorClass, stealthDisavantage, minStrength, baseWeight, basePrice, version, created, updated) VALUES (12,'Plate complète','L''armure de plate complète est formée de plaques de métal entremêlées pour couvrir l''ensemble du corps. Une armure de plate comprend gantelets, des bottes en cuir épais, un casque à visière et une épaisse couche de rembourrage sous l''armure . Boucles et sangles distribuent le poids sur le corps.','HEAVY',0,8,1,15,65,1500,3,'2016-09-09 08:54:20','2016-09-09 09:40:28');
INSERT INTO armortype (id, name, description, proficiencyType, maxDexBonus, baseArmorClass, stealthDisavantage, minStrength, baseWeight, basePrice, version, created, updated) VALUES (13,'Bouclier','Un bouclier est fabriqué à partir de bois ou de métal et est utilisé avec une main. Porter un bouclier augmente votre classe d''armure de 2. Vous pouvez bénéficier d''un seul bouclier à la fois.','SHIELD',0,2,0,1,6,10,3,'2016-09-09 08:54:20','2016-09-09 09:42:17');

/* WeaponType */
INSERT INTO weapontype (id, name, description, proficiencyType, sizeType, handleType, usageType, rangeType, oneHandBaseDamage, twoHandBaseDamage, damageTypeId, isReach, isFinesse, isLoading, baseWeight, basePrice, version, created, updated) VALUES (1,'Gourdin',NULL,'SIMPLE','LIGHT','ONE_HANDED','MELEE',NULL,'1d4',NULL,2,0,0,0,2,1,1,'2016-09-12 14:09:11','2016-09-12 14:09:11');
INSERT INTO weapontype (id, name, description, proficiencyType, sizeType, handleType, usageType, rangeType, oneHandBaseDamage, twoHandBaseDamage, damageTypeId, isReach, isFinesse, isLoading, baseWeight, basePrice, version, created, updated) VALUES (2,'Dague',NULL,'SIMPLE','LIGHT','ONE_HANDED','MELEE_RANGE','THROWN','1d4',NULL,8,0,1,0,1,2,1,'2016-09-12 14:10:27','2016-09-12 14:10:27');
INSERT INTO weapontype (id, name, description, proficiencyType, sizeType, handleType, usageType, rangeType, oneHandBaseDamage, twoHandBaseDamage, damageTypeId, isReach, isFinesse, isLoading, baseWeight, basePrice, version, created, updated) VALUES (3,'Grand gourdin',NULL,'SIMPLE','MEDIUM','TWO_HANDED','MELEE',NULL,NULL,'1d8',2,0,0,0,10,1,1,'2016-09-12 14:16:31','2016-09-12 14:16:31');
INSERT INTO weapontype (id, name, description, proficiencyType, sizeType, handleType, usageType, rangeType, oneHandBaseDamage, twoHandBaseDamage, damageTypeId, isReach, isFinesse, isLoading, baseWeight, basePrice, version, created, updated) VALUES (4,'Hachette',NULL,'SIMPLE','LIGHT','ONE_HANDED','MELEE_RANGE','THROWN','1d6',NULL,12,0,0,0,2,5,1,'2016-09-12 14:17:44','2016-09-12 14:17:44');
INSERT INTO weapontype (id, name, description, proficiencyType, sizeType, handleType, usageType, rangeType, oneHandBaseDamage, twoHandBaseDamage, damageTypeId, isReach, isFinesse, isLoading, baseWeight, basePrice, version, created, updated) VALUES (5,'Javelin',NULL,'SIMPLE','MEDIUM','ONE_HANDED','MELEE_RANGE','THROWN','1d6',NULL,8,0,0,0,2,1,1,'2016-09-12 14:18:44','2016-09-12 14:18:44');
INSERT INTO weapontype (id, name, description, proficiencyType, sizeType, handleType, usageType, rangeType, oneHandBaseDamage, twoHandBaseDamage, damageTypeId, isReach, isFinesse, isLoading, baseWeight, basePrice, version, created, updated) VALUES (6,'Marteau',NULL,'SIMPLE','LIGHT','ONE_HANDED','MELEE_RANGE','THROWN','1d4',NULL,2,0,0,0,2,2,1,'2016-09-12 14:19:33','2016-09-12 14:19:33');
INSERT INTO weapontype (id, name, description, proficiencyType, sizeType, handleType, usageType, rangeType, oneHandBaseDamage, twoHandBaseDamage, damageTypeId, isReach, isFinesse, isLoading, baseWeight, basePrice, version, created, updated) VALUES (7,'Masse',NULL,'SIMPLE','MEDIUM','ONE_HANDED','MELEE',NULL,'1d6',NULL,2,0,0,0,4,5,1,'2016-09-12 14:20:06','2016-09-12 14:20:06');
INSERT INTO weapontype (id, name, description, proficiencyType, sizeType, handleType, usageType, rangeType, oneHandBaseDamage, twoHandBaseDamage, damageTypeId, isReach, isFinesse, isLoading, baseWeight, basePrice, version, created, updated) VALUES (8,'Bâton',NULL,'SIMPLE','MEDIUM','VERSATILE','MELEE',NULL,'1d6','1d8',2,0,0,0,4,1,1,'2016-09-12 14:20:59','2016-09-12 14:20:59');
INSERT INTO weapontype (id, name, description, proficiencyType, sizeType, handleType, usageType, rangeType, oneHandBaseDamage, twoHandBaseDamage, damageTypeId, isReach, isFinesse, isLoading, baseWeight, basePrice, version, created, updated) VALUES (9,'Faucille',NULL,'SIMPLE','LIGHT','ONE_HANDED','MELEE',NULL,'1d4',NULL,12,0,0,0,2,1,1,'2016-09-12 14:23:14','2016-09-12 14:23:14');
INSERT INTO weapontype (id, name, description, proficiencyType, sizeType, handleType, usageType, rangeType, oneHandBaseDamage, twoHandBaseDamage, damageTypeId, isReach, isFinesse, isLoading, baseWeight, basePrice, version, created, updated) VALUES (10,'Arbalète légère',NULL,'SIMPLE','MEDIUM','TWO_HANDED','RANGE','AMMUNITION',NULL,'1d8',8,0,0,1,5,25,2,'2016-09-12 14:24:20','2016-09-12 14:53:02');
INSERT INTO weapontype (id, name, description, proficiencyType, sizeType, handleType, usageType, rangeType, oneHandBaseDamage, twoHandBaseDamage, damageTypeId, isReach, isFinesse, isLoading, baseWeight, basePrice, version, created, updated) VALUES (11,'Dard',NULL,'SIMPLE','MEDIUM','ONE_HANDED','RANGE','THROWN','1d4',NULL,8,0,1,0,0.25,1,1,'2016-09-12 14:25:38','2016-09-12 14:25:38');
INSERT INTO weapontype (id, name, description, proficiencyType, sizeType, handleType, usageType, rangeType, oneHandBaseDamage, twoHandBaseDamage, damageTypeId, isReach, isFinesse, isLoading, baseWeight, basePrice, version, created, updated) VALUES (12,'Arc court',NULL,'SIMPLE','MEDIUM','TWO_HANDED','RANGE','AMMUNITION',NULL,'1d6',8,0,0,0,2,25,1,'2016-09-12 14:26:56','2016-09-12 14:26:56');
INSERT INTO weapontype (id, name, description, proficiencyType, sizeType, handleType, usageType, rangeType, oneHandBaseDamage, twoHandBaseDamage, damageTypeId, isReach, isFinesse, isLoading, baseWeight, basePrice, version, created, updated) VALUES (13,'Fronde',NULL,'SIMPLE','LIGHT','ONE_HANDED','RANGE','AMMUNITION','1d4',NULL,2,0,0,0,0.1,1,1,'2016-09-12 14:28:09','2016-09-12 14:28:09');
INSERT INTO weapontype (id, name, description, proficiencyType, sizeType, handleType, usageType, rangeType, oneHandBaseDamage, twoHandBaseDamage, damageTypeId, isReach, isFinesse, isLoading, baseWeight, basePrice, version, created, updated) VALUES (14,'Hache d''arme',NULL,'MARTIAL','MEDIUM','VERSATILE','MELEE',NULL,'1d8','1d10',12,0,0,0,4,10,1,'2016-09-12 14:28:50','2016-09-12 14:28:50');
INSERT INTO weapontype (id, name, description, proficiencyType, sizeType, handleType, usageType, rangeType, oneHandBaseDamage, twoHandBaseDamage, damageTypeId, isReach, isFinesse, isLoading, baseWeight, basePrice, version, created, updated) VALUES (15,'Fléau',NULL,'MARTIAL','MEDIUM','ONE_HANDED','MELEE',NULL,'1d8',NULL,2,0,0,0,2,10,1,'2016-09-12 14:29:28','2016-09-12 14:29:28');
INSERT INTO weapontype (id, name, description, proficiencyType, sizeType, handleType, usageType, rangeType, oneHandBaseDamage, twoHandBaseDamage, damageTypeId, isReach, isFinesse, isLoading, baseWeight, basePrice, version, created, updated) VALUES (16,'Glaive',NULL,'MARTIAL','HEAVY','TWO_HANDED','MELEE',NULL,NULL,'1d10',12,1,0,0,6,20,1,'2016-09-12 14:30:30','2016-09-12 14:30:30');
INSERT INTO weapontype (id, name, description, proficiencyType, sizeType, handleType, usageType, rangeType, oneHandBaseDamage, twoHandBaseDamage, damageTypeId, isReach, isFinesse, isLoading, baseWeight, basePrice, version, created, updated) VALUES (17,'Hache à 2 mains',NULL,'MARTIAL','HEAVY','TWO_HANDED','MELEE',NULL,NULL,'1d12',12,0,0,0,7,30,1,'2016-09-12 14:31:16','2016-09-12 14:31:16');
INSERT INTO weapontype (id, name, description, proficiencyType, sizeType, handleType, usageType, rangeType, oneHandBaseDamage, twoHandBaseDamage, damageTypeId, isReach, isFinesse, isLoading, baseWeight, basePrice, version, created, updated) VALUES (18,'Épée à 2 mains',NULL,'MARTIAL','HEAVY','TWO_HANDED','MELEE',NULL,NULL,'2d6',12,0,0,0,6,50,1,'2016-09-12 14:31:49','2016-09-12 14:31:49');
INSERT INTO weapontype (id, name, description, proficiencyType, sizeType, handleType, usageType, rangeType, oneHandBaseDamage, twoHandBaseDamage, damageTypeId, isReach, isFinesse, isLoading, baseWeight, basePrice, version, created, updated) VALUES (19,'Halebarde',NULL,'MARTIAL','HEAVY','TWO_HANDED','MELEE',NULL,NULL,'1d10',12,1,0,0,6,20,1,'2016-09-12 14:32:27','2016-09-12 14:32:27');
INSERT INTO weapontype (id, name, description, proficiencyType, sizeType, handleType, usageType, rangeType, oneHandBaseDamage, twoHandBaseDamage, damageTypeId, isReach, isFinesse, isLoading, baseWeight, basePrice, version, created, updated) VALUES (20,'Épieu',NULL,'MARTIAL','MEDIUM','TWO_HANDED','MELEE',NULL,NULL,'1d12',8,1,0,0,6,10,2,'2016-09-12 14:34:22','2016-09-12 14:39:27');
INSERT INTO weapontype (id, name, description, proficiencyType, sizeType, handleType, usageType, rangeType, oneHandBaseDamage, twoHandBaseDamage, damageTypeId, isReach, isFinesse, isLoading, baseWeight, basePrice, version, created, updated) VALUES (21,'Épée longue',NULL,'MARTIAL','MEDIUM','VERSATILE','MELEE',NULL,'1d8','1d10',12,0,0,0,3,15,1,'2016-09-12 14:35:39','2016-09-12 14:35:39');
INSERT INTO weapontype (id, name, description, proficiencyType, sizeType, handleType, usageType, rangeType, oneHandBaseDamage, twoHandBaseDamage, damageTypeId, isReach, isFinesse, isLoading, baseWeight, basePrice, version, created, updated) VALUES (22,'Marteau à 2 mains',NULL,'MARTIAL','HEAVY','TWO_HANDED','MELEE',NULL,NULL,'2d6',2,0,0,0,10,10,1,'2016-09-12 14:36:29','2016-09-12 14:36:29');
INSERT INTO weapontype (id, name, description, proficiencyType, sizeType, handleType, usageType, rangeType, oneHandBaseDamage, twoHandBaseDamage, damageTypeId, isReach, isFinesse, isLoading, baseWeight, basePrice, version, created, updated) VALUES (23,'Étoile du matin',NULL,'MARTIAL','MEDIUM','ONE_HANDED','MELEE',NULL,'1d8',NULL,8,0,0,0,4,15,1,'2016-09-12 14:37:16','2016-09-12 14:37:16');
INSERT INTO weapontype (id, name, description, proficiencyType, sizeType, handleType, usageType, rangeType, oneHandBaseDamage, twoHandBaseDamage, damageTypeId, isReach, isFinesse, isLoading, baseWeight, basePrice, version, created, updated) VALUES (24,'Pique',NULL,'MARTIAL','HEAVY','TWO_HANDED','MELEE',NULL,NULL,'1d10',8,1,0,0,18,5,1,'2016-09-12 14:39:07','2016-09-12 14:39:07');
INSERT INTO weapontype (id, name, description, proficiencyType, sizeType, handleType, usageType, rangeType, oneHandBaseDamage, twoHandBaseDamage, damageTypeId, isReach, isFinesse, isLoading, baseWeight, basePrice, version, created, updated) VALUES (25,'Rapière',NULL,'MARTIAL','MEDIUM','ONE_HANDED','MELEE',NULL,'1d8',NULL,8,0,1,0,2,25,1,'2016-09-12 14:40:21','2016-09-12 14:40:21');
INSERT INTO weapontype (id, name, description, proficiencyType, sizeType, handleType, usageType, rangeType, oneHandBaseDamage, twoHandBaseDamage, damageTypeId, isReach, isFinesse, isLoading, baseWeight, basePrice, version, created, updated) VALUES (26,'Cimetère',NULL,'MARTIAL','LIGHT','ONE_HANDED','MELEE',NULL,'1d6',NULL,12,0,1,0,3,25,1,'2016-09-12 14:41:01','2016-09-12 14:41:01');
INSERT INTO weapontype (id, name, description, proficiencyType, sizeType, handleType, usageType, rangeType, oneHandBaseDamage, twoHandBaseDamage, damageTypeId, isReach, isFinesse, isLoading, baseWeight, basePrice, version, created, updated) VALUES (27,'Épée courte',NULL,'MARTIAL','LIGHT','ONE_HANDED','MELEE',NULL,'1d6',NULL,8,0,1,0,2,10,1,'2016-09-12 14:41:38','2016-09-12 14:41:38');
INSERT INTO weapontype (id, name, description, proficiencyType, sizeType, handleType, usageType, rangeType, oneHandBaseDamage, twoHandBaseDamage, damageTypeId, isReach, isFinesse, isLoading, baseWeight, basePrice, version, created, updated) VALUES (28,'Trident',NULL,'MARTIAL','MEDIUM','VERSATILE','MELEE_RANGE','THROWN','1d6','1d8',8,0,0,0,4,5,1,'2016-09-12 14:42:35','2016-09-12 14:42:35');
INSERT INTO weapontype (id, name, description, proficiencyType, sizeType, handleType, usageType, rangeType, oneHandBaseDamage, twoHandBaseDamage, damageTypeId, isReach, isFinesse, isLoading, baseWeight, basePrice, version, created, updated) VALUES (29,'Marteau de guerre',NULL,'MARTIAL','MEDIUM','VERSATILE','MELEE',NULL,'1d8','1d10',2,0,0,0,2,15,1,'2016-09-12 14:43:52','2016-09-12 14:43:52');
INSERT INTO weapontype (id, name, description, proficiencyType, sizeType, handleType, usageType, rangeType, oneHandBaseDamage, twoHandBaseDamage, damageTypeId, isReach, isFinesse, isLoading, baseWeight, basePrice, version, created, updated) VALUES (30,'Fouet',NULL,'MARTIAL','MEDIUM','ONE_HANDED','MELEE',NULL,'1d4',NULL,12,1,1,0,3,2,1,'2016-09-12 14:44:27','2016-09-12 14:44:27');
INSERT INTO weapontype (id, name, description, proficiencyType, sizeType, handleType, usageType, rangeType, oneHandBaseDamage, twoHandBaseDamage, damageTypeId, isReach, isFinesse, isLoading, baseWeight, basePrice, version, created, updated) VALUES (31,'Sarbacane',NULL,'MARTIAL','LIGHT','ONE_HANDED','RANGE','AMMUNITION','1d1',NULL,8,0,0,0,1,10,1,'2016-09-12 14:46:11','2016-09-12 14:46:11');
INSERT INTO weapontype (id, name, description, proficiencyType, sizeType, handleType, usageType, rangeType, oneHandBaseDamage, twoHandBaseDamage, damageTypeId, isReach, isFinesse, isLoading, baseWeight, basePrice, version, created, updated) VALUES (32,'Arbalète de poing',NULL,'MARTIAL','LIGHT','ONE_HANDED','RANGE','AMMUNITION','1d6',NULL,8,0,0,1,3,75,1,'2016-09-12 14:54:15','2016-09-12 14:54:15');
INSERT INTO weapontype (id, name, description, proficiencyType, sizeType, handleType, usageType, rangeType, oneHandBaseDamage, twoHandBaseDamage, damageTypeId, isReach, isFinesse, isLoading, baseWeight, basePrice, version, created, updated) VALUES (33,'Arbalète lourde',NULL,'MARTIAL','HEAVY','TWO_HANDED','RANGE','AMMUNITION',NULL,'1d10',8,0,0,1,18,50,1,'2016-09-12 14:55:17','2016-09-12 14:55:17');
INSERT INTO weapontype (id, name, description, proficiencyType, sizeType, handleType, usageType, rangeType, oneHandBaseDamage, twoHandBaseDamage, damageTypeId, isReach, isFinesse, isLoading, baseWeight, basePrice, version, created, updated) VALUES (34,'Arc long',NULL,'MARTIAL','HEAVY','TWO_HANDED','RANGE','AMMUNITION',NULL,'1d8',8,0,0,0,2,50,1,'2016-09-12 14:56:04','2016-09-12 14:56:04');

/* Race */
INSERT INTO race (id, name, description, traits, strModifier, dexModifier, conModifier, intModifier, wisModifier, chaModifier, minAge, maxAge, size, averageHeight, averageWeight, speed, extraLanguage, damageTypeId, image, version, created, updated) VALUES (1,'Nain d''écu','Les Nains sont des travailleurs volontaires connus pour leur compétence martiale, leur faculté à résister à tout ou presque, leur grande connaissance des secrets de la terre et la quantité de bière qu''ils sont capable d''ingurgiter. Leurs mystérieux royaumes, taillés à l''intérieur des montagnes, sont renommés pour les merveilleux trésors qu''ils produisent… Les Nains n''ont pas le sourire facile. Soupçonneux par nature à l''égard des gens qu''ils ne connaissant pas, ils savent se montrer généreux pour peu que l''on ait mérité leur confiance. Ils accordent une grande valeur à l''or et aux pierres précieuses, ainsi qu''aux bijoux et objets d''art réalisés à partir de ces matières premières. Certains sont particulièrement cupides… Ils se battent avec courage et ténacité, sans faire montre de retenue, ni de témérité. Leur sens de la justice est très poussé, mais il peut parfois dégénérer en une soif irraisonnée de vengeance. Les Nains mesurent entre 4 et 5 pieds, mais leur largeur d''épaules et leur ossature sont telles qu''ils pèsent presque autant que les humains. Les mâles sont légèrement plus grands et sensiblement plus lourds que les femelles. La peau des Nains prend souvent un teint bronzé ou brun clair et leurs yeux sont noirs. Quant à leurs cheveux, ils sont généralement noirs, gris ou châtains et tous les laissent pousser. Les mâles accordent une grande importance à leur barbe, qu''ils soignent tout particulièrement. Que ce soit pour leurs cheveux, leur barbe ou leurs habits, le classicisme est de mise. Les Nains sont considérés adultes aux alentours de 40 ans et certains vivent au-delà de 400 ans.','Vision dans le noir : peut voir à 60 pieds dans la lumière faible comme en plain jour et dans la noirceur comme dans la lumière faible\nSolidité des nains : 1 point de vie supplémentaire à chaque niveau',0,0,2,0,1,0,50,400,'MEDIUM','4''6\"',150,25,0,9,NULL,2,'2016-09-12 10:30:53','2016-09-12 10:56:34');
INSERT INTO race (id, name, description, traits, strModifier, dexModifier, conModifier, intModifier, wisModifier, chaModifier, minAge, maxAge, size, averageHeight, averageWeight, speed, extraLanguage, damageTypeId, image, version, created, updated) VALUES (2,'Nain doré','Contrairement aux Nains d''écu, les Nains d''or (ou \" Nains Dorés \") conservèrent leurs vastes royaumes de la Grande Faille (Sud des Royaumes) et ne connurent pas de déclin, suite aux guerres terribles menées contre de maléfiques humanoïdes. Même s''ils pratiquaient quelques arts magiques, ils n''eurent jamais le travers qui provoqua la chute de nations humaines. Confiants et à l''abri dans leurs demeures reculées, les Nains d''or gagnèrent la réputation d''être fiers et hautains…\n\nDepuis la Bénédiction du tonnerre, nombre de jeunes nains d''or on quitté la Grande Faille et explorent le reste de Féérune. Les peuples des autres terres ont appris que si les nains d''or sont distants et méfiants, ils sont généralement de bons guérriers et de sagaces négociants. Les nains dorés sont forts et accoutumés à la vie difficile des montagnes. Ils ont la peau un peu plus clair que les nains d''écu. Les pilosités blondes ou rousses existent, mais sont moins courantes qu''au Nord.','Vision dans le noir : peut voir à 60 pieds dans la lumière faible comme en plain jour et dans la noirceur comme dans la lumière faible',2,0,2,0,0,0,50,400,'MEDIUM','4''',150,25,0,9,NULL,3,'2016-09-04 11:34:38','2016-09-12 10:58:40');
INSERT INTO race (id, name, description, traits, strModifier, dexModifier, conModifier, intModifier, wisModifier, chaModifier, minAge, maxAge, size, averageHeight, averageWeight, speed, extraLanguage, damageTypeId, image, version, created, updated) VALUES (3,'Elfe doré','De tous les Elfes, les Elfes Dorés sont les plus arrogants et hautins - même plus que les Avariels qui ont plus de pitié envers les races terrestres. Les Elfes Dorés se considèrent comme la vraie race elfe, les constructeurs et dirigeants des royaumes elfes ; ils pensent que les autres Elfes échouent dans l''ascension vers la solennité et la dignité de leurs parents.\nComme la plupart des autres Elfes de Faerûn, les Elfes Dorés sont grands et minces.\nLes Elfes Dorés ont une peau couleur bronze, les cheveux blonds (proche de l''or), cuivres ou noirs et des yeux verts ou dorés.\nIls aiment principalement la contemplation, la tradition et l''étude plus que les jeux rapides et les chansons au cœur léger des autres Elfes, mais ils semblent réunir la beauté surnaturelle, la grâce et la présence des Elfes…\nLes Elfes Dorés portent des habits à la fois magnifiques et négligés, préférant les couleurs froides comme le bleu et le vert. Ils décorent leurs vêtements avec des broderies en fils d''or ou de mithril représentant des motifs dont les dessins subtils ne sont pas visibles au premier coup d''œil. Les bijoux sont simples, mais soigneusement ornés.','Vision dans le noir : peut voir à 60 pieds dans la lumière faible comme en plain jour et dans la noirceur comme dans la lumière faible.\nDextérité +2, Intelligence +1\nCompétence avec le talent Perception\nAvantage de jet de sauvegarde contre les charmes et le sommeil.',0,2,0,1,0,0,100,750,'MEDIUM','5''3\"',125,30,0,NULL,NULL,4,'2016-09-04 11:51:31','2016-09-12 10:51:43');
INSERT INTO race (id, name, description, traits, strModifier, dexModifier, conModifier, intModifier, wisModifier, chaModifier, minAge, maxAge, size, averageHeight, averageWeight, speed, extraLanguage, damageTypeId, image, version, created, updated) VALUES (5,'Elfe argenté','De tous les Elfes, les Elfes Argentés sont les plus sociables, les plus tolérants et donc les plus susceptibles de devenir aventuriers. La plupart des Elfes rencontrés dans les Royaumes sont des Elfes Argentés et les Demi-Elfes que l''on peut rencontrer en descendent donc bien souvent… Bien qu''ils soient considérés comme moins nobles que les Elfes Dorés, il faut savoir qu''Amlaruil Fleur-de-Lune, la Reine d’Éternelle-Rencontre, est une Elfe Argentée. À la différence des Elfes Dorés, les Elfes Argentés n''accordent pas beaucoup de valeur au concept de société et refusent de respecter quiconque, uniquement à cause de sa lignée. Exubérants, extravertis et \" je-m''en-foutistes \", tels sont les adjectifs les qualifiant le mieux. Les Elfes Argentés vivent en harmonie avec la Nature et mènent une existence idyllique, pleine de joie de vivre, de liberté, et d''amour de la Nature, tout du moins quand ils restent chez eux ; quand ils partent à l''aventure -ce qui leur arrive souvent-, ils doivent s''adapter. Ils peuvent tout aussi bien rire et chanter que plonger dans une profonde mélancolie ; ils sont en fait assez lunatiques, ce qui leur vaut peut-être cette appellation d''Elfes de Lune !\nLes Elfes Argentés sont les plus susceptibles de fréquenter des non-Elfes, de par leur caractère ouvert et leur joie de vivre naturelle. Ils sont généralement bien acceptés par les Humains et les autres humanoïdes. La majorité des Elfes fréquentant les Humains sont des Elfes Argentés.\n\nLes Elfes Argentés sont plus à l''aise en milieu forestier que les Elfes Dorés, puisqu''ils vivent dans les arbres. Ils s''entendent également mieux qu''eux avec les Elfes Verts et Cuivrés, ainsi qu''avec tous les habitants des forêts et d''une façon générale, ce sont les Elfes qui s''entendent le mieux avec les étrangers, car leur caractère enjoué et leurs humeurs changeantes suffisent généralement à divertir leur entourage.','Vision dans le noir : peut voir à 60 pieds dans la lumière faible comme en plain jour et dans la noirceur comme dans la lumière faible.\nDextérité +2, Intelligence +1\nCompétence avec le talent Perception\nAvantage de jet de sauvegarde contre les charmes et le sommeil.',0,2,0,1,0,0,100,700,'MEDIUM','5''3\"',125,30,0,NULL,NULL,2,'2016-09-12 10:44:53','2016-09-12 10:51:35');
INSERT INTO race (id, name, description, traits, strModifier, dexModifier, conModifier, intModifier, wisModifier, chaModifier, minAge, maxAge, size, averageHeight, averageWeight, speed, extraLanguage, damageTypeId, image, version, created, updated) VALUES (6,'Elfe des bois','Les Elfes des Bois sont calmes, sereins et difficiles à surprendre. Leur patience est légendaire. Ils ne font qu''un avec la Nature et se sentent mal au milieu de la civilisation. Ils ont perdu le besoin de remplacer la Nature par des murs et des palais, même si les cités elfes semblent ridicules à côtés de celles des Elfes des Bois! Ils pensent que les constructions de pierres ne sont qu''une étape dans le monde, la Nature reprenant toujours ses droits sur les grandes cités… Les autres races voient cette attitude comme du fatalisme et de la condescendance, comprenant mal les Elfes des Bois. Connus aussi sous le nom d''Elfes de Cuivre ou d''Elfes Sylvains, ils ont la peau cuivrée teintée de vert et ont les yeux verts, marrons ou noisettes. Leurs cheveux sont généralement bruns ou noirs, parfois blonds ou cuivrés. Ces Elfes préfèrent s''habiller simplement, comme les Elfes de Lune, mais avec des couleurs moins criardes. Leurs robes sont d''une coupe simple, avec des broderies aux motifs simples et naturels. Ils affectionnent particulièrement les armures de cuir et ils portent souvent des ensembles parfaitement tissés, même s''ils se sentent en danger. Leurs habits, qu''ils portent une armure ou pas, sont généralement dans les tons verts ou marrons, pour se fondre plus facilement dans leur environnement. Il s''agit d''une race humble qui ne s''encombre pas de bijoux et autres fanfreluches. \nLes Elfes des Bois sont de la même taille que la plupart des Elfes de Faerûn, mais sont mieux bâtis.','Vision dans le noir : peut voir à 60 pieds dans la lumière faible comme en plain jour et dans la noirceur comme dans la lumière faible.\nDextérité +2, Sagesse+1\nCompétence avec le talent Perception\nAvantage de jet de sauvegarde contre les charmes et le sommeil.',0,2,0,0,1,0,0,0,'MEDIUM','5''3\"',125,35,0,NULL,NULL,1,'2016-09-12 10:51:25','2016-09-12 10:51:25');
INSERT INTO race (id, name, description, traits, strModifier, dexModifier, conModifier, intModifier, wisModifier, chaModifier, minAge, maxAge, size, averageHeight, averageWeight, speed, extraLanguage, damageTypeId, image, version, created, updated) VALUES (7,'Halfelin Pied-Léger','Les Halfelins sont particulièrement rusés et prompts à saisir la moindre occasion. En clans ou seul, ils font leur trou partout où c''est possible. Voyageurs dans l''âme, ils sont considérés comme des étrangers presque partout. À ce titre, ils attirent les soupçons et la curiosité. Selon le clan auquel ils appartiennent, ils peuvent être considérés comme dignes de confiance et travailleurs ou comme de simples voleurs attendant le gros coup qui leur permettra de disparaître sans laisser de traces. Quel que soit leur mode de vie, ce sont des battants pleins de ressources.\n\nLes habitants de Faerûn sont plus familiers des Halfelins \"Pieds légers\" que de ceux les autres races d''Halfelins ; tout d''abord parce qu''ils sont les plus nombreux, mais aussi car ils sont les plus voyageurs. Toute communauté humaine d''une taille dépassant le village, peut compter quelques Halfelins. D''ailleurs, quand la plupart des habitants de Faerûn pensent aux Halfelins, c''est à ces derniers qu''ils pensent… Ils sont d''une curiosité maladive. Confiants dans leur capacité à se tirer des pires pétrins, ils font preuve d''une audace que la plupart des autres races sont bien incapables d''égaler.\n\nLes Halfelins sont nomades et leurs clans se déplacent constamment, allant où les circonstances ou leur curiosité les poussent. Ils apprécient la richesse pour les plaisirs qu''elle peut acheter et dépensent l''argent sans compter, aussi vite qu''ils l''obtiennent !\n\nCe sont également de grands collectionneurs. Les plus classiques collectionnent les armes, les livres ou les bijoux, mais certains sont attirés par les objets plus surprenants, comme par exemples les peaux de bêtes féroces, voire les créatures elles-mêmes ! Les riches Halfelins font parfois appel à des aventuriers, qu''ils envoient chercher les pièces qui compléteront leur collection.\n\nLes Halfelins mesurent en général 3 pieds et pèsent entre 40 et 45 lbs. Ils ont le teint rougeaud et des cheveux noirs et raides, tandis que leurs yeux sont noirs ou noisettes. Les hommes laissent souvent pousser leurs favoris, mais les barbes sont rares parmi eux et les moustaches plus encore… Ils aiment les vêtements simples, pratiques et agréables à porter. Ils atteignent l''âge adulte peu après 20 ans et vivent généralement un siècle et demi.','Dextérité +2, Charisme +1',0,2,0,0,0,1,20,150,'SMALL','3''',40,25,0,NULL,NULL,1,'2016-09-12 11:07:53','2016-09-12 11:07:53');
INSERT INTO race (id, name, description, traits, strModifier, dexModifier, conModifier, intModifier, wisModifier, chaModifier, minAge, maxAge, size, averageHeight, averageWeight, speed, extraLanguage, damageTypeId, image, version, created, updated) VALUES (8,'Halfelin Coeur-Vaillant','Si les \" Pieds légers \" accordent de la valeur aux voyages et aux nouveaux visages, les Halfelins \"Cœurs vaillants\" sont beaucoup plus organisés, ordonnés et travailleurs. Leurs œuvres sont faites pour durer et ils défendent leurs demeures avec férocité face à des menaces que fuiraient leurs cousins aux \" pieds légers \". Les Humains du Nord habitués aux \" Pieds légers \", si faciles à vivre, sont surpris de découvrir que certains Halfelins entretiennent une tradition martiale et qu''ils n''ont pas peur de faire montre d''arrogance ou de confiance en leurs forces.\n\nLes Halfelins \"Cœurs vaillants\" aiment les épreuves physiques et accordent une grande valeur à toutes les formes de compétences exceptionnelles. La plupart de ces Halfelins vivent dans la forêt de Luiren, dans le Sud des Royaumes.','Dextérité +2, Constitution +1',0,2,1,0,0,0,20,150,'SMALL','3''',40,25,0,9,NULL,2,'2016-09-12 11:10:53','2016-09-12 11:11:05');
INSERT INTO race (id, name, description, traits, strModifier, dexModifier, conModifier, intModifier, wisModifier, chaModifier, minAge, maxAge, size, averageHeight, averageWeight, speed, extraLanguage, damageTypeId, image, version, created, updated) VALUES (9,'Humain','Dans la plupart des mondes, les humains sont la plus jeune des races communes, la dernière à être apparue et celle dotée de la plus faible longévité par rapport aux nains, aux elfes et aux dragons. Peut-être du fait de leurs vies plus courtes, ils s''efforcent d''atteindre autant d''objectifs qu''ils peuvent pendant les années qui leur sont données. Ou peut-être sentent-ils qu''ils ont quelque chose à prouver aux races plus anciennes, et c''est pourquoi ils construisent de puissants empires basés sur la conquête et le commerce. Mais quelle que soit la raison qui les pousse de l''avant, les humains sont les innovateurs, les bâtisseurs et les pionniers de leurs mondes.\n\nAvec leur penchant pour les migrations et les conquêtes, il y a plus de diversités physiques chez les humains que chez les autres races communes. Il n’y a pas d’humain moyen. Un individu peut mesurer un peu moins de 5'' à plus de 6'', et peser de 125 à 250 lbs. La couleur de leur peau varie du presque noir au blanc le plus pâle, et la couleur de leurs cheveux du noir au blond, qu’ils soient bouclés, frisés ou raides, les hommes arborant parfois une pilosité faciale plus ou moins épaisse. De nombreux humains ont une petite quantité de sang non-humain dans leurs veines, révélant des ascendances elfe, orque, ou d’autres  lignages. Les humains atteignent l’âge adulte peu avant vingt ans et vivent rarement plus d’un siècle.\n\nLes humains sont les plus adaptables et les plus ambitieux de toutes les races communes. Leurs goûts, leurs morales et leurs coutumes varient grandement en fonction des nombreux pays où ils se sont installés. Lorsqu’ils s’installent quelque part, ils construisent des cités faites pour durer à travers les âges, et de grands royaumes pouvant perdurer de longs siècles. Même si un humain a une espérance de vie relativement courte, les nations et cultures humaines préservent leurs traditions, dont certaines remontent bien au-delà de la mémoire des humains. Ils vivent pleinement le moment présent – ce qui les rend parfaitement adaptés à la vie d’aventurier – mais font également des plans pour le futur, cherchant toujours à laisser derrière eux un héritage. En tant qu’individu ou groupe, les humains sont opportunistes, font preuve d’adaptabilité et sont toujours prêts à changer de système politique ou social.','Toutes les capacités +1',1,1,1,1,1,1,18,60,'MEDIUM','5''6\"',175,30,1,NULL,NULL,1,'2016-09-12 11:21:10','2016-09-12 11:21:10');
INSERT INTO race (id, name, description, traits, strModifier, dexModifier, conModifier, intModifier, wisModifier, chaModifier, minAge, maxAge, size, averageHeight, averageWeight, speed, extraLanguage, damageTypeId, image, version, created, updated) VALUES (10,'Demi-elfe','Fréquentant deux mondes, mais n''appartenant vraiment à aucun des deux, les demi-elfes combinent ce que certains disent être les meilleures qualités de leurs parents elfes et humains : la curiosité et la créativité humaine, et une ambition tempérée par des sens raffinés, l''amour de la nature et les goûts artistiques des elfes. Certains demi-elfes vivent parmi les humains, un peu en marge de par leurs différences physiques et émotionnelles, en regardant vieillir leurs amis et leurs proches alors que le temps les touche à peine. D''autres vivent chez les elfes, devenant adultes alors que leurs pairs continuent de vivre comme des enfants, s''agitant de plus en plus dans ces royaumes elfiques intemporels. Beaucoup d''autres demi-elfes, incapables de s''intégrer dans quelle société que ce soit, choisissent une vie d''errance solitaire, ou rejoignent d''autres marginaux et exclus pour partager une vie d''aventures.\n\nPour les humains, un demi-elfe ressemble à un elfe, et pour un elfe il paraît humain. Bien qu''ils soient par la taille proche de leurs parents, ils ne sont jamais aussi sveltes que les elfes ou aussi robustes que les humains. Leur taille varie entre 1,50 et 1,80 mètre, avec un poids situé entre 50 et 90 kilos, les hommes étant légèrement plus grands et plus lourds que les femmes. Les hommes demi-elfes possèdent une pilosité faciale, et se laissent parfois pousser la barbe pour dissimuler leur héritage elfique. La complexion et les caractéristiques physiques d''un demi-elfe sont un mélange entre celles de leurs parents humains et elfes, montrant ainsi une variété encore plus prononcée que celle observée chez les deux espèces. Ils ont généralement les yeux de leur parent elfe.','Charisme +2, Dextérité +1, Intelligence +1\nVision dans le noir : Grâce à votre sang elfe, vous avez une vision supérieure dans le noir et les conditions de faible éclairage. Vous pouvez voir à 60 pieds dans une lumière faible comme vous verriez avec une lumière vive, et dans le noir comme vous verriez avec une lumière faible. Dans le noir, vous ne discernez pas les couleurs, uniquement des nuances de gris.\nAvantage aux jets de sauvegarde contre les effets de charme et de sommeil.',0,1,0,1,0,2,20,180,'MEDIUM','5''6\"',160,30,1,NULL,NULL,1,'2016-09-12 11:31:18','2016-09-12 11:31:18');
INSERT INTO race (id, name, description, traits, strModifier, dexModifier, conModifier, intModifier, wisModifier, chaModifier, minAge, maxAge, size, averageHeight, averageWeight, speed, extraLanguage, damageTypeId, image, version, created, updated) VALUES (11,'Demi-orque','Que ce soit unis sous la direction d''un puissant sorcier ou lors de trêves après des années de conflit, les tribus orques et humaines forment parfois des alliances, unissant leurs forces en une horde encore plus grande qui engendre la terreur dans les terres civilisées proches. Et lorsque ces alliances sont scellées par des mariages, des demi-orques naissent. Certains deviennent de fiers chefs de tribus orques, leur sang humain leur donnant un avantage sur leurs rivaux orques. Certains s''aventurent dans le monde afin de prouver leur valeur parmi les humains ou d''autres races plus civilisées. Beaucoup d''entre eux deviennent alors des aventuriers, acquérant la grandeur à travers leurs hauts faits et la notoriété à travers leurs coutumes barbares et leur fureur sauvage.\n\nLa pigmentation grisâtre, le front incliné, la mâchoire saillante, les dents proéminentes et la carrure imposante des demi-orques rendent leur ascendance orque visible de tous. Les demi-orques mesurent entre 6 et 7 pieds et pèsent généralement entre 180 et 250 lbs. Les orques considèrent également les cicatrices des batailles comme des marques d''orgueil et les cicatrices ornementales comme des choses d''une grande beauté. D''autres cicatrices, par contre, signalent un orque ou un demi-orque comme étant un ancien esclave ou un exilé en disgrâce. Tous les demi-orques ayant vécu parmi ou près d''orques portent des cicatrices, qu''elles soient des marques d''humiliation ou d''orgueil, racontant leurs exploits et les blessures du passé. Un demi-orque vivant parmi les humains peut afficher avec fierté ses cicatrices ou les cacher honteusement.','Force +2, Constitution +1.\n\nVision dans le noir : Grâce à votre sang orque, vous avez une vision supérieure dans le noir et les conditions de faible éclairage. Vous pouvez voir à 18 mètres dans une lumière faible comme vous verriez avec une lumière vive, et dans le noir comme vous verriez avec une lumière faible. Dans le noir, vous ne discernez pas les couleurs, uniquement des nuances de gris.\n\nMenaçant: Vous gagnez la maîtrise de la compétence Intimidation.\n\nEndurance tenace : Lorsque vous êtes réduit à 0 point de vie, mais pas tué sur le coup, vous pouvez remonter à 1 point de vie. Vous devez terminer un repos long pour pouvoir utiliser cette capacité de nouveau.\n\nAttaques sauvages : Lorsque vous réalisez un coup critique lors d''une attaque avec une arme de corps à corps, vous pouvez jeter l''un des dés de dégâts de l''arme une deuxième fois et l''ajouter aux dégâts supplémentaires du coup critique.',2,0,1,0,0,0,14,75,'MEDIUM','6''6\"',200,30,0,NULL,NULL,1,'2016-09-12 11:37:07','2016-09-12 11:37:07');
INSERT INTO race (id, name, description, traits, strModifier, dexModifier, conModifier, intModifier, wisModifier, chaModifier, minAge, maxAge, size, averageHeight, averageWeight, speed, extraLanguage, damageTypeId, image, version, created, updated) VALUES (12,'Gnomes des forêts','Les gnomes des forêts se réunissent dans des communautés cachées au sein des forêts, souvent loin des routes et des chemins de la civilisation. Timides et discrets, ces gnomes évitent la confrontation autant que possible en utilisant l''illusion et la ruse pour se cacher des menaces ou pour masquer leur fuite s''ils ont été débusqués. Les gnomes des forêts ont tendance à être amicaux avec les autres habitants des bois, et considèrent les elfes et les fées bonnes comme leurs alliés les plus importants. Ils se lient aussi d''amitié avec les petits animaux de la forêt, sur lesquels ils comptent pour obtenir des informations sur les menaces qui pourraient planer sur leurs terres.','Intelligence +2, Dextérité + 1\nParler avec les petits animaux : À l''aide de sons et de gestes, vous pouvez communiquer des idées simples à des bêtes de petite taille ou plus petite. Les gnomes des forêts aiment les animaux et traitent de manière bienveillante comme un animal domestique tout animal qu''ils peuvent trouver (écureuils, blaireaux, lapins, taupes, etc...).\nVision dans le noir : Habitué à vivre sous terre, vous avez une vision supérieure dans le noir et les conditions de faible éclairage. Vous pouvez voir à 60 pieds dans une lumière faible comme vous verriez avec une lumière vive, et dans le noir comme vous verriez avec une lumière faible. Dans le noir, vous ne discernez pas les couleurs, uniquement des nuances de gris.',0,1,0,2,0,0,40,500,'SMALL','3''6\"',40,25,0,NULL,NULL,1,'2016-09-12 12:47:46','2016-09-12 12:47:46');
INSERT INTO race (id, name, description, traits, strModifier, dexModifier, conModifier, intModifier, wisModifier, chaModifier, minAge, maxAge, size, averageHeight, averageWeight, speed, extraLanguage, damageTypeId, image, version, created, updated) VALUES (13,'Gnome des roches','Les gnomes des roches établissent leurs communautés dans les collines et les montagnes, là où ils peuvent avoir accès aux matériaux dont ils ont besoin pour construire et bricoler. Ces maîtres artisans sont inégalés lorsqu''on parle de tailler des gemmes ou de mécanique et autres merveilles technologiques. Leurs réalisations sont recherchées dans le monde entier.','Intelligence + 2, Constitution +1\nVision dans le noir : Habitué à vivre sous terre, vous avez une vision supérieure dans le noir et les conditions de faible éclairage. Vous pouvez voir à 18 mètres dans une lumière faible comme vous verriez avec une lumière vive, et dans le noir comme vous verriez avec une lumière faible. Dans le noir, vous ne discernez pas les couleurs, uniquement des nuances de gris.',0,0,1,2,0,0,40,500,'SMALL','3''6\"',40,25,0,NULL,NULL,1,'2016-09-12 12:50:42','2016-09-12 12:50:42');
INSERT INTO race (id, name, description, traits, strModifier, dexModifier, conModifier, intModifier, wisModifier, chaModifier, minAge, maxAge, size, averageHeight, averageWeight, speed, extraLanguage, damageTypeId, image, version, created, updated) VALUES (14,'Gnome des profondeurs','Retranchés dans les profondeurs de l’Outreterre se trouvent les Svirfnebelins, ou Gnomes des Profondeurs. Solitaires, méfiants et n’appréciant guère les intrusions dans leurs cavernes, les Gnomes des Profondeurs ne partagent pas le sens de l’humour et l’ouverture d’esprit de leurs cousins de la surface. Là où une communauté de Gnomes bouillonne d’énergie, d’agitation et de rires, une ville de svirfnebelins est un lieu lugubre et terne, où ne résonne que le silence et où on ne distingue que de rares mouvements parmi les ombres. Les Svirfnebelins ne sont guère attrayants. Ils ont la peau marron ou grise, ainsi que les yeux et les cheveux gris ; les mâles sont chauves. Ils sont généralement renfrognés, repliés sur eux-mêmes et méfiants à l’excès…','Intelligence +2, Dextérité +1, Sagesse +1\nVision dans le noir améliorée :  Habitué à vivre sous terre, vous avez une vision supérieure dans le noir et les conditions de faible éclairage. Vous pouvez voir à 120 dans une lumière faible comme vous verriez avec une lumière vive, et dans le noir comme vous verriez avec une lumière faible. Dans le noir, vous ne discernez pas les couleurs, uniquement des nuances de gris.',0,1,0,2,1,0,40,500,'SMALL','3''6\"',40,25,0,NULL,NULL,2,'2016-09-12 12:56:00','2016-09-12 12:57:49');
INSERT INTO race (id, name, description, traits, strModifier, dexModifier, conModifier, intModifier, wisModifier, chaModifier, minAge, maxAge, size, averageHeight, averageWeight, speed, extraLanguage, damageTypeId, image, version, created, updated) VALUES (15,'Elfe noir','Issus d''une ancienne sous-race d''elfes à la peau sombre, les drows ont été banni de la surface du monde pour avoir suivi la déesse Lloth sur la voie du mal et de la corruption. Maintenant, ils ont construit leur propre civilisation dans les profondeurs de l''Outreterre, calquée sur le Chemin de Lloth. Aussi appelés elfes noirs, les drows ont la peau noire comme de l''obsidienne polie et les cheveux blancs ou jaunes pâles. Ils ont souvent des yeux très pâles (si pâles qu''on les croit quelquefois blancs), dans des tons lilas pâle, argent, rose ou bleu. Ils ont tendance à être plus petits et plus minces que la plupart des elfes.\n\nDans l’ensemble, les Drows sont sadiques, destructeurs et traîtres. Ils se voient comme les héritiers légitimes de Faerûn et ils se souviendront toujours de leur injuste exil dans les profondeurs. Ils haïssent les autres races et ceux qu''ils ne combattent pas, ne sont tolérés que par nécessité pour le commerce et des alliances militaires temporaires. Même entre eux, les Elfes Noirs sont cruels et méfiants. Il n''y a que très peu de place pour l''amour et l''amitié dans la société drow. Ils apprécient la valeur des alliances avec les membres d''autres familles, mais aucun Drow ne fait vraiment confiance à un autre. Ils ne forgent des alliances que s''ils sont plus puissants que leur \" allié \", qu''ils les fassent chanter ou qu''un ennemi commun les fasse oublier leur haine l''un envers l''autre. Et même ainsi, Les Elfes Noirs conservent œil et oreille tendus pour déjouer la moindre traîtrise. La devise pour un Drow pourrait être : \"Elimine les autres avant qu''ils ne t''éliminent.\" Bien sûr il y a toujours des exceptions à la règle.','Dextérité +2, Charisme +1\nVision dans le noir : Les elfes noirs voient à 120 pieds de distance dans le noir le plus complet. Ils perdent alors le sens des couleurs (et voient juste en noir et blanc) mais leurs perceptions n''en souffrent pas pour autant. Ils peuvent agir normalement sans la moindre lumière.',0,2,0,0,0,1,100,750,'MEDIUM','5''3\"',125,30,0,NULL,NULL,1,'2016-09-12 13:07:12','2016-09-12 13:07:12');
INSERT INTO race (id, name, description, traits, strModifier, dexModifier, conModifier, intModifier, wisModifier, chaModifier, minAge, maxAge, size, averageHeight, averageWeight, speed, extraLanguage, damageTypeId, image, version, created, updated) VALUES (16,'Tieffelin','Être accueilli par des regards suspicieux et des murmures, souffrir insultes et violences à chaque coin de rue, croiser le doute et la peur dans chaque regard, tel est le lot quotidien du tieffelin. Et pour remuer le couteau dans la plaie, les tieffelins ont conscience que tout cela vient d''un pacte passé il y a plusieurs générations qui imprégna leur lignée de l''essence d''Asmodée, le seigneur des neuf enfers. Leur apparence et leur nature ne sont pas le fruit de leur volonté, mais la conséquence d''un péché ancien duquel eux-mêmes, leurs enfants et toute leur descendance, seront toujours redevables.\n\nLes tieffelins descendent d''une lignée humaine et, dans l''absolu, ils ressemblent toujours aux humains. Malgré tout, leur héritage infernal a laissé une marque claire et indélébile sur leur apparence. Les tieffelins possèdent comme attribut le plus marquant de larges cornes, qui peuvent apparaître sous une grande variété de formes : certains ont les cornes courbées d''un bélier, d''autres les longues cornes d''une gazelle, et d''autres encore ont les cornes en spirales de l''antilope. Ils ont aussi une fine queue mesurant entre 4 et 5 pieds de long qui fouette l''air ou s’enroule autour de leurs jambes quand ils deviennent agacés ou nerveux. Leurs canines sont particulièrement pointues et leurs yeux d''une couleur unique – noirs, jaunes, argent ou or – sans sclère ni pupille discernable. La couleur de leur peau couvre toute la palette des couleurs humaines, mais intègre aussi plusieurs nuances de rouges. Leurs cheveux, descendants de derrière leurs cornes, sont généralement sombres, plutôt noirs ou bruns, ou parfois rouge sombre, bleu ou pourpre.','Intelligence +1, Charisme +2\nRésistance infernale : Vous avez la résistance aux dégâts de feu.\nVision dans le noir : Grâce à votre héritage infernal, vous avez une vision supérieure dans le noir et les conditions de faible éclairage. Vous pouvez voir à 60 pieds dans une lumière faible comme vous verriez avec une lumière vive, et dans le noir comme vous verriez avec une lumière faible. Dans le noir, vous ne discernez pas les couleurs, uniquement des nuances de gris.',0,0,0,1,0,2,18,100,'MEDIUM','5''6\"',160,30,0,3,NULL,1,'2016-09-12 13:27:36','2016-09-12 13:27:36');

/* RaceArmorProficiency */
insert into racearmorproficiencies (raceId, proficiency) values (2,'MEDIUM');
insert into racearmorproficiencies (raceId, proficiency) values (2,'LIGHT');

/* RaceLanguage */
INSERT INTO racelanguage (raceId, languageId) VALUES (1,1);
INSERT INTO racelanguage (raceId, languageId) VALUES (2,1);
INSERT INTO racelanguage (raceId, languageId) VALUES (3,1);
INSERT INTO racelanguage (raceId, languageId) VALUES (5,1);
INSERT INTO racelanguage (raceId, languageId) VALUES (6,1);
INSERT INTO racelanguage (raceId, languageId) VALUES (7,1);
INSERT INTO racelanguage (raceId, languageId) VALUES (8,1);
INSERT INTO racelanguage (raceId, languageId) VALUES (9,1);
INSERT INTO racelanguage (raceId, languageId) VALUES (10,1);
INSERT INTO racelanguage (raceId, languageId) VALUES (11,1);
INSERT INTO racelanguage (raceId, languageId) VALUES (12,1);
INSERT INTO racelanguage (raceId, languageId) VALUES (13,1);
INSERT INTO racelanguage (raceId, languageId) VALUES (14,1);
INSERT INTO racelanguage (raceId, languageId) VALUES (15,1);
INSERT INTO racelanguage (raceId, languageId) VALUES (16,1);
INSERT INTO racelanguage (raceId, languageId) VALUES (1,2);
INSERT INTO racelanguage (raceId, languageId) VALUES (2,2);
INSERT INTO racelanguage (raceId, languageId) VALUES (3,3);
INSERT INTO racelanguage (raceId, languageId) VALUES (5,3);
INSERT INTO racelanguage (raceId, languageId) VALUES (6,3);
INSERT INTO racelanguage (raceId, languageId) VALUES (10,3);
INSERT INTO racelanguage (raceId, languageId) VALUES (15,3);
INSERT INTO racelanguage (raceId, languageId) VALUES (12,5);
INSERT INTO racelanguage (raceId, languageId) VALUES (13,5);
INSERT INTO racelanguage (raceId, languageId) VALUES (14,5);
INSERT INTO racelanguage (raceId, languageId) VALUES (7,7);
INSERT INTO racelanguage (raceId, languageId) VALUES (8,7);
INSERT INTO racelanguage (raceId, languageId) VALUES (11,8);
INSERT INTO racelanguage (raceId, languageId) VALUES (14,12);
INSERT INTO racelanguage (raceId, languageId) VALUES (15,12);
INSERT INTO racelanguage (raceId, languageId) VALUES (16,13);

/* RaceSavingThrowProficiency */
INSERT INTO racesavingthrowproficiencies (raceId, conditionName) VALUES (1,'POISONED');
INSERT INTO racesavingthrowproficiencies (raceId, conditionName) VALUES (2,'POISONED');
INSERT INTO racesavingthrowproficiencies (raceId, conditionName) VALUES (3,'CHARMED');
INSERT INTO racesavingthrowproficiencies (raceId, conditionName) VALUES (3,'SLEEP');
INSERT INTO racesavingthrowproficiencies (raceId, conditionName) VALUES (5,'SLEEP');
INSERT INTO racesavingthrowproficiencies (raceId, conditionName) VALUES (5,'CHARMED');
INSERT INTO racesavingthrowproficiencies (raceId, conditionName) VALUES (6,'SLEEP');
INSERT INTO racesavingthrowproficiencies (raceId, conditionName) VALUES (6,'CHARMED');
INSERT INTO racesavingthrowproficiencies (raceId, conditionName) VALUES (7,'FRIGHTENED');
INSERT INTO racesavingthrowproficiencies (raceId, conditionName) VALUES (8,'FRIGHTENED');
INSERT INTO racesavingthrowproficiencies (raceId, conditionName) VALUES (8,'POISONED');
INSERT INTO racesavingthrowproficiencies (raceId, conditionName) VALUES (10,'SLEEP');
INSERT INTO racesavingthrowproficiencies (raceId, conditionName) VALUES (10,'CHARMED');
INSERT INTO racesavingthrowproficiencies (raceId, conditionName) VALUES (15,'CHARMED');
INSERT INTO racesavingthrowproficiencies (raceId, conditionName) VALUES (15,'SLEEP');

/* RaceSkillProficiency */
INSERT INTO raceskillproficiencies (raceId, skillId) VALUES (1,6);
INSERT INTO raceskillproficiencies (raceId, skillId) VALUES (2,6);
INSERT INTO raceskillproficiencies (raceId, skillId) VALUES (13,6);
INSERT INTO raceskillproficiencies (raceId, skillId) VALUES (3,13);
INSERT INTO raceskillproficiencies (raceId, skillId) VALUES (5,13);
INSERT INTO raceskillproficiencies (raceId, skillId) VALUES (6,13);
INSERT INTO raceskillproficiencies (raceId, skillId) VALUES (14,13);
INSERT INTO raceskillproficiencies (raceId, skillId) VALUES (11,16);