/* AccessRole */
insert into accessrole(id, name, roletype, version, created, updated) values (1, 'Administrateur', 0, 1, now(), now());
insert into accessrole(id, name, roletype, version, created, updated) values (2, 'Modérateur', 1, 1, now(), now());
insert into accessrole(id, name, roletype, version, created, updated) values (3, 'Joueur', 2, 1, now(), now());

/* User */
insert into user(id, username, password, name, email, status, roleId, version, created, updated) values (1, 'admin', '21232f297a57a5a743894a0e4a801fc3', 'JC Fortier', 'fortier.jc@gmail.com', 1, 1, 1, now(), now());

/* Ability */
INSERT INTO ability (id, name, description, abbreviation, version, created, updated) VALUES (1,'Force','Mesure le pouvoir physique.\n\nUn jet de Force peut modéliser toute tentative de soulever, pousser, tirer ou casser quelque chose, de faire passer votre corps à travers un espace, ou bien d''appliquer la force brute à une situation. La compétence Athlétisme reflète une aptitude à certains types de jets de Force.\n\nVous ajoutez votre modificateur de Force à votre jet d''attaque et de dégâts lors d''une attaque avec une arme de corps à corps comme une masse, une hache ou un javelot. Les armes de corps à corps sont utilisées pour faire des attaques de corps à corps, et certaines d''entre elles peuvent être jetées pour effectuer une attaque à distance.\n\nVotre Force détermine le poids que vous pouvez porter. Les termes suivants définissent ce que vous pouvez soulever ou transporter.\n\nCapacité de charge. Votre capacité de charge est votre valeur de Force multipliée par 15. C''est le poids (en livres) que vous pouvez porter, ce qui est suffisamment élevé pour que la plupart des personnages n''aient généralement pas à s''inquiéter à ce sujet.\n\nPousser, Tirer, Soulever. Vous pouvez pousser, tirer ou soulever un poids en livres jusqu''à deux fois votre capacité de charge (ou 30 fois votre valeur de Force). Pousser ou tirer un poids au-delà de votre capacité de charge fait passer votre vitesse à 5 pieds.','For',2,now(),now());
INSERT INTO ability (id, name, description, abbreviation, version, created, updated) VALUES (2,'Dextérité','Mesure l''agilité, les réflexes et l''équilibre.\n\nUn jet de Dextérité peut modéliser toute tentative de se déplacer rapidement ou tranquillement, ou pour éviter de tomber dans un piège. Les compétences Acrobaties, Escamotage et Discrétion reflètent une aptitude à certains types de jets de Dextérité.\n\nLe MD peut également demander un jet de Dextérité lorsque vous essayez de réaliser l''une des tâches suivantes :\n• Contrôler un chariot lourdement chargé sur une pente raide\n• Manœuvrer un chariot dans un virage serré\n• Crocheter une serrure\n• Désarmer un piège\n• Ligoter un prisonnier\n• Détacher ses liens\n• Jouer d''un instrument\n• Fabriquer un petit objet ou un objet avec de petits détails\n\nVous ajoutez votre modificateur de Dextérité à votre jet d''attaque et de dégâts lors d''une attaque avec une arme à distance, comme une fronde ou un arc. Vous pouvez également ajouter votre modificateur de Dextérité à votre jet d''attaque et de dégâts lors d''une attaque avec une arme de corps à corps qui a la propriété finesse, comme une dague ou une rapière.\n\nSelon l''armure que vous portez, vous pouvez ajouter tout ou partie de votre modificateur de Dextérité à votre classe d''armure.\n\nAu début de chaque combat, vous jetez l''initiative en faisant un jet de Dextérité. L''initiative détermine l''ordre des tours des créatures en combat.','Dex',2,now(),now());
INSERT INTO ability (id, name, description, abbreviation, version, created, updated) VALUES (3,'Constitution','Mesure la santé, l''endurance et la force vitale.\n\nLes jets de Constitution sont rares, et aucune compétence n''applique à un jet de Constitution, car l''endurance que cette caractéristique représente est généralement passive et n''implique pas un effort particulier de la part d''un personnage ou monstre. Un jet de Constitution peut toutefois modéliser votre tentative d''aller au-delà de vos limites normales.\n\nLe MD peut demander un jet de Constitution lorsque vous essayez d''accomplir des tâches comme : \n• Retenir votre souffle \n• Marcher ou travailler pendant des heures sans repos \n• Ne pas dormir\n• Survivre sans eau ni nourriture \n• Boire une chope de bière d''un trait\n\nPoint de vie\nVotre modificateur de Constitution contribue à vos points de vie. En général, vous ajoutez votre modificateur de Constitution à chaque Dé de vie jeté pour déterminer les points de vie.\n\nSi votre modificateur de Constitution change, vos points de vie maximums changent aussi, comme si vous aviez le nouveau modificateur dès le niveau 1. Par exemple, si vous augmentez votre valeur de Constitution lorsque vous atteignez le niveau 4 et que votre modificateur de Constitution passe de +1 à +2, vous ajustez vos points de vie maximums comme si le modificateur avait toujours été +2. Vous ajoutez donc 3 points de vie pour vos trois premiers niveaux, puis jetez le dé pour vos points de vie du niveau 4 en utilisant votre nouveau modificateur. Ou bien, si vous êtes de niveau 7 et qu''un effet réduit votre valeur de Constitution avec comme conséquence de réduire votre modificateur de Constitution de 1, vos points de vie maximums sont réduits de 7.','Con',2,now(),now());
INSERT INTO ability (id, name, description, abbreviation, version, created, updated) VALUES (4,'Intelligence','Mesure l''acuité mentale, la précision de la mémoire et la capacité à raisonner.\n\nUn jet d''Intelligence est nécessaire lorsque vous avez besoin de vous appuyer sur la logique, l''éducation, la mémoire, le raisonnement ou la déduction. Les compétences Arcanes, Histoire, Investigation, Nature, et Religion reflètent une aptitude à certains types de jets d''Intelligence.\n\nLe MD peut également demander un jet d''Intelligence lorsque vous essayez de réaliser l''une des tâches suivantes :\n• Communiquer avec une créature sans utiliser de mots \n• Estimer la valeur d''un objet précieux \n• Se déguiser pour tromper un garde de la ville \n• Falsifier un document \n• Connaître quelque chose à propos d''un métier ou d''un commerce \n• Gagner à un jeu de compétences\n\nCapacité de lancer de sorts\nLes magiciens utilisent l''Intelligence comme caractéristique pour lancer des sorts, ce qui permet de déterminer le degré de difficulté des jets de sauvegarde des sorts qu''ils lancent.','Int',2,now(),now());
INSERT INTO ability (id, name, description, abbreviation, version, created, updated) VALUES (5,'Sagesse','Reflète la façon dont vous êtes à l''écoute du monde autour de vous, ainsi que la perspicacité et l''intuition.\n\nUn jet de Sagesse peut refléter l''effort pour lire le langage du corps, comprendre les sentiments de quelqu''un, noter quelque chose dans l''environnement ou soigner une personne blessée. Les compétences Dressage, Intuition, Soin, Perception et Survie reflètent une aptitude à certains types de jets de Sagesse.\n\nLe MD peut également demander un jet de Sagesse lorsque vous essayez de réaliser l''une des tâches suivantes :\n• Avoir un pressentiment sur le plan d''action à suivre\n• Discerner si une créature apparemment morte ou vivante est un mort-vivant\n\nCapacité de lancer de sorts\nLes prêtres utilisent la Sagesse comme caractéristique pour lancer des sorts, ce qui permet de déterminer le degré de difficulté des jets de sauvegarde des sorts qu''ils lancent.','Sag',2,now(),now());
INSERT INTO ability (id, name, description, abbreviation, version, created, updated) VALUES (6,'Charisme','Mesure la force de la personnalité.\n\nUn jet de Charisme peut être nécessaire lorsque vous essayez d''influencer ou de divertir les autres, lorsque vous essayez de faire impression ou de dire un mensonge de manière convaincante, ou lorsque vous êtes au milieu d''une situation sociale difficile. Les compétences de Tromperie, Intimidation, Représentation et Persuasion reflètent une aptitude à certains types de jets de Charisme.\n\nLe MD peut également demander un jet de Charisme lorsque vous essayez de réaliser l''une des tâches suivantes :\n• Trouver la meilleure personne pour obtenir des informations, des rumeurs, des ragots \n• Se fondre dans la foule pour obtenir une idée générale des sujets de conversations\n\nCapacité de lancer de sorts\nLes bardes, paladins, ensorceleurs et sorciers utilisent le Charisme comme caractéristique pour lancer des sorts, ce qui permet de déterminer le degré de difficulté des jets de sauvegarde des sorts qu''ils lancent.','Cha',2,now(),now());

/* Alignment */
INSERT INTO alignment (id, name, abbreviation, shortDescription, description, version, created, updated) VALUES (1,'Loyal Bon','LB','Fait la bonne chose attendue de la société','On peut compter sur ces créatures pour faire le bien dans le sens ou la société l''entend. Les dragons d''or, les paladins et la plupart des nains sont d''alignement loyal bon.',2,now(),now());
INSERT INTO alignment (id, name, abbreviation, shortDescription, description, version, created, updated) VALUES (2,'Neutre Bon','NB','Fait de son mieux pour aider les autres selon ses besoins','Ces personnes font du mieux qu''elles peuvent pour aider les autres, en fonction de leurs besoins toutefois. Beaucoup des créatures célestes, certains géants des nuages et la plupart des gnomes sont neutre bon.',2,now(),now());
INSERT INTO alignment (id, name, abbreviation, shortDescription, description, version, created, updated) VALUES (3,'Chaotique Bon','CB','Agit selon sa conscience sans tenir compte des autres','Ces créatures agissent selon leur conscience, et ont peu d''égard pour ce que les autres attendent. Les dragons de cuivre, de nombreux elfes et les licornes sont d''alignement chaotique bon.',2,now(),now());
INSERT INTO alignment (id, name, abbreviation, shortDescription, description, version, created, updated) VALUES (4,'Loyal Neutre','LN','Agit en accord avec la loi, les traditions ou les codes personnels','Ces individus agissent conformément à la loi, aux traditions ou suivants des codes personnels. Beaucoup de moines et quelques magiciens sont d''alignement loyal neutre.',2,now(),now());
INSERT INTO alignment (id, name, abbreviation, shortDescription, description, version, created, updated) VALUES (5,'Neutre strict','N','Fait de son mieux en temps voulu sans prendre parti','Neutre strict est l''alignement de ceux qui préfèrent rester à l''écart des questions morales et ne prennent pas parti, faisant ce qui leur semble le mieux à un moment donné. Les hommes-lézards, la plupart des druides et beaucoup d''humains sont neutres.',2,now(),now());
INSERT INTO alignment (id, name, abbreviation, shortDescription, description, version, created, updated) VALUES (6,'Chaotique Neutre','CN','Agit selon ses caprices et sa liberté personnelle','Ces créatures suivent leurs caprices, pensant à leur liberté personnelle avant tout. Beaucoup de barbares, de roublards et de bardes sont d''alignement chaotique neutre.',2,now(),now());
INSERT INTO alignment (id, name, abbreviation, shortDescription, description, version, created, updated) VALUES (7,'Loyal Mauvais','LM','Prend ce qu''il veut dans les limites de la loi et des traditions','Ces créatures font méthodiquement ce qu''elles veulent, dans les limites d''un code de tradition, de la loyauté ou d''un ordre. Les diables, les dragons bleus et les hobgobelins sont d''alignement loyal mauvais.',2,now(),now());
INSERT INTO alignment (id, name, abbreviation, shortDescription, description, version, created, updated) VALUES (8,'Neutre Mauvais','NM','Fait ce qu''il peut sans compassion ni scrupule','L''alignement de ceux qui font ce qu''ils veulent, sans aucune compassion ni aucun scrupule. Beaucoup d''elfes noirs, certains géants des nuages​, et les yugoloths sont d''alignement neutre mauvais.',2,now(),now());
INSERT INTO alignment (id, name, abbreviation, shortDescription, description, version, created, updated) VALUES (9,'Chaotique Mauvais','CM','Agit avec violence stimulé par l''avidité, la haine et la soif de sang','Ces créatures agissent avec une violence arbitraire, stimulées par la cupidité, la haine ou la soif de sang. Les démons, les dragons rouges et les orques sont d''alignement chaotique mauvais.',2,now(),now());
INSERT INTO alignment (id, name, abbreviation, shortDescription, description, version, created, updated) VALUES (10,'Aucun','A','Sans capacité de raisonnement ou de choix moral','',1,now(),now());

/* DamageType */
insert into damagetype(id, name, description, version, created, updated) values (1, 'Acide', 'Le souffle corrosif d''un dragon noir ou les enzymes disolvantes d''un estomac de troll.', 1, now(), now());
insert into damagetype(id, name, description, version, created, updated) values (2, 'Contandant', 'La force de frappe d''un marteau ou la chute d''une construction.', 1, now(), now());
insert into damagetype(id, name, description, version, created, updated) values (3, 'Feu', 'Le souffle brulant d''un dragon rouge ou les flammes d''un sort.', 1, now(), now());
insert into damagetype(id, name, description, version, created, updated) values (4, 'Froid', 'Le souffle gelé d''un dragon blanc ou la pointe de lance d''un diable des glaces.', 1, now(), now());
insert into damagetype(id, name, description, version, created, updated) values (5, 'Force', 'Pure énergie magique concentré pour faire des dégâts. Plusieurs sorts comme missiles magiques utilisent la force.', 1, now(), now());
insert into damagetype(id, name, description, version, created, updated) values (6, 'Électricité', 'Le souffle électrisant d''un dragon bleu ou un sort d''éclair.', 1, now(), now());
insert into damagetype(id, name, description, version, created, updated) values (7, 'Nécrotique', 'Dommage causé par les morts-vivants et certains sorts de nécromancie.', 1, now(), now());
insert into damagetype(id, name, description, version, created, updated) values (8, 'Perforant', 'Attaque de perforation et empalement incluant les lances et morsures.', 1, now(), now());
insert into damagetype(id, name, description, version, created, updated) values (9, 'Poison', 'Dards venimeux et le souffle toxique d''un dragon noir.', 1, now(), now());
insert into damagetype(id, name, description, version, created, updated) values (10, 'Psychique', 'Abileté mentale comme les flagelleurs mentaux qui utilisent la salve psionique.', 1, now(), now());
insert into damagetype(id, name, description, version, created, updated) values (11, 'Radiant', 'Pouvoir divin comme l''épée d''un ange ou la colonne de flamme d''un clerc.', 1, now(), now());
insert into damagetype(id, name, description, version, created, updated) values (12, 'Tranchant', 'Épées, haches et griffes causent des dommages tranchants.', 1, now(), now());
insert into damagetype(id, name, description, version, created, updated) values (13, 'Tonnerre', 'Éclat violent de son.', 1, now(), now());

/* Level */
insert into level (id, maxExperience, proficiencyBonus, version, created, updated) values (1, 300, 2, 1, now(), now());
insert into level (id, maxExperience, proficiencyBonus, version, created, updated) values (2, 900, 2, 1, now(), now());
insert into level (id, maxExperience, proficiencyBonus, version, created, updated) values (3, 2700, 2, 1, now(), now());
insert into level (id, maxExperience, proficiencyBonus, version, created, updated) values (4, 6500, 2, 1, now(), now());
insert into level (id, maxExperience, proficiencyBonus, version, created, updated) values (5, 14000, 3, 1, now(), now());
insert into level (id, maxExperience, proficiencyBonus, version, created, updated) values (6, 23000, 3, 1, now(), now());
insert into level (id, maxExperience, proficiencyBonus, version, created, updated) values (7, 34000, 3, 1, now(), now());
insert into level (id, maxExperience, proficiencyBonus, version, created, updated) values (8, 48000, 3, 1, now(), now());
insert into level (id, maxExperience, proficiencyBonus, version, created, updated) values (9, 64000, 4, 1, now(), now());
insert into level (id, maxExperience, proficiencyBonus, version, created, updated) values (10, 85000, 4, 1, now(), now());
insert into level (id, maxExperience, proficiencyBonus, version, created, updated) values (11, 100000, 4, 2, now(), now());
insert into level (id, maxExperience, proficiencyBonus, version, created, updated) values (12, 120000, 4, 2, now(), now());
insert into level (id, maxExperience, proficiencyBonus, version, created, updated) values (13, 140000, 5, 2, now(), now());
insert into level (id, maxExperience, proficiencyBonus, version, created, updated) values (14, 165000, 5, 2, now(), now());
insert into level (id, maxExperience, proficiencyBonus, version, created, updated) values (15, 195000, 5, 2, now(), now());
insert into level (id, maxExperience, proficiencyBonus, version, created, updated) values (16, 225000, 5, 2, now(), now());
insert into level (id, maxExperience, proficiencyBonus, version, created, updated) values (17, 265000, 6, 2, now(), now());
insert into level (id, maxExperience, proficiencyBonus, version, created, updated) values (18, 305000, 6, 2, now(), now());
insert into level (id, maxExperience, proficiencyBonus, version, created, updated) values (19, 355000, 6, 2, now(), now());
insert into level (id, maxExperience, proficiencyBonus, version, created, updated) values (20, 999999, 6, 2, now(), now());

/* Language */
insert into language (id, name, script, version, created, updated) values (1, 'Commun', 'Commun', 1, now(), now());
insert into language (id, name, script, version, created, updated) values (2, 'Nain', 'Nain', 1, now(), now());
insert into language (id, name, script, version, created, updated) values (3, 'Elfique', 'Elfique', 1, now(), now());
insert into language (id, name, script, version, created, updated) values (4, 'Géant', 'Nain', 1, now(), now());
insert into language (id, name, script, version, created, updated) values (5, 'Gnome', 'Nain', 1, now(), now());
insert into language (id, name, script, version, created, updated) values (6, 'Gobelin', 'Nain', 1, now(), now());
insert into language (id, name, script, version, created, updated) values (7, 'Halfelin', 'Commun', 1, now(), now());
insert into language (id, name, script, version, created, updated) values (8, 'Orque', 'Nain', 1, now(), now());
insert into language (id, name, script, version, created, updated) values (9, 'Abyssal', 'Infernal', 1, now(), now());
insert into language (id, name, script, version, created, updated) values (10, 'Céleste', 'Céleste', 1, now(), now());
insert into language (id, name, script, version, created, updated) values (11, 'Draconique', 'Draconique', 1, now(), now());
insert into language (id, name, script, version, created, updated) values (12, 'Profondeur', 'Elfique', 1, now(), now());
insert into language (id, name, script, version, created, updated) values (13, 'Infernal', 'Infernal', 1, now(), now());
insert into language (id, name, script, version, created, updated) values (14, 'Primordial', 'Nain', 1, now(), now());
insert into language (id, name, script, version, created, updated) values (15, 'Sylvestre', 'Elfique', 1, now(), now());

INSERT INTO region (id, name, description, version, created, updated) VALUES (1,'Valbise', 'Valbise, la plus septentrionale des terres habitées par des humains, est composée de dix villes et villages peuplés d''anciens nomades, de barbares de la toundra, de rôdeurs, d''artisans, de pêcheurs des glaces, de nains vivant sous la glace et de marchands désirant acheter l''ivoire et les gemmes introuvables au sud. Les rennes, les ours polaires et les yétis y sont plus nombreux que les hommes. Les dragons blancs sont heureusement peu présents mais bien plus dangereux.',1,'2016-09-12 09:04:56','2016-09-12 09:04:56');
INSERT INTO region (id, name, description, version, created, updated) VALUES (2,'Côte des Épées Septentrionale', 'Région de montagnes côtières, de forêts et de villes couronnées de volutes de fumée, la Côte des épées septentrionale est dominée par Eauprofonde à son extrémité sud. L''Alliance des seigneurs, une ligue instable de gouvernants partageant les mêmes opinions, réunit les principales cités et communautés de la vallée du fleuve Dessarin. La Confrérie des arcanes de Luskan et L''Association des krakens s''opposent quant à elles pour le contrôle de la région par la magie, les armes et le commerce.\nCoincée entre Eauprofonde et l''Épine dorsale du monde, la Côte des épées septentrionale s''étend sur près mille kilomètres du nord au sud et de cinq cents kilomètres d''est en ouest. Aux pieds de l''extrémité ouest de l''Épine dorsale du monde se trouve Valbise, la colonie la plus au nord de cette partie de Faerûn, coincée entre la Mer des glaces flottantes et le Glacier Regh. La Longue route qui s''étend d''Eauprofonde à Mirabar délimite la partie orientale de la Côte des épées septentrionale.',1,'2016-09-12 09:11:09','2016-09-12 09:11:09');
INSERT INTO region (id, name, description, version, created, updated) VALUES (3,'Côte des Épées', 'Les terres qui s''étendent le long de la Mer des épées au sud d''Eauprofonde et au nord, à l''embouchure de la rivière Chionthar à la Porte de Baldur sont connues sous le nom de Côte des épées. Ce nom provient de la ressemblance de ces blanches falaises avec des lames éclatantes s''élevant depuis le rivage jusqu''à des hauteurs atteignant huit cents mètres et coupant la mer du reste du territoire sur des centaines de kilomètres de côtes depuis la Porte de Baldur au sud jusqu''au fleuve Dessarin juste en dessous d''Eauprofonde. Le fait que les deux plus importantes cités de la Côte des épées soient situées chacune de part et d''autre de ces hautes falaises n''est pas le fruit du hasard, car ce sont les seuls points d''ancrage praticables sur des centaines de kilomètres.',1,'2016-09-12 09:11:49','2016-09-12 09:11:49');
INSERT INTO region (id, name, description, version, created, updated) VALUES (4,'Eauprofonde', 'Eauprofonde est une puissance cosmopolite majeure de Faerûn. Elle bénéficie d''un excellent port, d''un régime sage et tolérant, et d''une solide tradition magique qui produit de puissants magiciens du bien, plus que du mal. Eauprofonde abrite au moins un exemplaire de tout et n''importe quoi. Le surnom de la ville, la cité des splendeurs, n''est jamais dit avec sarcasme. Tout le monde sait qu''Eauprofond est une merveille et que la vie y est meilleure (ou du moins plus excentrique). Eauprofonde contrôle la région sur cinquante à soixante kilomètres à la ronde. Eauprofonde est divisée en quartiers qui contiennent eux-mêmes d''innombrables commerces, habitations et bâtiments.',1,'2016-09-12 09:16:34','2016-09-12 09:16:34');
INSERT INTO region (id, name, description, version, created, updated) VALUES (5,'Amn', 'L''Amn est une nation de marchands, un lieu d''où partent les caravanes et où elles arrivent, d''où les bateaux prennent la mer pour des Contrées exotiques et où ils reviennent chargés d''or et d''objets étranges. Les Voleurs de l''ombre y ont la mainmise sur tout et ses dirigeants sont un groupe anonyme connu seulement sous le nom de Conseil des Six. Les jeteurs de sorts de magie divine y sont respectés si leur travail rapporte de l''argent à l''Amn alors que les utilisateurs de magie profane y sont universellement rejetés et craints. L''Amn est une grande plaine située entre deux chaînes de montagne parallèles. Quatre fleuves larges et calmes coulent à travers ses basses plaines, chargés de marchandises.',1,'2016-09-12 09:19:14','2016-09-12 09:19:14');
INSERT INTO region (id, name, description, version, created, updated) VALUES (6,'Téthyr', 'Le Téthyr a récemment émergé d''une guerre civile de dix ans avec deux nouveaux monarques. Le règne fort de la reine gouvernante Zaranda Étoile Rhindaun et du roi Haedrak III (qui servit à Valombre des années durant comme scribe pour l''archimage Elminster sous le nom de Lhaco) est en train de faire renaître l''espoir sur une terre cynique, suspicieuse et dévastée par la guerre. Le Téthyr est en train de prospérer, établissant des liens avec des voisins hésitants, et repoussant les monstres hors de ses frontières. Sa situation politique connaît encore de nombreuses intrigues et le peuple ne fait pas confiance aux organisations qui admettent se mêler des affaires des autres (telles que les Ménestrels). Les elfes des bois restent prudents vis-à-vis des nouveaux dirigeants, en effet les trois derniers rois ont pensé s''occuper de la forêt avec des haches, du feu et des épées. En termes de superficie, le Téthyr est l''un des plus grands royaumes de Faerûn. La majorité de ses vastes plaines et de ses forêts étendues n''est que peu habitée.',1,'2016-09-12 09:21:21','2016-09-12 09:21:21');
INSERT INTO region (id, name, description, version, created, updated) VALUES (7,'Calimshan', 'Le Calimshan est un pays obsédé par la richesse et que la magie n''impressionne pas. Ses habitants, sont les héritiers d''un vieil empire fondé par les génies ; ils craignent les créatures de ce genre et les bannissent de leurs terres. Familiers des démonstrations de magie, ils perçoivent l''Art comme une compétence parmi d''autres que l''on peut apprendre. Certains disent que le sang des éfrits coule dans les veines de certains Calishites, leur donnant des pouvoirs d''ensorceleur et un talent certain pour la magie du feu.\nLe Calimshan est renommé pour son chauvinisme, ses marchés exotiques, ses guildes de voleurs, ses harems décadents, ses paysages désertiques et sa riche classe dirigeante, de même que pour son énorme population et ses nombreux esclaves. Le Calimshan s''étend le long de la côte nord de la Mer étincelante sur plus de huit cents kilomètres et inclut toutes les terres au sud du fleuve Agis et des Montagnes mouvantes.',1,'2016-09-12 09:22:44','2016-09-12 09:22:44');
INSERT INTO region (id, name, description, version, created, updated) VALUES (8,'Iles Nélanthères', 'Les îles Nélanthères sont un groupe dispersé d''environ un millier d''îles éparpillées depuis Amn jusque dans la Mer inviolée. Plus de la moitié de ces îles ne possède aucune source d''eau potable et n''accueille donc que des épaves de bateaux. Les quelques centaines d''îles qui possèdent des sources d''eau potable et qui peuvent accueillir la vie se trouvent au centre des combats qui opposent les pirates s''attaquant aux navires marchands d''Amn, de Calimshan, de la Côte des épées et des îles Moonshae.\nMis à part leur dépendance à la violence et au vol, les îles Nélanthères ont étonnamment peu de choses en commun avec les îles pirates de la Côte des dragons. Les îles pirates sont majoritairement peuplées par les humains, tandis que les pirates des îles Nélanthères sont des non humains comme des orques, des hommes-lézards, des ogres et des minotaures. Les différentes races ou factions des pirates des Nélanthères se font aussi souvent la guerre qu''ils la font aux étrangers. À l''exception de la mer elle même et des innombrables îles rocheuses des Nélanthères, il n''existe ici aucun lieu géographique particulier. Aucune île n''est suffisamment grande ou colonisée pour mériter une description spécifique.',1,'2016-09-12 09:24:36','2016-09-12 09:24:36');
INSERT INTO region (id, name, description, version, created, updated) VALUES (9,'Iles Moonshae', 'Les îles Moonshae sont un groupe d''îles rocheuses enveloppé par les brumes, recouvert par des bois touffus et composé de marécages et de montagnes élevées sur lesquelles vivent de nombreux animaux ainsi que deux races d''humains qui-se les partagent. La partie nord des îles est dirigée par des marins nordiques qui descendent des pillards de Ruathym. Une race humaine aux cheveux et à la peau sombres, le peuple, vit sur les îles depuis très longtemps et contrôle la partie sud. Le peuple prospère dans une dizaine de petits royaumes dirigés par une Haute Reine.\nLes nordiques et le peuple passaient autrefois leur temps à s''attaquer, en particulier à cause de la tendance au pillage sanguinaire des nordiques, L''ascension du Haut Roi Tristan Kendrick permit d''unifier les deux peuples des îles Moonshae. La fille de Tristan, la Haute Reine Alicia, a réussi à conserver son royaume en dépit des guerres intestines opposant les petits seigneurs. En comparaison des nations du continent de Faerûn, les îles Moonshae ont vécu plusieurs décennies de paix relative.',1,'2016-09-12 09:26:07','2016-09-12 09:26:07');
INSERT INTO region (id, name, description, version, created, updated) VALUES (10,'Cormyr', 'Fondé il y a plus d''un millier d''années, le royaume du Cormyr s''est enrichi grâce à une monarchie éclairée, des habitants travailleurs et un emplacement géographique avantageux. Le Cormyr est une région civilisée entourée de montagnes, de forêts et de colonies de créatures humanoïdes malfaisantes. Réputé pour son armée bien entraînée et pour son dynamique groupe de jeteurs de sorts consacré par le gouvernement, le Cormyr se targue de posséder une gastronomie délicate, un peuple honnête, d''étranges mystères et de: nombreux liens avec les autres pays du monde. Récemment mis à rude épreuve par de perfides familles nobiliaires, des armées de gobelins et d''orques, la famine, un vénérable dragon rouge en maraude et la mort de son monarque bien-aimé, le Cormyr lutte aujourd''hui pour conserver ses possessions. Avec l''une de ses cités en ruine et un grand nombre de créatures humanoïdes errant dans la campagne, cette nation a aujourd''hui besoin d''individus pleins de ressources désireux de défendre la couronne et de s''opposer à ses ennemis. Le Royaume forestier est un pays vallonné, vert et agréable, encadré par des montagnes et bien nourri par ses propres fermes et ses communautés agricoles. Des forêts anciennes, profondes et verdoyantes dominent le paysage et sont l''élément remarquable du pays.',1,'2016-09-12 09:28:07','2016-09-12 09:28:07');
INSERT INTO region (id, name, description, version, created, updated) VALUES (11,'Contrées du Mitan Occidentales', 'Les Contrées du Mitan Occidentales couvrent une vaste région comprise entre les Cornes des tempêtes de Cormyr et la Côte des épées au sud d''Eauprofonde, depuis les Marécage du lézard au nord-ouest jusqu''à la Lande isolée au bord de l''Anauroch au nord-est. Bérégost au sud, les Arpents verts au sud-ouest, et Estant à la frontière de la Côte des dragons au sud-est en constituent les limites méridionales.\nPour les conducteurs de caravanes d''Amn et de Sembie, les Contrées du Mitan Occidentales sont réputées pour s''étendre sur « des kilomètres et des kilomètres et des kilomètres ». Ses plaines herbeuses battues par les vents longent d''infranchissables tourbières, terres stériles, collines à perte de vue, de hautes landes et des forets isolées, grouillant de monstres. Les fermiers, les peuples frontaliers, les habitants dés villes fortifiées et autres âmes courageuses qui vivent ici sont suffisamment forts et indépendants pour survivre sur un territoire où les compétences et l''intelligence se montrent bien plus utiles que l''appartenance à une certaine lignée. Les Contrées du Mitan Occidentales forment le foyer de dizaines de cités fortifiées distinctes, d''enclaves raciales, de villes agricoles, de monastères, de bastions fortifiés et de domaines défendus par les armes.\nLes Contrées du Mitan Occidentales accueillent favorablement les aventuriers ambitieux. Une dizaine d''empires en pièces ont tenté de conquérir et de dominer la région, laissant derrière eux les murailles bâties par les vagues successives de monarques en puissance. D''autres y abandonnèrent des trésors, une magie élaborée et dangereuse ou les deux. Contrairement aux régions surpeuplées des Contrées du Mitan et du Nord, relier chaque agglomération des Contrées du Mitan Occidentales nécessite de longs voyages par voie de terre - mais, au moins, nul ne risque de mourir de froid au cours du périple.',1,'2016-09-12 09:29:52','2016-09-12 09:29:52');
INSERT INTO region (id, name, description, version, created, updated) VALUES (12,'Côte des Dragons', 'La Côte des dragons représente les terres et îles situées sur le rivage sud d''une partie de la Mer des étoiles déchues. Elle est davantage l''appellation d''un style de vie que d''une région géographique aux yeux de ses trois puissantes cités-états, de ses quelques sept guildes de voleurs principales, de ses dizaines de groupes de pirates et des agents des sociétés secrètes les plus sombres de Faerûn qui y vivent et y travaillent.\nAux yeux des étrangers qui ne connaissent pas les règles de la Côte des dragons, celle-ci est un nid de vautours et de voleurs situé au centre même de routes commerciales idéales. Pour les initiés (les marchands sembiens rusés, les roublards malins et les chefs de caravane qui n''ont pas peur de graisser quelques pattes^ la Côte des dragons est l''endroit parfait pour faire avancer les choses... pour faire avancer toutes les choses. Comme les Sembiens ont coutume de dire : « Tout le monde a un prix, et ce prix est bien plus raisonnable sur la Côte des dragons ». Ici, personne ne méprise personne - mais personne ne fait confiance à personne.',1,'2016-09-12 09:31:26','2016-09-12 09:31:26');
INSERT INTO region (id, name, description, version, created, updated) VALUES (13,'Sembie', 'La Sembie est une contrée de marchands expérimentés bien accrochés aux rênes du pouvoir et de jeunes négociants intriguant pour en prendre le contrôle. Les Seinbiens adorent l''art du commerce qui consiste à remporter un marché par la négociation plutôt que par le mensonge et la tricherie. Bien que la Sembie ne contrôle pas une part aussi importante du commerce faerûnien que l''Amn, le commerce contrôle la Sembie bien plus qu''il n''exerce d''influence sur l''Amn.\nContrairement aux brigands des cités de la Mer de lune et des îles pirates, les Sembiens respectent généralement les contrats, dettes et autres intérêts. Habituellement, ils observent également les lois, exploitant les failles qui se présentent à eux et que d''autres n''auraient jamais découvertes.\nLa Sembie se voit comme une nation jeune, dynamique et expansionniste. Elle a déjà coopté l''un des Vaux, anciennement nommé Valune et en a même fait sa nouvelle capitale : la cité d''Ordulin. Mais l''élite sembiene ne cherche que trop à tirer la couverture à elle pour s''unir derrière une ligne politique étrangère ou quelque seigneur de guerre, La Sembie profite de sa position géographique (côte nord-ouest de la Mer des étoiles déchues) pour faire office de courtier de commerce entre le nord et le sud de Faerûn. Les Zhents de la Mer de lune commercent également avec d''autres pays, mais les Sembiens ne les voient guère comme de réels concurrents. En effet, une bonne partie du commerce des Zhents passe à un moment ou un autre par les ports sembiens, en général Ordulin. Les Sembiens ne considèrent pas les Zhents comme une menace magique. Ceci dit, le plus gros souci des Sembiens est le mercantilisme magique des Magiciens Rouges de Thay. Le Conseil de Sembie n''a guère d''intérêt à voir Thay se frayer un chemin sur d''anciens marchés sembiens en proposant,des articles magiques que les Sembiens ne sauraient dupliquer.',1,'2016-09-12 09:32:23','2016-09-12 09:32:23');
INSERT INTO region (id, name, description, version, created, updated) VALUES (14,'Vaux', 'Les Vaux sont de grandes vallées forestières composées de terres cultivées et vallonnées qui sont reliées entre elles par des routes marchandes traversant des bois splendides. Dotés d''un sol fertile et d''un climat tempéré (à l''exception des hivers extrêmement rudes), les Vaux sont le grenier des Contrées du Mitan. L''esprit d''indépendance des Vaux et leur longue alliance avec les elfes de Cormanthor ont fait de cet endroit le lieu de naissance historique ou la résidence préférée de nombreux des plus grands héros de Faerûn.\nOnze vaux différents existent aujourd''hui, chacun possédant son propre territoire, gouvernement (ou absence de gouvernement), milice, pactes commerciaux, ambitions et psychologie. Valarchen et Valherse privilégient par-dessus tout le commerce. Valmoisson privilégie l''industrie et l''artisanat. Valdague se retrouve seul face à un puissant ennemi, tandis que Valbalafre lutte pour recouvrer son indépendance après des années d''occupation. Pendant ce temps, les autres vaux continuent de respecter l''ancien Pacte des Vaux, préférant mener leur existence en solitaire.',1,'2016-09-12 09:33:17','2016-09-12 09:33:17');
INSERT INTO region (id, name, description, version, created, updated) VALUES (15,'Mer de Lune', 'La Mer de lune elle-même est un lac naturel profond situé au nord des Vaux et à l''ouest du Vaste, connecté à la Mer des étoiles déchues par le fleuve peu profond et marécageux de Lis. Le nom de « Mer de lune » s''applique tant au lac qu''à ses environs, qui s''étirent au sud jusqu''à l''embouchure du Lis où le fleuve coule vers le Bief du dragon ; à l''ouest jusqu''aux Montagnes de l''échine du dragon ; au nord jusqu''aux steppes glacées de la Chevauchée, à Thar et à la Terre torturée ; et à l''est jusqu''aux Montagnes des galènes et les Contreforts de la terre. La région de la Mer de lune contient une quantité immense de richesses minérales pour ceux qui sont suffisamment hardis pour braver ses périls. L''endroit est infâme que ce soit par ses mornes paysages, ses durs hivers, ses dragons ravageurs, ses pirates et ses gouvernements locaux rapaces. Certaines des cités les plus agressives de Faerûn se dressent sur la côte de la Mer de lune : Montéloy, Mulmastrc et Château-Zhentil.\nPartout où un gouvernement existe dans la région, il gouverne avec une poigne d''acier. Les tombes, les ruines et les repaires de monstres abondent, tout comme les intrigues complexes et les tyrans déloyaux. Le cri de guerre de la région est bien choisi : « Ose et méfie-toi ! ».',1,'2016-09-12 09:33:53','2016-09-12 09:33:53');
INSERT INTO region (id, name, description, version, created, updated) VALUES (16,'La chevauchée', 'Ces steppes exposées se trouvent entre les Montagnes de l''échine de dragon, la Forêt de l''orée et les terres grises de Thar. C''est la patrie de fières tribus de cavaliers barbares qui considèrent quiconque entre sur leurs terres comme un gibier raisonnable. Bien que les tribus se combattent souvent entre elles, elles s''unissent rapidement contre une menace extérieure comme lorsque le Zhentarim marcha sur Brillant en 1352 CV. Des mines parrainées par Château-Zhentil et Melvonte criblent les pentes montagneuses au nord des froides plaines.',1,'2016-09-12 09:34:27','2016-09-12 09:34:27');
INSERT INTO region (id, name, description, version, created, updated) VALUES (17,'Vaasie', 'Ces terres, désertiques de landes et de toundras gelées étaient le siège du pouvoir de. la liche maléfique Zhengyi le Roi-Sorcier jusqu''à ce qu''elle soit vaincue par un groupe d''aventuriers. La Vaasie est à nouveau un pays isolé où sont disséminées de vieilles fermes et de nombreux humanoïdes maléfiques et autres monstres. L''hospitalité quasi nulle du pays est contrebalancée par sa richesse inexploitée car les montagnes de Vaasie regorgent de métaux et de gemmes, en particulier des héliotropes. Des kilomètres de versants montagneux n''ont jamais été touchés par la civilisation et de nombreux prospecteurs bien armés s''y rendent en espérant découvrir des gemmes, aussi grosses que le poing d''un homme — et survivre suffisamment longtemps pour pouvoir les revendre. Entourée de montagnes et du Grand glacier, la Vaasie est virtuellement isolée du reste de Faerûn.',1,'2016-09-12 09:35:07','2016-09-12 09:35:07');
INSERT INTO region (id, name, description, version, created, updated) VALUES (18,'Plaines étincelantes', 'Vaste prairie d''herbe sèche, qui tient son nom des vagues de chaleur tremblante qui s''en élèvent durant presque toute l''année. C''est là que s''étendent les villes humaines d''Assam, de Lheshayl et d''Ormath, ainsi que les nombreuses tribus de centaures et de wemics, parmi lesquelles la tribu wemic Tcnpaw est la plus connue. La population totale du territoire atteint environ 423 000 habitants,',1,'2016-09-12 09:39:41','2016-09-12 09:39:41');
INSERT INTO region (id, name, description, version, created, updated) VALUES (19,'Chondath', 'En s''attardant sur le Chondath actuel, une poignée de cités-états et de villes disséminées le long de la côte méridionale de la Mer des étoiles déchues, il est difficile de croire que c''est la même nation qui a donné naissance aux marchands ayant fondé la très dynamique nation de Sembie. La plupart des autres cités du Bief de Vilhon faisaient autrefois partie de son empire ou subissaient la loi de ses cruelles armées. À présent, le Chondath n''est plus qu''une terre desséchée par sa déchéance, les ambitions dévorantes de ses dirigeants et les ennemis qui l''entourent.\nLes activités commerciales y entretiennent un flot constant de marchandises en provenance de lointains territoires et imposent une plus grande acceptation des différences de coutumes et des étrangers que ne pourraient l''espérer ses visiteurs.',1,'2016-09-12 09:40:44','2016-09-12 09:40:44');
INSERT INTO region (id, name, description, version, created, updated) VALUES (20,'Sespech', 'Le Sespech est une baronnie située à l''extrême sud-ouest du Bief de Vilhon. Autrefois compris dans le Chondath, le Sespech maintient son indépendance par sa puissance navale et ses talents diplomatiques.\nLe baron Aldorn Thuragar, quelquefois appelé « Broyeur d''ennemi », est à la tête du Sespech. Jadis un aventurier courageux, Thuragar s''appuie sur plusieurs de ses vieux compagnons de périple, l''Alliance de fer, pour gouverner le pays. Le Sespech s''étend depuis le fleuve Arran à l''est jusqu''au fleuve Naga à l''ouest et au sud jusqu''aux Plaines dorées.',1,'2016-09-12 09:41:22','2016-09-12 09:41:22');
INSERT INTO region (id, name, description, version, created, updated) VALUES (21,'Turmish', 'Le Turmish s''étend au nord-ouest du Bief de Vilhon. Il s''agit d''une terre agricole riche, fertile, ponctuée de villages et de quelques villes paisibles, civilisées et bien gérées. Les champs à perte de vue sont séparés par des haies ou des rangées serrées d''arbres, qui laissent toute latitude aux créatures sauvages. Les montagnes qui s''élèvent à l''ouest abritent des orques, des kobolds et d''autres monstres, mais ils s''attaquent rarement au Turmish, car des groupes de mercenaires bien organisés lui servent de milice locale.\nLes ressortissants du Turmish ont l''excellente réputation de se montrer très loyaux en affaires et sont les bienvenus partout autour de la Mer intérieure. Cette région est remarquablement populaire parmi les aventuriers malgré la rareté des monstres. Les trésors enfouis y abondent (du moins si on en croit les récits des bardes) et la région regorge de ruines et de territoires inviolés à explorer. La frontière occidentale du Turmish est constituée par les Orsraunes, celle au sud par les Montagnes Aphrunn et celle au nord par la Mer des étoiles déchues.',1,'2016-09-12 09:42:27','2016-09-12 09:42:27');
INSERT INTO region (id, name, description, version, created, updated) VALUES (22,'Vaste', 'Le Vaste est une région verdoyante propice à la chasse et aux cultures, sur la rive orientale du Bief du dragon, connu principalement pour ses ports prospères : le dangereux Calaunt, le versatile Tantras, Corbentre, le refuge des aventuriers et le strict Procampur. Les orques et les nains luttent pour la suprématie sur les montagnes proches. Les raids lancés par des orques dans les vallées sont rares mais suffisamment dévastateurs pour que la population humaine se concentre le long de la côte. Les intrigues entre factions rivales et l''abondance des ruines laissées par les nains attirent les aventuriers.\nGrâce à la Mer des étoiles déchues, le Vaste bénéficie d''un climat tempéré tout au long de l''année, les étés y étant longs et frais et les hivers courts et doux. La majeure partie du Vaste est composée de terres cultivées à perte de vue, les champs étant divisés par des murs bas de rocaille. De petites portions boisées apparaissent au milieu des fermes. Des dizaines de ruisseaux et de torrents s''entrecroisent, mais ils rejoignent rarement un cours d''eau supérieur. Ils aboutissent le plus souvent à des mares qui s''infiltrent dans le sous-sol et forment de petites rivières souterraines convergeant au niveau de la Mer intérieure. La configuration en puzzle des cours d''eau est due à l''inclinaison et à la brisure des plaques de roche qui tapissent le sous-sol du Vaste. Les petits trous d''eau, les cavernes et les crevasses y sont nombreux. La Mer des étoiles déchues borde le Vaste par l''ouest et le sud. Les Contreforts de la terre délimitent les frontières orientales et septentrionales du pays.',1,'2016-09-12 09:43:23','2016-09-12 09:43:23');
INSERT INTO region (id, name, description, version, created, updated) VALUES (23,'Impiltur', 'L''impiltur est un royaume peuplé de marchands amicaux, résolument pacifistes, mais qui ne rechignent pas à se livrer à des actes de guerre intéressés, si nécessaire. Tandis que les Impilturiens défendent vigoureusement leurs frontières, le gouvernement demeure traditionnellement neutre et n''entretient aucune alliance tactique avec les nations voisines. Les Impilturiens accueillent dans leurs ports toutes sortes de matières premières en provenance des nations voisines du nord et de produits exotiques.\nL''impiltur est souvent appelé « le Royaume oublié » par les autres Faerûniens. Comme les royaumes nordiques, il est ponctué de mines et de pinèdes, mais aucun tyran ou sorcière n''envoie d''armée pour attaquer les pays voisins. Son commerce par voie fluviale passe par l''intermédiaire soit de la Sembie soit de Telflamme, ce qui fait que l''origine impilturiene des objets en cuivre et des barres defer ou d''argent n''est pas connue de leurs acquéreurs. L''Impiltur constitue également la voie d''accès vers la prospère Damarie et une terre exploitée de plus en plus intensivement par des fermiers, qui commencent à exporter de la viande fumée, du fromage et de l''étouffeu (un vin de table à la saveur forte et aigre aux grands pouvoirs enivrants)\nL''Impiltur est en paix avec ses voisins, mais ses armées sont constamment sur le qui-vive, du fait des raids permanents lancés par des orques, des bandits et des hobgobelins depuis les Contreforts de la terre, des monstres attirés par les mines et la prospection du sous-sol et des intrigues fomentées dans les cités locales par des agents de Thay et le nouveau et impétueux clergé de Shar. L''impiltur s''étend entre la Mer des étoiles déchues et les Contreforts de la terre.',1,'2016-09-12 09:44:11','2016-09-12 09:44:11');
INSERT INTO region (id, name, description, version, created, updated) VALUES (24,'Damarie', 'Au nord d''Impiltur et à l''est de la Mer de lune se trouve le royaume autrefois puissant de Damarie qui se reconstruit aujourd''hui peu à peu après des décennies de guerre contre ses voisins, les orques et les gnolls vivant dans les montagnes. Tolérant à l''égard de toutes les races et de la majorité des religions, ce pays se montre amical avec les visiteurs, en particulier ceux qui possèdent des facultés pour tuer les monstres. Les individus intéressés par la politique et l''aventure trouveront ici de grandes opportunités pour les satisfaire.\nLa Damarie entretient des relations amicales avec ses voisins et son commerce de gemmes, qui repose sur ses généreuses mines de calcédoines (la plus connue étant l''héliotrope, une gemme verte à taches rouges), est florissant. Les dirigeants de la Damarie se méfient cependant du pays voisin de Vaasie et ils se sont préparés à affronter toute étrange menace qui pourrait y apparaître. \nLes quelques routes de Damarie sont généralement impraticables en hiver, mais les fleuves permettent de relier les terres isolées à la capitale. Au cours des mois estivaux, les navires équipés de quilles et les barges naviguent sur les eaux froides et rapides des fleuves, tandis qu''en hiver les fleuves gelés servent de routes pour les luges et les traîneaux tirés par des chevaux.',1,'2016-09-12 09:45:13','2016-09-12 09:45:13');
INSERT INTO region (id, name, description, version, created, updated) VALUES (25,'Narfell', 'Pays où ne survivent que les plus forts, Narfell est une terre stérile recouverte uniquement d''herbes difformes. Les gens de Narfell sont regroupés en tribus que l''on appelle les Nars, de féroces cavaliers croyant que tous les individus sont jugés sur leurs actions. Leur devise, « par les actes et non par le sang », proclame leur mépris envers les personnes s''attendant à de la déférence envers leur « noble » naissance. Certaines de ces tribus se sont montrées hostiles envers les étrangers, mais elles oublient leurs différences une fois l''an pour leur grand rassemblement commercial.\nOutre ses cavaliers, Narfell abrite également des yetis de la toundra (des gorilles sanguinaires) et des hordes de hobgobelins vivant dans les montagnes. L''ancienne Narfell était une puissante nation dirigée par des magiciens qui périrent dans les guerres contre l''empire aujourd''hui déchu de Raumathar. Les barbares de l''actuelle Narfell se souviennent peu de leur passé civilisé, mais il arrive parfois que les Nars découvrent d''anciennes cités englouties, ''chacune contenant de puissants objets magiques guerriers.',1,'2016-09-12 09:45:46','2016-09-12 09:45:46');
INSERT INTO region (id, name, description, version, created, updated) VALUES (26,'Grand-Val', 'Ne représentant guère plus que deux vastes forêts et une bande de terre comprise entre elles deux, cette région est occupée par des fermiers isolés, d''hostiles et inamicaux druides et des rôdeurs réservés. Le peuple du Grand-Val entretient peu de rapports avec l''extérieur et leurs échanges se limitent à se procurer les quelques objets de fer qu''ils ne peuvent forger eux-mêmes en échange d''herbes médicinales, d''ustensiles d''alchimie et d''objets en bois de qualité exceptionnelle. Le sol y est fertile et adapté à l''agriculture, mais rares sont ceux, en dehors des druides, qui y résident.\nLe mystérieux Xentyarch, un puissant druide ou ensorceleur, vit dans son château d''arbres vivants et met à mort tout visiteur éventuel. Aucun étranger ne connaît la nature de ses activités ou s''il gouverne la région, et le peuple du Grand-Val n''offre pour toute réponse à ce type de question qu''un haussement d''épaules gêné. Les druides tolèrent le passage de la voie commerciale entre leurs forêts uniquement parce que les caravaniers qui l''empruntent savent que s''ils perturbent la quiétude de la forêt, ils risquent la mort et, par conséquent, ne s''y aventurent pas. Grand-Val s''étend depuis le Bief oriental de la Mer intérieure jusqu''au grand Lac Cendrane à la frontière du Rashemen.',1,'2016-09-12 09:46:52','2016-09-12 09:46:52');
INSERT INTO region (id, name, description, version, created, updated) VALUES (27,'Rashemen', 'Le Rashemen est une terre froide et au relief accentué, peuplée d''habitants robustes et farouchement indépendants. Ce sont des guerriers impétueux, dédaignant le port de l''armure et combattant à l''aide de haches, de lances, d''épées et d''arcs. Les femmes maîtrisent une puissante magie liée à la terre, formant ceux qui sont dotés d''un potentiel magique à servir la terre et la race rashemi. Bien que le Rashemen soit ostensiblement dirigée par un guerrier puissant, appelé le Seigneur de fer, le véritable pouvoir derrière le trône est celui des Sorcières, qui choisissent le Seigneur de fer.\nLa terre regorge d''esprits de la nature, qui peuvent individuellement entretenir une jalousie ou de l''agressivité envers ceux qui les offensent. Les lois rashemi sont simples et fondées sur le code de l''honneur. Ceux-ci méprisent les pièges de la civilisation. Le peuple est dévoué à l''idéal du guerrier, se mesurant dans des tournois athlétiques ou d''autres disciplines physiques très exigeantes comme la nage en eau glaciale. Ainsi entretiennent-ils leur force, car la faiblesse les condamnerait à une mort certaine, sous les griffes des nombreux monstres qui hantent leur pays.',1,'2016-09-12 09:48:46','2016-09-12 09:48:46');
INSERT INTO region (id, name, description, version, created, updated) VALUES (28,'Thesk', 'Thesk est une terre de fourbes, mais amicaux, marchands et de fermiers de talent. La voie commerciale qui mène au territoire lointain de Kara-Tur permet aux Theskiens de côtoyer toutes sortes de peuples et d''interagir avec de nombreuses cultures, faisant de Thesk l''une des nations les plus tolérantes de Faerûn. Après avoir été décimé par la horde tuigane, le peuple de Thesk reconstruisit ses cités et ses villes et a même accueilli l''armée des orques abandonnée par le Zhentarim.\nLa familiarité des Theskiens avec les produits de qualité et d''origine indéterminées leur donne la faculté de jauger précisément les objets. Le fait que la magie profane soit rare sur le territoire, combiné à l''influence des Maîtres de l''ombre (une guilde de voleurs soutenue par l''Église de Mask) procure à Thesk une autre envergure que celle d''un simple royaume de marchands parmi tant d''autres.',1,'2016-09-12 09:49:25','2016-09-12 09:49:25');
INSERT INTO region (id, name, description, version, created, updated) VALUES (29,'Aglarond', 'Le respect qu''inspire l''Aglarond tient au rôle actif qu''il joue dans la préservation de la partie civilisée de Faerûn contre les Magiciens Rouges et à son potentat ensorceleur, la puissante Simbule. Ces particularités mises à part, il y a peu à dire de l''Aglarond, si ce n''est qu''il s''agit d''une terre baignée d''ancienne magie et qui abrite l''une des plus vastes communautés demi-elfes au monde. Son armée défend ses frontières contre Thay et ses adroits rôdeurs parcourent ses confins en quête de troubles éventuels. Les anses qui bordent les côtes rocheuses de l''Aglarond sont ponctuées de villages de pêcheurs et, depuis que la Simbule a déclaré que tous les pirates devaient être considérés comme des agents de Thay (et mis à mort en cas de capture), les eaux qui baignent l''Aglarond sont devenues très sûres. C''est l''un des rares royaumes à interdire aux Magiciens Rouges l''établissement d''enclaves à l''intérieur de ses frontières. L''Aglarond forme une péninsule boisée s''étendant à l''ouest jusqu''au milieu de la Mer des étoiles déchues. Il sépare le Bief oriental de la Mer d''Alambre.',1,'2016-09-12 09:49:58','2016-09-12 09:49:58');
INSERT INTO region (id, name, description, version, created, updated) VALUES (30,'Chessenta', 'Ce groupe de villes considéré comme une seule nation par le reste de Faerûn, est en fait tout sauf uni. Les cités se font la guerre les unes les autres à propos de vieux affronts, de philosophies divergentes ou de systèmes économiques différents. Les aventuriers et les compagnies de mercenaires ont la belle vie ici, embauchés par divers gouvernements pour participer à des attaques furtives, planifier des stratégies ou organiser des protections. La culture de Chessenta est empreinte du concept de conflit physique. Les héros de guerre sont hautement estimés. Cette nation est amicale avec les nains et les demi-orques mais mal à l''aise avec les elfes. Les Chessentiens apprécient l''art et sont de grands admirateurs du théâtre. En nombre, la profession de barde vient donc juste après celle de guerrier. Chessenta occupe un plateau, une plaine fertile entourant la grande Baie de Chessenta, dans le sud-ouest de la Mer des étoiles déchues. Des montagnes escarpées et des hautes terres accidentées délimitent les frontières orientale, australe et occidentale.',1,'2016-09-12 09:50:47','2016-09-12 09:50:47');
INSERT INTO region (id, name, description, version, created, updated) VALUES (31,'Lac de Vapeur', 'Avec des cités-états indépendantes sur ses côtes septentrionales et une succession de petits pays fondés ou conquis par des individus aux races, croyances et objectifs variés au sud, le Lac de vapeur est un mélange confus d''intérêts variés, de marchés animés et de frontières sans cesse changeantes. La majorité des cités du nord faisait autrefois partie du Calimshan et elles ont hérité de leurs lointains parents un goût pour la richesse, le confort et l''influence ; de même qu''un fort sentiment d''indépendance. Les intrigues qui se trament autour de ces cités amènent les observateurs à surnommer la rive nord « la Mer de lune méridionale ».\nLes Royaumes frontaliers de. la côte méridionale abritent de puissants aventuriers venus de divers horizons. Chacun cherche à se tailler une part/de terre et à, la gouverner de la façon qu''il pense être la bonne... tout du moins jusqu''à ce que le souverain suivant décide de prendre les rênes. Des tours de magiciens, des monastères, des forteresses et des temples sont disséminés le long des Royaumes frontaliers, leurs propriétaires changeant sans cesse.\nAu sud du Lac de vapeur, sur les côte orientales de la Mer étincelante, se trouve le royaume de Lapaliiya, un carrefour entre les plaines du Shaar, les jungles de Chult et le verdoyant Lac de vapeur. Le lac lui-même et la Mer étincelante située au sud du Lac de vapeur, ainsi que les forêts l''entourant, constituent les principales particularités géographiques de la région.',1,'2016-09-12 09:51:55','2016-09-12 09:51:55');
INSERT INTO region (id, name, description, version, created, updated) VALUES (32,'Shaar', 'Le Shaar est une gigantesque prairie onduleuse s''étendant de la Mer étincelante aux lointaines contrées orientales. Le civilisation n''a quasiment aucune prise sur l''endroit. Les nomades humains (la douzaine de tribus environ) et inhumains, comme les centaures, gnolls et wemics, peuplent le Shaar. Les wemics chassent, les Shaaricns humains élèvent des rothés et chevaux et les gnolls se livrent au pillage. La terre fournit de magnifiques fourrages mais ne convient guère à l''agriculture. Il ne s''agit pas d''un désert, mais la région cuit le jour et gèle la nuit\nLes Shaariens humains s''écartent rarement en grand nombre de leurs plaines ancestrales, principalement parce que leurs chevaux chéris ne vont pas bien en dehors du Shaar. En effet, les chevaux shaariens sont plus forts et rapides que ceux des autres régions de Faerûn, du moins tant qu''ils parcourent leurs prairies natales. Les grands chevaux tombent malades et meurent quand ils ne paissent pas l''herbe qui ne pousse que dans les vastes plaines du Shaar. Les Shaariens l''ont compris et peu acceptent de laisser derrière eux leur culture d''origine pour sillonner Faerûn. D''autres types de paysages viennent parfois rompre la monotonie des plaines ondulées, parmi lesquels de petites dunes de sable et des vallées regorgeant de lacs minuscules et de vie sauvage. Des oasis miniatures renferment les vestiges de civilisations disparues. Nombre d''entre elles abritent également des campements de nomades.',1,'2016-09-12 09:53:20','2016-09-12 09:53:20');
INSERT INTO region (id, name, description, version, created, updated) VALUES (33,'Chult', 'Située à l''extrémité ouest de la péninsule de Chult, Chult est une jungle montagneuse abritant des monstres primitifs, d''imposants dinosaures et des marais infestés par les maladies. Des tribus humaines recluses, de féroces gobelins et d''étranges individus monstrueux hantent ces terres dangereuses. Malgré ces nombreux dangers, Chult attire les aventuriers en quête de richesses légendaires. La divinité Ubtao est vénérée sous divers aspects à travers le pays car les puissances divines de Faerûn lui donnèrent les terres de Chult en échange de sa promesse de surveiller le danger provenant des Pics enflammés. Les célèbres jungles recouvrent la majorité de l''extrémité ouest de la péninsule de Chult Seules quelques hautes montagnes parviennent à se dresser au-dessus de la canopée verdoyante, mais il existe tout de même de grandes clairières et de vastes prairies marécageuses autour des grands lacs occupant le centre des jungles.',1,'2016-09-12 09:54:26','2016-09-12 09:54:26');
INSERT INTO region (id, name, description, version, created, updated) VALUES (34,'Tashalar', 'Plus civilisée que Chult et plus amicale que Calimshan, Tashalar est une contrée exotique où se mêlent d''étranges aliments, de belles gens et de grandes richesses. De talentueux artisans y fabriquent des arcs superbes et de rapides navires. Les chasseurs accomplis conservent les trophées de leurs chasses les plus dangereuses. Les habitants de Tashalar vivent sur le littoral bordant la Mer étincelante au sud. Ils évitent les Jungles noires et se rendent occasionnellement dans les Montagnes Hazuk pour y extraire de l''or ou du fer.\nLes grappes de raisin de Tashalar sont si parfaites que les pires vignobles produisent tout de même des vis se vendant jusqu''à une centaine de pièces d''or à Eauprofonde. Cette richesse et cette splendeur sont dominées par le consortium du Rundeen qui contrôle le commerce et l''activité malfaisante des yuan-tis hantant les jungles. Tashalar est un pays au climat chaud mais venteux, et ses terres sont recouvertes de jardins potagers, d''oliveraies et de vignes.',1,'2016-09-12 09:56:50','2016-09-12 09:56:50');
INSERT INTO region (id, name, description, version, created, updated) VALUES (35,'Mulhorande', 'Un des seuls anciens empires ayant survécu jusqu''à nos jours. Pendant des millénaires, la Mulhorande a été gouvernée par les manifestations physiques de ses divinités. Le pouvoir est maintenant détenu par les descendants mortels de ces divinités. La Mulhorande a entrepris de se transformer et de s''adapter au reste du monde, s''ouvrant au commerce et aux idées des autres.\nAvec la disparition du gouvernement d''Unther, la Mulhorande a conquis la plupart des territoires de ses rivaux historiques et pourrait entreprendre de reconstruire son empire. Elle est encore impopulaire dans certains pays de l''Ouest car elle accepte l''esclavage. La Mulhorande reste une terre exotique dotée de magies puissantes, de technologies anciennes et d''un clergé fort. La Mulhorande est un vaste royaume courant du lac salé d''Azulduth au travers des États satellites de Semphar et Murghôm jusqu''aux Terres de la Horde.',1,'2016-09-12 09:57:45','2016-09-12 09:57:45');
INSERT INTO region (id, name, description, version, created, updated) VALUES (36,'Terres de la Horde', 'Souvent considérées comme une région aride, les Terres de la Horde abritent une végétation clairsemée, quelques oasis et les querelleuses tribus tuiganes. Ces cavaliers nomades sont célèbres pour avoir envahi Faerûn il y a plus d''une décennie. Féroces cavaliers maîtrisant des arcs courts composites, ces nomades sont divisés entre un minimum de dix tribus, vivant sous la tente et se nourrissant de viande et de lait. Leurs rares colonies permanentes sont installées autour des oasis car l''eau est leur denrée la plus précieuse.\nLe peuple local superstitieux se méfie des étrangers, en particulier depuis leur défaite contre les armées occidentales. Il faudra attendre au minimum une génération avant que les Tuigans ne représentent à nouveau une menace significative pour Faerûn. Considérées comme sans importance pendant des années, les Terres de la Horde voient aujourd''hui grandir l''activité commerciale entre Faerûn et l''empire de Shou Lung de Kara-Tur situé dans l''est lointain. Les marchands transportent de nombreuses marchandises exotiques entre les deux pays, remplissant ainsi les poches de nombreuses personnes.',1,'2016-09-12 10:00:02','2016-09-12 10:00:02');
INSERT INTO region (id, name, description, version, created, updated) VALUES (37,'Thay', 'La nation de Thay est dirigée par de cruels magiciens qui s''appuient sur l''esclavage pour s''approvisionner en richesses et en produits de luxe dont ils ont besoin pour nourrir leurs recherches arcanes et leurs rêves de conquête. Le territoire est régenté par huit zulkirs, les magiciens les plus puissants du royaume. Les zulkirs à leur tour choisissent les tharchions du pays, des gouverneurs civils qui s''occupent des faits divers du royaume et suivent le bon vouloir des Magiciens Rouges. Le pouvoir de ces derniers s''étend bien au-delà des frontières thayenes. Ils possèdent des dizaines d''enclaves dans les cités les plus importantes des terres côtières de la Mer intérieure, échangeant des objets magiques contre les produits, les richesses et dans certains cas, les esclaves de dizaines de nations. Les Thayens inspirent détestation et méfiance à la plupart, mais leur mainmise croissante sur le commerce d''objets magiques les rend pratiquement indispensables à bon nombre de leurs clients.\nLes zulkirs qui reviennent au pays gagnent en opulence à mesure que leur sinistre commerce prospère. Ils passent leur temps à comploter et à imaginer des stratagèmes à l''encontre de leurs voisins. Les armées thayenes se sont abattues sur l''Aglarond et le Rashemen à de nombreuses reprises et il est communément admis que le temps viendra où les Thayens reprendront leurs anciennes habitudes de s''accaparer l''objet de leur convoitise par la force et les sorts mortels.',1,'2016-09-12 10:01:12','2016-09-12 10:01:12');
INSERT INTO region (id, name, description, version, created, updated) VALUES (38,'Dambrath', 'Aux yeux des étrangers, le Dambrath est une terre de contrastes. Ses habitants vivent dans de grandes plaines, sous un soleil brûlant et un ciel d''un bleu immaculé, mais ils ont prêté allégeance aux drows, qui fuient la lumière. Bien que la majorité de la population soit humaine, le Dambrath est gouverné par les Crinti, des descendants d''humains, d''elfes et de drows. La nation tire ses richesses de la terre et de la mer. Le Dambrath reste une véritable énigme pour la plupart des Faerûniens car il mène une politique étonnamment pacifique envers ses voisins et n''aime guère voir les étrangers s''enfoncer en son cœur. Cette situation semble convenir parfaitement à la noblesse du pays.\nAllant de la Paroi Orientale, qui lui sert de frontière avec l''Halruaa à l''ouest, au Lluirbois Méridional à l''est, le Dambrath fait plus de 1 000 kilomètres de large. Ses côtes sont deux fois plus longues car la baie du Ballet Cétacé s''enfonce profondément dans les terres. En partant de la côte, le pays s''étend sur près de 450 kilomètres vers le nord, jusqu''à la forêt d''Amtar. Mais l''ensemble des terres habitées se situent au sud des montagnes du Guet des Gnolls et des collines des Défunts Rois, qui divisent la nation en deux régions, une au nord et l''autre au sud. Le Dambrath possède également des terres à l''est de la forêt d''Amtar, sur la route commerciale qui mène à Delzimmer. Le Rethild, également connu sous le nom de Marais Supérieur, fait soi-disant partie du pays, mais ses souverains le possèdent sur le papier seulement, car les hommes-lézards et les nagas qui y vivent en empêchent tout contrôle.\nLe climat dambrathien est excessivement chaud, sauf durant la saison des pluies, qui débute mi-Uktar et dure deux ou trois mois. Au sud de la chaîne du Guet des Gnolls, les journées sont torrides, mais les nuits sont agréables car la brise venue de la Grande Mer fait rapidement chuter les températures. Au nord des montagnes, les températures sont encore plus élevées et l''air est étouffant. Les pluies y sont plus fréquentes, ce qui fait de la forêt d''Amtar une région aussi humide que les jungles de la péninsule de Chult. Les gens qui vivent dans l''arrière-pays n''ont jamais vu de neige et les gelées matinales sont quasi inexistantes, sauf dans les montagnes.\nLe gros du Dambrath est constitué de vastes plaines couvertes d''herbes hautes convenant particulièrement à l''élevage des chevaux. Cette mer de plaines ondoyantes s''étend jusqu''à l''horizon, quelle que soit la direction dans laquelle on regarde. A intervalles réguliers, on trouve des ranchs de chevaux, de minuscules communautés autonomes qui élèvent les meilleures montures de Faerûn. La plupart des citadins vivent dans les ports commerciaux de la côte, plus particulièrement sur les rives de la baie du Ballet Cétacé. Les eaux cristallines de la baie expliquent la présence de nombreux pêcheurs de poisson et de perles toute l''année, une industrie des plus lucratives pour le pays.',1,'2016-09-12 10:02:34','2016-09-12 10:02:34');
INSERT INTO region (id, name, description, version, created, updated) VALUES (39,'Halruaa', 'Entourée de montagnes et située dans le sud lointain, l''Halruaa est une nation de magiciens. Les Halruéens sont les descendants de réfugiés venus de l''influente Nétheril, un royaume de magiciens humains qui ne surent contenir leur puissance, corrompirent leurs âmes et signèrent la destruction de leurs œuvres. l''Halruaa a conservé cette fascination pour la magie qui obsédait les Nétherisses, s''adonnaiit à l''Art avec une fervente dévotion et considérant toutes les autres études comme fort mineures. Jusqu''à présent, les Halruéens n''ont pas fait montre de cet aveuglement qui sonna le glas de Nétheril.\nLes magiciens halruéens sont suffisants. Ils s''intéressent davantage à leurs recherches, dans l''intimité de leurs laboratoires personnels, qu''à l''exploration et l''exploitation du reste de Toril. Ceux qui décident de quitter leur terre natale sont des marchands ou agents en quête de composantes inhabituelles. Parfois, de tels agents sont assez importants pour voyager dans l''un des fabuleux navires volants halruéens. Cependant, ces embarcations volantes sont fragiles et si précieuses qu''on ne les sort d''Halruaa que pour les missions les plus importantes.',1,'2016-09-12 10:03:44','2016-09-12 10:03:44');
INSERT INTO region (id, name, description, version, created, updated) VALUES (40,'Anauroch', 'L''Anauroch est une région désertique qui s''est peu à peu agrandie pour finalement séparer la partie septentrionale de Faerûn en une moitié orientale et une moitié occidentale. Egalement surnommé le Grand désert ou la Grande mer de sable, l''Anauroch a englouti l''ancien empire de Nétheril il y a plus de mille cinq cents ans, puis avalé les royaumes prospères qui s''étaient développés après la chute de cet empire. Pendant des générations, l''avancée incessante de l''Anauroch a détruit des royaumes et chassé les monstres vers les régions frontalières.\nL''Anauroch est le plus grand des déserts de Faerûn, mais il est loin d''être véritablement désert. Une race de nobles barbares nomades, les bédouins parcourent ses étendues. Des garnisons et des patrouilles du Zhentarim contrôlent plusieurs oasis le long de la Route noire, la route commerciale serpentant depuis les ruines de Valtesh jusqu''à Llorkh en passant sous les crêtes des Pics gris. Enfin - et ce qui est peut-être le plus important - l''Empire des ombres s''est fixé au-dessus de l''enclave que l''on appelait autrefois la Mer de la soif. Pénombre, une cité nétherisse ayant échappé à la chute de Nétheril en disparaissant dans le Plan de l''Ombre, est finalement réapparue à Faerûn ; ses maîtres actuels observent attentivement la situation présente du monde et réfléchissent aux conquêtes futures qu''ils pourraient entreprendre.',1,'2016-09-12 10:06:20','2016-09-12 10:06:20');
INSERT INTO region (id, name, description, version, created, updated) VALUES (41,'Luiren', 'Luiren est le seul royaume de Faerûn peuplé et dirigé presque exclusivement par des halfelins. Il s''agit de la terre natale des halfelins vaillants, comme la Grande Faille est le pays des nains d''or. Quelques halfelins pieds-légers et sagespectres y vivent également, mais les neuf dixièmes de la population de halfelins sont constitués de vaillants. A ce sujet, le terme « halfelin de Luiren » se réfère communément au peuple vaillant, bien que cela ne soit pas totalement fondé.\nLes gens de Luiren sont des fermiers, des artisans et des marchands, comme dans nombre d''autres pays. Les champs fertiles de Luiren nourrissent la Grande faille.Ses vergers produisent des oranges, limes et citrons très prisés dans les pays du nord. Les sculptures sur bois de Luiren sont splendides, égalant celles de Téthyr, et des œuvres en bois sont également à vendre. Bien que peu d''individus imaginent les halfelins dotés de quelque tradition militaire que ce soit, les gens de Luiren disposent de milices parfaitement organisées, conduites par les moines et prêtres des temples locaux, et soutenues par une puissante magie divine. Les prêtres et archers halfelins ne reculant pas d''une semelle ont repoussé plus d''une invasion d''humains, d''orques et de gnolls venus de Shaar. Hormis les formes d''autorité locale, la contrée de Luiren ne possède aucun gouvernement. Cependant, les temples du panthéon halfelin constituent le ciment de la société et gouvernent ensemble le pays, habituellement sous l''égide du culte de Yondalla. La Voix dévote de Yondalla, Faran Ferromar, est le leader prééminent de la foi et donc le guide de Luiren.\nLes halfelins de Luiren ne se considèrent pas comme des semi-personnes et se qualifient généralement de « hins ».',1,'2016-09-12 10:07:51','2016-09-12 10:07:51');
INSERT INTO region (id, name, description, version, created, updated) VALUES (42,'Lapaliiya', 'La Ligue de Lapai est une confédération de cités-états qui borde la côte sud-est de la mer Étincelante. Plus pu moins gouvernés par le roi de Sheirtalar, ces petits royaumes sont parfois connus sous lé nom de cités de la brise marine, mais d''un point de vue purement technique, ce surnom inclut également Narubel, Tashluta, Ormpur et les ruines de Procalith. Lapaliiya s''étend de l''est des montagnes Dauphines à la péninsule de Sheir, et du rivage de la mer Étincelante au nord des jungles de Mhair, de la grande muraille d''Halruaa, des désolations Rapines et des pics des collines Brunes.',1,'2016-09-12 10:08:57','2016-09-12 10:08:57');
INSERT INTO region (id, name, description, version, created, updated) VALUES (43,'Marches d''Argent', 'Lunargent est le joyau du Nord, une cité pensée comme un centre d''apprentissage. Elle symbolise la grandeur qui rayonnait autrefois de la capitale elfique de Myth Drannor. Après de longs débats, les diverses places naines, les campements humains et demi-elfes ainsi que les cités humaines décidèrent de s''allier dans le cadre d''un pacte de protection mutuelle dirigé par Alustriel. Cette dernière abandonna le trône de Lunargent afin de superviser la nouvelle confédération des Marches d''argent.\nLes membres actuels des Marches d''argent sont : Castelmithral, la citadelle d''Adbar, la citadelle de Felbarr, Everlund, Jalanthar, Lunargent, Mortencige, Quaervarr et Sundabar. Les Marches d''argent incluent d''une façon générale les terres occidentales de l''Anauroch, l''est de la rivière Surbrin et le nord de la rivière Rauvin. De vastes étendues de forêt et de montagnes à l''intérieur de ces frontières restent sauvages et inoccupées.',1,'2016-09-12 10:11:43','2016-09-12 10:11:43');

/* Skill */
INSERT INTO skill (id, name, shortDescription, description, keyAbilityId, version, created, updated) VALUES (1,'Athlétisme','Utiliser dans les situations difficiles pour grimper, sauter ou nager.','Un jet de Force (Athlétisme) couvre les situations difficiles que vous rencontrez en grimpant, en sautant ou nageant. Cela inclut les activités suivantes :\n• Vous essayez de grimper une falaise abrupte ou glissante, d''éviter les pièges tout en escaladant un mur, ou de vous accrocher à une surface alors que quelque chose essaie de vous faire lâcher.\n• Vous essayez de sauter une distance inhabituellement longue\n• Vous luttez pour nager ou rester à flot en présence de courants contraires, de vagues houleuses ou dans une zone avec d''épaisses algues. Ou bien une autre créature essaie de vous noyer ou de vous sortir de l''eau, ou toute autre chose qui peut interférer avec votre nage.',1,2,'2016-09-13 09:55:49','2016-09-13 10:04:20');
INSERT INTO skill (id, name, shortDescription, description, keyAbilityId, version, created, updated) VALUES (2,'Acrobatie','Rester sure ses pieds dans les situation difficiles.','Un jet de Dextérité (Acrobatie) couvre votre tentative pour rester sur vos pieds dans une situation délicate, comme lorsque vous essayez de courir sur de la glace, de tenir en équilibre sur une corde raide, ou de rester debout sur le pont d''un navire chahuté. Le MD peut également demander un jet de Dextérité (Acrobatie) pour voir si vous pouvez effectuer des acrobaties, comme un plongeon, une roulade ou un saut périlleux.',2,2,'2016-09-13 09:55:49','2016-09-13 10:04:53');
INSERT INTO skill (id, name, shortDescription, description, keyAbilityId, version, created, updated) VALUES (3,'Escamotage','Utiliser sa dextérité pour cacher, déplacer ou voler quelque chose sans être repéré.','Chaque fois que vous tentez une manipulation ou une fourberie, comme prendre quelque chose à quelqu''un ou dissimuler un objet sur vous-même, faites un jet de Dextérité (Escamotage). Le MD peut également demander un jet de Dextérité (Escamotage) pour déterminer si vous pouvez dérober une bourse ou glisser quelque chose dans la poche de quelqu''un.',2,2,'2016-09-13 09:55:49','2016-09-13 10:05:09');
INSERT INTO skill (id, name, shortDescription, description, keyAbilityId, version, created, updated) VALUES (4,'Discrétion','Se cacher de ses ennemis ou se déplacer sans être vu.','Faite un jet de Dextérité (Discrétion) lorsque vous essayez de vous cacher des ennemis, de vous glisser entre des gardes, filer sans vous faire remarquer, ou vous échapper sans être vu ou entendu.',2,2,'2016-09-13 09:55:49','2016-09-13 10:05:23');
INSERT INTO skill (id, name, shortDescription, description, keyAbilityId, version, created, updated) VALUES (5,'Arcane','Connaitre un sort, un plan d''existence, un symbole ou un objet magique.','Un jet d''Intelligence (Arcane) évalue votre aptitude à vous rappeler des choses à propos de sorts, d''objets magiques, de symboles occultes, de traditions magiques, de plans d''existence ou des habitants de ces plans.',4,2,'2016-09-13 09:55:49','2016-09-13 10:05:54');
INSERT INTO skill (id, name, shortDescription, description, keyAbilityId, version, created, updated) VALUES (6,'Histoire','Connaitre l''histoire des royaumes et ses habitants.','Un jet d''Intelligence (Histoire) évalue votre aptitude à vous rappeler des choses à propos d''événements historiques, de personnages légendaires, d''anciens royaumes, de conflits passés, de guerres récentes et de civilisations perdues.',4,2,'2016-09-13 09:55:49','2016-09-13 10:06:11');
INSERT INTO skill (id, name, shortDescription, description, keyAbilityId, version, created, updated) VALUES (7,'Investigation','Recherche d''indices pour trouver quelque chose.','Lorsque vous regardez autour de vous pour trouver des indices et faire des déductions sur la base de ces indices, vous faites un jet d''Intelligence (Investigation). Vous pouvez en déduire l''emplacement d''un objet caché, discerner en fonction de l''apparence d''une blessure le type d''arme utilisé, ou déterminer le point faible dans un tunnel pour causer son effondrement. Se pencher sur d''anciens manuscrits à la recherche d''informations cachées peut aussi demander un jet d''Intelligence (Investigation).',4,2,'2016-09-13 09:55:49','2016-09-13 10:06:17');
INSERT INTO skill (id, name, shortDescription, description, keyAbilityId, version, created, updated) VALUES (8,'Nature','Connaitre les plantes, animaux, terrains et climats.','Un jet d''Intelligence (Nature) évalue votre aptitude à vous rappeler des informations sur un type de terrain, des plantes ou des animaux, la météo et les cycles naturels.',4,2,'2016-09-13 09:55:49','2016-09-13 10:06:35');
INSERT INTO skill (id, name, shortDescription, description, keyAbilityId, version, created, updated) VALUES (9,'Religion','Connaitre les dieux, rites, prières, pratiques et symboles.','Un jet d''Intelligence (Religion) évalue votre aptitude à vous rappeler des choses à propos des dieux, des rites et des prières, la hiérarchie religieuse, les symboles sacrés et les pratiques de cultes secrets.',4,2,'2016-09-13 09:55:49','2016-09-13 10:06:44');
INSERT INTO skill (id, name, shortDescription, description, keyAbilityId, version, created, updated) VALUES (10,'Dressage','Utiliser pour calmer ou monter un animal.','Quand il est question de savoir si vous pouvez calmer un animal domestique, faire qu''une monture ne s''effraye pas, ou deviner les intentions d''un animal, le MD peut demander un jet de Sagesse (Dressage). Vous pouvez également faire un jet de Sagesse (Dressage) pour contrôler votre monture lorsque vous tentez une manœuvre risquée.',5,2,'2016-09-13 09:55:49','2016-09-13 10:07:06');
INSERT INTO skill (id, name, shortDescription, description, keyAbilityId, version, created, updated) VALUES (11,'Intuition','Déterminer les intentions, prédire la prochaine action','Un jet de Sagesse (Intuition) détermine si vous pouvez déceler les véritables intentions d''une créature, comme lorsque vous tentez de savoir si elle ment ou pour prévoir son prochain mouvement. Cela implique de lire le langage du corps, détecter ses habitudes de langage et les changements dans ses manières.',5,2,'2016-09-13 09:55:49','2016-09-13 10:07:19');
INSERT INTO skill (id, name, shortDescription, description, keyAbilityId, version, created, updated) VALUES (12,'Soin','Stabiliser l''état de quelqu''un ou diagnostiquer une maladie.','Un jet de Sagesse (Soin) permet d''essayer de stabiliser un compagnon mourant ou de diagnostiquer une maladie.',5,2,'2016-09-13 09:55:49','2016-09-13 10:07:36');
INSERT INTO skill (id, name, shortDescription, description, keyAbilityId, version, created, updated) VALUES (13,'Perception','Voir, entendre ou détecter une présence','Un jet de Sagesse (Perception) permet de repérer, entendre ou détecter la présence de quelque chose. Il mesure votre conscience de l''environnement et l''acuité de vos sens. Par exemple, vous pouvez essayer d''entendre une conversation à travers une porte fermée, espionner par une fenêtre ouverte, ou entendre des monstres se faufiler dans la forêt. Vous pouvez aussi essayer de repérer des choses qui sont cachées ou difficiles à déceler, que ce soient des orques en embuscade sur une route, des voyous cachés dans l''ombre d''une ruelle ou la lueur d''une chandelle sous une porte secrète fermée.',5,2,'2016-09-13 09:55:49','2016-09-13 10:07:49');
INSERT INTO skill (id, name, shortDescription, description, keyAbilityId, version, created, updated) VALUES (14,'Survie','Pister, chasser, guider dans un endroit peu familier.','Le MD peut vous demander de faire un jet de Sagesse (Survie) pour suivre des traces, chasser du gibier sauvage, guider votre groupe sur un terrain gelé, identifier des traces indiquant qu''un ours-hibou vit à proximité, prévoir le temps ou éviter des sables mouvants et autres catastrophes naturelles.',5,2,'2016-09-13 09:55:49','2016-09-13 10:07:58');
INSERT INTO skill (id, name, shortDescription, description, keyAbilityId, version, created, updated) VALUES (15,'Tromperie','Cacher la vérité, tromper quelqu''un.','Un jet de Charisme (Tromperie) détermine si vous pouvez cacher la vérité avec efficacité, soit verbalement, soit par vos actions. La tromperie peut englober beaucoup de choses, depuis l''ambiguïté de ses dires jusqu''au mensonge pur et simple. Des situations typiques sont d''essayer d''embobiner un garde, duper un commerçant, gagner de l''argent au jeu, vous faire passer pour quelqu''un d''autre à l''aide d''un déguisement, apaiser les soupçons de quelqu''un avec une fausse assurance, ou maintenir un visage impassible tout en racontant un mensonge flagrant.',6,2,'2016-09-13 09:55:49','2016-09-13 10:08:12');
INSERT INTO skill (id, name, shortDescription, description, keyAbilityId, version, created, updated) VALUES (16,'Intimidation','Influencer par l''hostilité.','Lorsque vous essayez d''influencer les gens par des menaces ouvertes, des actions hostiles, ou de la violence physique, le MD peut vous demander de faire un jet de Charisme (Intimidation). Cela peut appliquer pour essayer de soutirer des informations à un prisonnier, convaincre des voyous de renoncer à une confrontation, ou utiliser un tesson de bouteille pour convaincre un vizir sarcastique de réexaminer sa décision.',6,2,'2016-09-13 09:55:49','2016-09-13 10:08:27');
INSERT INTO skill (id, name, shortDescription, description, keyAbilityId, version, created, updated) VALUES (17,'Performance','Capter l''audience par le divertissement.','Un jet de Charisme (Performance) détermine la façon dont vous pouvez enchanter un public par la musique, la danse, le théâtre, le conte ou toute autre forme de divertissement.',6,2,'2016-09-13 09:55:49','2016-09-13 10:09:01');
INSERT INTO skill (id, name, shortDescription, description, keyAbilityId, version, created, updated) VALUES (18,'Persuasion','Influencer par le tact, les bonnes manières.','Lorsque vous essayez d''influencer quelqu''un ou un groupe de personnes avec tact, grâce, ou de bonnes manières, le MD peut vous demander de faire un jet de Charisme (Persuasion). En règle générale, vous utilisez la persuasion lorsque vous agissez de bonne foi, afin de favoriser l''amitié, faire des demandes cordiales, ou utiliser l''étiquette appropriée. Vous pouvez utiliser la persuasion pour convaincre un chambellan de laisser votre groupe voir le roi, négocier la paix entre deux tribus en guerre, ou motiver une foule de citadins.',6,2,'2016-09-13 09:55:49','2016-09-13 10:09:14');

/* DivineDomain */
insert into divinedomain (id, name, description, version, created, updated) values (1,'Connaissance', 'Les dieux de la connaissance, y compris Oghma valorise l''apprentissage et la compréhension avant tout . Certains enseignent que la connaissance doit être recueillies et partagées dans les bibliothèques et les universités, ou de promouvoir la connaissance pratique de l''artisanat et de l''invention. Certaines divinités amassent des connaissances et gardent leurs secrets pour eux-mêmes . Et certains promettent leurs partisans qu''ils gagneront un pouvoir énorme s''ils découvrent les secrets du multivers . Les adeptes de ces dieux\nétudient la connaissance ésotérique, recueillent des anciens tomes, plongent dans le lieux secrets et apprennent tout ce qu''ils peuvent. ',1, now(), now());
insert into divinedomain (id, name, description, version, created, updated) values (2,'Vie', 'Le domaine de la vie se concentre sur la dynamique d''énergie positive, une des forces fondamentales de l''univers, qui soutient toute la vie . Les dieux de la vie favorisent la vitalité et la santé grâce à la guérison des malades et des blessés, prendre soin des personnes dans le besoin, et chassant les forces de la mort et de la mort-vie. Presque toute divinité non-mauvaise peut prétendre influence sur ce domaine.',1, now(), now());
insert into divinedomain (id, name, description, version, created, updated) values (3,'Lumière', 'Les dieux de la lumière promeuvent les idéaux de la renaissance et du renouveau, de la vérité, la vigilance et la beauté, souvent en utilisant le symbole du soleil. Certains de ces dieux sont dépeints comme le soleil lui-même ou comme un chariot qui guide le soleil à travers le ciel. D''autres sont des sentinelles infatigables dont les yeux percent chaque ombre et voient à travers toutes les tromperies. Certains sont des divinités de la beauté et de l''art, qui enseignent que l''art est un véhicule pour l''amélioration de l''âme . Les clercs d''un dieu de la lumière sont des âmes éclairées infusé avec éclat de la puissance de la vision perspicace de leurs dieux , chargé de chasser les mensonges et brûlant les ténèbres .',1, now(), now());
insert into divinedomain (id, name, description, version, created, updated) values (4,'Nature', 'Les dieux de la nature sont aussi variés que le monde naturel lui-même, des dieux impénétrables des forêts profondes aux divinités amicales associés à des oasis et des bosquets. Les druides vénèrent la nature dans son ensemble et pourraient servir une de ces divinités, pratiquant des rites mystérieux et réciter des prières oubliées dans leur langue secrète . Mais beaucoup de ces dieux ont des clercs aussi, champions qui prennent un rôle plus actif pour faire avancer les intérêts d''un dieu de la nature. Ces clercs chassent les monstruosités du mal qui dépouillent les forêts, bénissent la récolte des fidèles, ou dépérissent les cultures de ceux qui engendrent la colère de leur dieu.',1, now(), now());
insert into divinedomain (id, name, description, version, created, updated) values (5,'Tempête', 'Les dieux de ce domaine régissent les tempêtes, la mer et le ciel. Ils comprennent des dieux de la foudre et le tonnerre, des tremblements de terre, du feu, de la violence, de la force physique et du courage. Les dieux du domaine de la tempête envoient leurs clercs pour inspirer la peur dans les gens du commun, que ce soit pour garder les gens sur le chemin de la justice ou de les encourager à offrir des sacrifices pour conjurer la colère divine .',1, now(), now());
insert into divinedomain (id, name, description, version, created, updated) values (6,'Ruse', 'Dieux de la ruse sont corrupteurs et les instigateurs qui se tiennent comme un défi constant à l''ordre accepté parmi les les dieux et les mortels. Ils sont les patrons de voleurs, canailles, joueurs, rebelles et libérateurs. Leurs clercs sont une force perturbatrice dans le monde, prônant la fierté, se moquant des tyrans, volant les riches, libérant les captifs et les méprisant traditions. Ils préfèrent les subterfuges, farces, la tromperie et le vol plutôt que la confrontation directe .',1, now(), now());
insert into divinedomain (id, name, description, version, created, updated) values (7,'Guerre', 'La guerre a de nombreuses manifestations . Elle peut faire des héros des gens ordinaires. Elle peut être désespérée et terrible, avec\nactes de cruauté et de lâcheté éclipsant les instances d''excellence et courage. Dans les deux cas , les dieux de la guerre veillent sur les guerriers et les récompensent pour leur grand actes. Les clercs de ces dieux excellent dans la bataille, inspirant les autres pour combattre  ou offrant des actes de violence comme prières . Les dieux de la guerre incluent des champions d''honneur et de la chevalerie tels que Torm ainsi que les dieux de la destruction et le pillage comme Gruumsh et dieux conquête et de domination comme Bane. D''autres dieux de guerre Tempus prennent une position plus neutre , promeuvent la guerre dans toutes ses manifestations et supportent les guerriers dans toute circonstance.',1, now(), now());
insert into divinedomain (id, name, description, version, created, updated) values (8,'Mort', NULL,1, now(), now());

/* Deity */
insert into deity (id, name, description, alignmentId, symbol, version, created, updated) values (1,'Auril','Déesse de l''hiver',8,'Flocon de neige à six pointe',2, now(), now());
insert into deity (id, name, description, alignmentId, symbol, version, created, updated) values (2,'Azuth','Dieu des magiciens',4,'Main gauche pointée vers le haut en feu',1, now(), now());
insert into deity (id, name, description, alignmentId, symbol, version, created, updated) values (3,'Bane','Dieu de la tyrannie',7,'Main droite noire avec les doigts fermés sur pouce',1, now(), now());
insert into deity (id, name, description, alignmentId, symbol, version, created, updated) values (4,'Beshaba','Déesse du malheur',9,'Ramures noires',1, now(), now());
insert into deity (id, name, description, alignmentId, symbol, version, created, updated) values (5,'Bhaal','Dieu du meurtre',8,'Crâne entouré de larmes de sang',1, now(), now());
insert into deity (id, name, description, alignmentId, symbol, version, created, updated) values (6,'Chauntea','Déesse de l''agriculture',2,'Liasse de grain ou une rose sur du grain',1, now(), now());
insert into deity (id, name, description, alignmentId, symbol, version, created, updated) values (7,'Cyric','Dieu des mensonges',9,'Crâne sans mâchoire sur soleil noir ou pourpre',1, now(), now());
insert into deity (id, name, description, alignmentId, symbol, version, created, updated) values (8,'Deneir','Dieu de l''écriture',2,'Bougie allumée au dessus d''un oeil ouvert',1, now(), now());
insert into deity (id, name, description, alignmentId, symbol, version, created, updated) values (9,'Eldath','Déesse de la paix',2,'Chute d''eau plongeant dans l''eau stagnate',1, now(), now());
insert into deity (id, name, description, alignmentId, symbol, version, created, updated) values (10,'Gond','Dieu de l''invention',5,'Bouclier denté avec 4 pointes',1, now(), now());
insert into deity (id, name, description, alignmentId, symbol, version, created, updated) values (11,'Helm','Dieu de la protection',4,'Oeil ouvert sur un gantelet droit',1, now(), now());
insert into deity (id, name, description, alignmentId, symbol, version, created, updated) values (12,'Ilmater','Dieu de l''endurance',1,'Mains jointes aux poignets avec de la corde rouge',1, now(), now());
insert into deity (id, name, description, alignmentId, symbol, version, created, updated) values (13,'Kelemvor','Dieu des morts',4,'Bras droit squelettique tenant une balance',2, now(), now());
insert into deity (id, name, description, alignmentId, symbol, version, created, updated) values (14,'Lathandre','Dieu de la naissance et du renouveau',2,'Route menant au levé du soleil',1, now(), now());
insert into deity (id, name, description, alignmentId, symbol, version, created, updated) values (15,'Leira','Déesse de l''illusion',6,'Triangle vers le bas contenant un tourbillon de brouillard',1, now(), now());
insert into deity (id, name, description, alignmentId, symbol, version, created, updated) values (16,'Loviatar','Déesse de la douleur',7,'Fouet à 9 queues',1, now(), now());
insert into deity (id, name, description, alignmentId, symbol, version, created, updated) values (17,'Malar','Dieu de la chasse',9,'Main griffue',1, now(), now());
insert into deity (id, name, description, alignmentId, symbol, version, created, updated) values (18,'Mielikki','Déesse des forêts',2,'Tête de licorne',1, now(), now());
insert into deity (id, name, description, alignmentId, symbol, version, created, updated) values (19,'Myrkul','Dieu de la mort',8,'Crâne humain blanc',1, now(), now());
insert into deity (id, name, description, alignmentId, symbol, version, created, updated) values (20,'Mask','Dieu des voleurs',6,'Masque noir',1, now(), now());
insert into deity (id, name, description, alignmentId, symbol, version, created, updated) values (21,'Mystra','Déesse de la magie',2,'Cercle de 7 étoiles',1, now(), now());
insert into deity (id, name, description, alignmentId, symbol, version, created, updated) values (22,'Oghma','Dieu de la connaissance',5,'Parchemin vide',1, now(), now());
insert into deity (id, name, description, alignmentId, symbol, version, created, updated) values (23,'Seluné','Déesse le la lune',3,'Pair d''yeux surmontés de 7 étoiles',1, now(), now());
insert into deity (id, name, description, alignmentId, symbol, version, created, updated) values (24,'Shar','Déesse de la noirceur et de la perte',8,'Disque noir bordé de violet',1, now(), now());
insert into deity (id, name, description, alignmentId, symbol, image, version, created, updated) values (25,'Silvanus','Dieu de la nature sauvage',5,'Feuille de chêne',NULL,1,'2016-09-07 09:17:22','2016-09-07 09:17:22');
insert into deity (id, name, description, alignmentId, symbol, image, version, created, updated) values (26,'Sunie','Déesse de l''amour et de la beauté',3,'Visage d''une belle femme rousse',NULL,1,'2016-09-07 09:18:13','2016-09-07 09:18:13');
insert into deity (id, name, description, alignmentId, symbol, image, version, created, updated) values (27,'Talona','Déesse de la maladie et du poison',9,'3 larmes sur un triangle',NULL,1,'2016-09-07 09:20:32','2016-09-07 09:20:32');
insert into deity (id, name, description, alignmentId, symbol, image, version, created, updated) values (28,'Talos','Dieu des tempêtes',9,'3 éclairs partant du même point',NULL,1,'2016-09-07 09:21:54','2016-09-07 09:21:54');
insert into deity (id, name, description, alignmentId, symbol, image, version, created, updated) values (29,'Tempus','Dieu de la guerre',5,'Épée emflammée',NULL,1,'2016-09-07 09:22:38','2016-09-07 09:22:38');
insert into deity (id, name, description, alignmentId, symbol, image, version, created, updated) values (30,'Torm','Dieu du devoir et de la loyauté',1,'Gantelet droit',NULL,1,'2016-09-07 09:26:18','2016-09-07 09:26:18');
insert into deity (id, name, description, alignmentId, symbol, image, version, created, updated) values (31,'Tymora','Déesse de la chance et de la bonne fortune',3,'Pièce de monnaie coté face',NULL,1,'2016-09-07 09:27:18','2016-09-07 09:27:18');
insert into deity (id, name, description, alignmentId, symbol, image, version, created, updated) values (32,'Tyr','Dieu de la justice',1,'Balance reposant sur un marteau de guerre',NULL,1,'2016-09-07 09:31:40','2016-09-07 09:31:40');
insert into deity (id, name, description, alignmentId, symbol, image, version, created, updated) values (33,'Umberlee','Déesse des mers',9,'Vague courbant à gauche et à droite',NULL,1,'2016-09-07 09:32:33','2016-09-07 09:32:33');
insert into deity (id, name, description, alignmentId, symbol, image, version, created, updated) values (34,'Waukeen','Déesse du commerce',5,'Pièce de monnaie avec le profil de Waukeen regardant à gauche',NULL,1,'2016-09-07 09:33:58','2016-09-07 09:33:58');
INSERT INTO deity (id, name, description, alignmentId, symbol, image, version, created, updated) VALUES (35,'Abbathor','Dieu nain de la cupidité',8,'Dague incrustée de joyaux',NULL,2,'2016-09-07 11:11:09','2016-09-07 11:16:31');
INSERT INTO deity (id, name, description, alignmentId, symbol, image, version, created, updated) VALUES (36,'Berronar Purargent','Déesse naine de la sécurité, vérité, foyer et soin.',1,'2 anneaux d''argent entremêlés',NULL,2,'2016-09-07 11:19:56','2016-09-07 13:26:02');
INSERT INTO deity (id, name, description, alignmentId, symbol, image, version, created, updated) VALUES (37,'Clanggedin Barbedargent','Dieu nain de la bataille',1,'2 haches d''arme croisées',NULL,2,'2016-09-07 11:21:29','2016-09-07 13:24:31');
INSERT INTO deity (id, name, description, alignmentId, symbol, image, version, created, updated) VALUES (38,'Dumathoin','Dieu nain de l''exploration minière connu sous le nom de Gardien des secrets sous la montagne.',5,'Une gemme dans une montagne',NULL,1,'2016-09-07 11:26:35','2016-09-07 11:26:35');
INSERT INTO deity (id, name, description, alignmentId, symbol, image, version, created, updated) VALUES (39,'Moradin','Dieu nain de la création dit le Forgeur d''âme',1,'Une flamme sur une enclume',NULL,2,'2016-09-07 11:29:52','2016-09-07 13:24:52');
INSERT INTO deity (id, name, description, alignmentId, symbol, image, version, created, updated) VALUES (40,'Sharindlar','Déesse naine des soins, de la pitié, de l''amour et de la fertilité',3,'Cercle avec une cuillère en feu',NULL,1,'2016-09-07 11:33:28','2016-09-07 11:33:28');
INSERT INTO deity (id, name, description, alignmentId, symbol, image, version, created, updated) VALUES (41,'Corellon Larethian','Dieu elfe de l''art et de la magie',3,'Étoile à 8 branches',NULL,1,'2016-09-07 11:36:43','2016-09-07 11:36:43');
INSERT INTO deity (id, name, description, alignmentId, symbol, image, version, created, updated) VALUES (42,'Sashelas des Profondeurs','Dieu elfe de la mer',3,'Dauphin',NULL,2,'2016-09-07 11:37:27','2016-09-07 13:28:40');
INSERT INTO deity (id, name, description, alignmentId, symbol, image, version, created, updated) VALUES (43,'Angharradh','Déesse elfe du printemps, fertilité et sagesse',3,'3 cercles croisés dans un triangle vers le bas',NULL,1,'2016-09-07 11:43:14','2016-09-07 11:43:14');
INSERT INTO deity (id, name, description, alignmentId, symbol, image, version, created, updated) VALUES (44,'Garl Brilledor','Dieu gnome de la ruse, de l''humour et protection dit le Farceur',1,'Pépite d''or',NULL,3,'2016-09-07 11:45:53','2016-09-07 13:20:58');
INSERT INTO deity (id, name, description, alignmentId, symbol, image, version, created, updated) VALUES (45,'Baervan Ermiterrant','Dieu gnome des forêts, des voyages et de la nature dit la Feuille Masquée',2,'Tête de raton laveur',NULL,3,'2016-09-07 13:16:09','2016-09-07 13:21:30');
INSERT INTO deity (id, name, description, alignmentId, symbol, image, version, created, updated) VALUES (46,'Callarduran Doucemains','Dieu gnome de la terre et de la roche dit Frère des Profondeurs. Il est le patron des svirfneblins.',5,'Anneau doré orné d''un rubis étoilé',NULL,2,'2016-09-07 13:18:52','2016-09-07 13:22:28');
INSERT INTO deity (id, name, description, alignmentId, symbol, image, version, created, updated) VALUES (47,'Flandal Peaudacier','Dieu gnome des artisans, mineurs et forgerons.',2,'Maillet de forgeron enflammé',NULL,2,'2016-09-07 13:23:57','2016-09-07 13:27:27');
INSERT INTO deity (id, name, description, alignmentId, symbol, image, version, created, updated) VALUES (48,'Vergadain','Dieu nain de la chance et de la richesse, le patron des marchands.',5,'Pièce d''or',NULL,1,'2016-09-07 13:26:53','2016-09-07 13:26:53');
INSERT INTO deity (id, name, description, alignmentId, symbol, image, version, created, updated) VALUES (49,'Segojan Hanteterre','Dieu gnome de la terre et de la nature',2,'Gemme luisante en permanence de mille feux',NULL,1,'2016-09-07 13:31:40','2016-09-07 13:31:40');
INSERT INTO deity (id, name, description, alignmentId, symbol, image, version, created, updated) VALUES (50,'Urdlen','Dieu gnome de la cupidité et du sang',9,'Taupe blanche albinos',NULL,1,'2016-09-07 13:34:13','2016-09-07 13:34:13');
INSERT INTO deity (id, name, description, alignmentId, symbol, image, version, created, updated) VALUES (51,'Gruumsh','Dieu orque de la création surnommé surnommé N''a-qu''un-œil, Celui-qui-ne-dort-jamais ou Celui-qui-observe.',9,'Un oeil sans paupière',NULL,1,'2016-09-07 13:37:57','2016-09-07 13:37:57');
INSERT INTO deity (id, name, description, alignmentId, symbol, image, version, created, updated) VALUES (52,'Lloth','Déesse drow du chaos dite la Reine Araignée',9,'Araignée',NULL,1,'2016-09-07 13:41:31','2016-09-07 13:41:31');
INSERT INTO deity (id, name, description, alignmentId, symbol, image, version, created, updated) VALUES (53,'Eilistraée','Déesse du chant, la chasse, la lune et la beauté.',3,'Une épée décorée d''un croissant',NULL,1,'2016-09-07 13:45:06','2016-09-07 13:45:06');
INSERT INTO deity (id, name, description, alignmentId, symbol, image, version, created, updated) VALUES (54,'Ghaunadaur','Dieu drow des abominations, gelées, bannis et rebelles dit Celui qui Rôde',9,'Un oeil qui observe',NULL,1,'2016-09-07 13:49:21','2016-09-07 13:49:21');
INSERT INTO deity (id, name, description, alignmentId, symbol, image, version, created, updated) VALUES (55,'Vhaeraun','Dieu drow du chaos, le vol, la duperie et le mal. dit le Seigneur Masqué.',9,'Un masque',NULL,1,'2016-09-07 13:51:46','2016-09-07 13:51:46');
INSERT INTO deity (id, name, description, alignmentId, symbol, image, version, created, updated) VALUES (56,'Yondalla','Déesse halfeline de la création, de la fertilité et protection',1,'Bouclier',NULL,1,'2016-09-07 13:54:17','2016-09-07 13:54:17');
INSERT INTO deity (id, name, description, alignmentId, symbol, image, version, created, updated) VALUES (57,'Arvoreen','Dieu halfelin de la protection, vigilance et de la guerre dit le Défenseur.',1,'2 épées croisées',NULL,1,'2016-09-07 13:56:42','2016-09-07 13:56:42');
INSERT INTO deity (id, name, description, alignmentId, symbol, image, version, created, updated) VALUES (58,'Cyrrollalee','Déesse de l''amitié, confiance et de l''hospitalité dite la Main de Camaraderie.',1,'Une porte ouverte',NULL,1,'2016-09-07 13:59:10','2016-09-07 13:59:10');
INSERT INTO deity (id, name, description, alignmentId, symbol, image, version, created, updated) VALUES (59,'Sheela Peryroyl','Déesse halfeline de la nature et de l''agriculture dit la Soeur Verte. ',5,'Marguerite',NULL,1,'2016-09-07 14:01:38','2016-09-07 14:01:38');

/* DeityDomain */
INSERT INTO deitydomain (deityId, domainId) VALUES (2,1);
INSERT INTO deitydomain (deityId, domainId) VALUES (8,1);
INSERT INTO deitydomain (deityId, domainId) VALUES (10,1);
INSERT INTO deitydomain (deityId, domainId) VALUES (21,1);
INSERT INTO deitydomain (deityId, domainId) VALUES (22,1);
INSERT INTO deitydomain (deityId, domainId) VALUES (23,1);
INSERT INTO deitydomain (deityId, domainId) VALUES (34,1);
INSERT INTO deitydomain (deityId, domainId) VALUES (38,1);
INSERT INTO deitydomain (deityId, domainId) VALUES (39,1);
INSERT INTO deitydomain (deityId, domainId) VALUES (46,1);
INSERT INTO deitydomain (deityId, domainId) VALUES (47,1);
INSERT INTO deitydomain (deityId, domainId) VALUES (6,2);
INSERT INTO deitydomain (deityId, domainId) VALUES (9,2);
INSERT INTO deitydomain (deityId, domainId) VALUES (11,2);
INSERT INTO deitydomain (deityId, domainId) VALUES (12,2);
INSERT INTO deitydomain (deityId, domainId) VALUES (14,2);
INSERT INTO deitydomain (deityId, domainId) VALUES (23,2);
INSERT INTO deitydomain (deityId, domainId) VALUES (26,2);
INSERT INTO deitydomain (deityId, domainId) VALUES (36,2);
INSERT INTO deitydomain (deityId, domainId) VALUES (40,2);
INSERT INTO deitydomain (deityId, domainId) VALUES (43,2);
INSERT INTO deitydomain (deityId, domainId) VALUES (53,2);
INSERT INTO deitydomain (deityId, domainId) VALUES (56,2);
INSERT INTO deitydomain (deityId, domainId) VALUES (58,2);
INSERT INTO deitydomain (deityId, domainId) VALUES (11,3);
INSERT INTO deitydomain (deityId, domainId) VALUES (14,3);
INSERT INTO deitydomain (deityId, domainId) VALUES (26,3);
INSERT INTO deitydomain (deityId, domainId) VALUES (41,3);
INSERT INTO deitydomain (deityId, domainId) VALUES (58,3);
INSERT INTO deitydomain (deityId, domainId) VALUES (1,4);
INSERT INTO deitydomain (deityId, domainId) VALUES (9,4);
INSERT INTO deitydomain (deityId, domainId) VALUES (17,4);
INSERT INTO deitydomain (deityId, domainId) VALUES (18,4);
INSERT INTO deitydomain (deityId, domainId) VALUES (25,4);
INSERT INTO deitydomain (deityId, domainId) VALUES (42,4);
INSERT INTO deitydomain (deityId, domainId) VALUES (43,4);
INSERT INTO deitydomain (deityId, domainId) VALUES (45,4);
INSERT INTO deitydomain (deityId, domainId) VALUES (46,4);
INSERT INTO deitydomain (deityId, domainId) VALUES (49,4);
INSERT INTO deitydomain (deityId, domainId) VALUES (59,4);
INSERT INTO deitydomain (deityId, domainId) VALUES (1,5);
INSERT INTO deitydomain (deityId, domainId) VALUES (28,5);
INSERT INTO deitydomain (deityId, domainId) VALUES (33,5);
INSERT INTO deitydomain (deityId, domainId) VALUES (42,5);
INSERT INTO deitydomain (deityId, domainId) VALUES (51,5);
INSERT INTO deitydomain (deityId, domainId) VALUES (4,6);
INSERT INTO deitydomain (deityId, domainId) VALUES (7,6);
INSERT INTO deitydomain (deityId, domainId) VALUES (15,6);
INSERT INTO deitydomain (deityId, domainId) VALUES (20,6);
INSERT INTO deitydomain (deityId, domainId) VALUES (24,6);
INSERT INTO deitydomain (deityId, domainId) VALUES (31,6);
INSERT INTO deitydomain (deityId, domainId) VALUES (34,6);
INSERT INTO deitydomain (deityId, domainId) VALUES (35,6);
INSERT INTO deitydomain (deityId, domainId) VALUES (44,6);
INSERT INTO deitydomain (deityId, domainId) VALUES (48,6);
INSERT INTO deitydomain (deityId, domainId) VALUES (52,6);
INSERT INTO deitydomain (deityId, domainId) VALUES (55,6);
INSERT INTO deitydomain (deityId, domainId) VALUES (3,7);
INSERT INTO deitydomain (deityId, domainId) VALUES (29,7);
INSERT INTO deitydomain (deityId, domainId) VALUES (30,7);
INSERT INTO deitydomain (deityId, domainId) VALUES (32,7);
INSERT INTO deitydomain (deityId, domainId) VALUES (37,7);
INSERT INTO deitydomain (deityId, domainId) VALUES (50,7);
INSERT INTO deitydomain (deityId, domainId) VALUES (51,7);
INSERT INTO deitydomain (deityId, domainId) VALUES (57,7);
INSERT INTO deitydomain (deityId, domainId) VALUES (5,8);
INSERT INTO deitydomain (deityId, domainId) VALUES (13,8);
INSERT INTO deitydomain (deityId, domainId) VALUES (16,8);
INSERT INTO deitydomain (deityId, domainId) VALUES (19,8);
INSERT INTO deitydomain (deityId, domainId) VALUES (24,8);
INSERT INTO deitydomain (deityId, domainId) VALUES (27,8);
INSERT INTO deitydomain (deityId, domainId) VALUES (49,8);
INSERT INTO deitydomain (deityId, domainId) VALUES (54,8);

/* ArmorType */
INSERT INTO armortype (id, name, description, proficiencyType, maxDexBonus, baseArmorClass, stealthDisavantage, minStrength, baseWeight, basePrice, version, created, updated) VALUES (1,'Matelassé','L''armure matelassée se compose de couches matelassées de tissu et ouate.','LIGHT',-1,1,1,1,8,5,3,'2016-09-09 08:54:20','2016-09-09 08:59:28');
INSERT INTO armortype (id, name, description, proficiencyType, maxDexBonus, baseArmorClass, stealthDisavantage, minStrength, baseWeight, basePrice, version, created, updated) VALUES (2,'Cuir','Le plastron et les épaules protecteurs de cette armure sont faits de cuir qui a été solidifié en étant bouilli dans de l''huile. Le reste de l''armure est constituée de matériaux plus doux et plus souples.','LIGHT',-1,1,0,1,10,10,3,'2016-09-09 08:54:20','2016-09-09 09:18:38');
INSERT INTO armortype (id, name, description, proficiencyType, maxDexBonus, baseArmorClass, stealthDisavantage, minStrength, baseWeight, basePrice, version, created, updated) VALUES (3,'Clouté','Fabriqué à partir de cuir solide mais flexible, l''armure de cuir clouté est renforcée avec des rivets ou des crampons.','LIGHT',-1,2,0,1,13,45,3,'2016-09-09 08:54:20','2016-09-09 09:20:24');
INSERT INTO armortype (id, name, description, proficiencyType, maxDexBonus, baseArmorClass, stealthDisavantage, minStrength, baseWeight, basePrice, version, created, updated) VALUES (4,'Peau','Cette armure brute se compose de fourrures épaisses et de peaux. Il est communément porté par les tribus barbares , les humanoïdes mauvais et d''autres gens qui n''ont pas accès aux outils et les matériaux nécessaires pour créer une meilleure armure.','MEDIUM',2,2,0,1,12,10,3,'2016-09-09 08:54:20','2016-09-09 09:21:48');
INSERT INTO armortype (id, name, description, proficiencyType, maxDexBonus, baseArmorClass, stealthDisavantage, minStrength, baseWeight, basePrice, version, created, updated) VALUES (5,'Chemise de cote de maille','Fait d''anneaux métalliques entrelacées, une chemise de cotte de maille est portée entre les couches de vêtements ou de cuir . Cette armure offre une protection modeste supérieure au porteur et permet au son des mailles d''être étouffé par les couches extérieures.','MEDIUM',2,3,0,1,20,50,3,'2016-09-09 08:54:20','2016-09-09 09:24:36');
INSERT INTO armortype (id, name, description, proficiencyType, maxDexBonus, baseArmorClass, stealthDisavantage, minStrength, baseWeight, basePrice, version, created, updated) VALUES (6,'Feuilleté','Cette armure se compose d''un manteau et des jambières de cuir recouvert de chevauchement des morceaux de métal, un peu comme les écailles d''un poisson. Le costume comprend gantelets.','MEDIUM',2,4,1,1,45,50,3,'2016-09-09 08:54:20','2016-09-09 09:26:38');
INSERT INTO armortype (id, name, description, proficiencyType, maxDexBonus, baseArmorClass, stealthDisavantage, minStrength, baseWeight, basePrice, version, created, updated) VALUES (7,'Plastron de plate','Cette armure est constituée d''un métal ajusté à la poitrine porté avec cuir souple . Bien qu''elle laisse les jambes et les bras relativement non protégés, cette armure fournit une bonne protection pour les organes vitaux tout en laissant le porteur relativement non-encombré.','MEDIUM',2,4,0,1,20,400,3,'2016-09-09 08:54:20','2016-09-09 09:28:53');
INSERT INTO armortype (id, name, description, proficiencyType, maxDexBonus, baseArmorClass, stealthDisavantage, minStrength, baseWeight, basePrice, version, created, updated) VALUES (8,'Demie-plate','La demie-plate est constituée de plaques métalliques profilées qui couvrent la majeure partie du corps de l''utilisateur . Il ne comprend pas de protection aux jambes sauf des jambières simples qui sont attachées\navec des lanières de cuir .','MEDIUM',2,5,1,1,40,750,3,'2016-09-09 08:54:20','2016-09-09 09:31:53');
INSERT INTO armortype (id, name, description, proficiencyType, maxDexBonus, baseArmorClass, stealthDisavantage, minStrength, baseWeight, basePrice, version, created, updated) VALUES (9,'Annelé','Cette armure est une armure de cuir avec de lourdes anneaux cousus en elle. Les anneaux contribuent à renforcer l''armure contre les coups de sabres et des haches. L''armure annelée est inférieure à la cotte de maille et est généralement portée que par ceux qui ne peuvent pas se permettre une meilleure armure.','HEAVY',0,4,1,1,40,30,3,'2016-09-09 08:54:20','2016-09-09 09:34:13');
INSERT INTO armortype (id, name, description, proficiencyType, maxDexBonus, baseArmorClass, stealthDisavantage, minStrength, baseWeight, basePrice, version, created, updated) VALUES (10,'Cote de maille','Fait d''anneaux métalliques entrelacés , la cotte de maille contient une couche de tissu matelassé portée sous\nles mailles pour éviter les frottements et à amortir l''impact des coups . Le costume comprend gantelets.','HEAVY',0,6,1,13,55,75,3,'2016-09-09 08:54:20','2016-09-09 09:36:24');
INSERT INTO armortype (id, name, description, proficiencyType, maxDexBonus, baseArmorClass, stealthDisavantage, minStrength, baseWeight, basePrice, version, created, updated) VALUES (11,'Éclisse','Cette armure est faite de bandes verticales étroites de métal riveté sur un support de cuir qui est porté sur un\nrembourrage en tissu. Une cotte de mailles flexible protège les articulations.','HEAVY',0,7,1,15,60,200,3,'2016-09-09 08:54:20','2016-09-09 09:37:14');
INSERT INTO armortype (id, name, description, proficiencyType, maxDexBonus, baseArmorClass, stealthDisavantage, minStrength, baseWeight, basePrice, version, created, updated) VALUES (12,'Plate complète','L''armure de plate complète est formée de plaques de métal entremêlées pour couvrir l''ensemble du corps. Une armure de plate comprend gantelets, des bottes en cuir épais, un casque à visière et une épaisse couche de rembourrage sous l''armure . Boucles et sangles distribuent le poids sur le corps.','HEAVY',0,8,1,15,65,1500,3,'2016-09-09 08:54:20','2016-09-09 09:40:28');
INSERT INTO armortype (id, name, description, proficiencyType, maxDexBonus, baseArmorClass, stealthDisavantage, minStrength, baseWeight, basePrice, version, created, updated) VALUES (13,'Bouclier','Un bouclier est fabriqué à partir de bois ou de métal et est utilisé avec une main. Porter un bouclier augmente votre classe d''armure de 2. Vous pouvez bénéficier d''un seul bouclier à la fois.','SHIELD',0,2,0,1,6,10,3,'2016-09-09 08:54:20','2016-09-09 09:42:17');

/* WeaponType */
INSERT INTO weapontype (id, name, description, proficiencyType, sizeType, handleType, usageType, rangeType, oneHandBaseDamage, twoHandBaseDamage, damageTypeId, isReach, isFinesse, isLoading, baseWeight, basePrice, version, created, updated) VALUES (1,'Gourdin',NULL,'SIMPLE','LIGHT','ONE_HANDED','MELEE',NULL,'1d4',NULL,2,0,0,0,2,1,1,'2016-09-12 14:09:11','2016-09-12 14:09:11');
INSERT INTO weapontype (id, name, description, proficiencyType, sizeType, handleType, usageType, rangeType, oneHandBaseDamage, twoHandBaseDamage, damageTypeId, isReach, isFinesse, isLoading, baseWeight, basePrice, version, created, updated) VALUES (2,'Dague',NULL,'SIMPLE','LIGHT','ONE_HANDED','MELEE_RANGE','THROWN','1d4',NULL,8,0,1,0,1,2,1,'2016-09-12 14:10:27','2016-09-12 14:10:27');
INSERT INTO weapontype (id, name, description, proficiencyType, sizeType, handleType, usageType, rangeType, oneHandBaseDamage, twoHandBaseDamage, damageTypeId, isReach, isFinesse, isLoading, baseWeight, basePrice, version, created, updated) VALUES (3,'Massue',NULL,'SIMPLE','MEDIUM','TWO_HANDED','MELEE',NULL,NULL,'1d8',2,0,0,0,10,1,1,'2016-09-12 14:16:31','2016-09-12 14:16:31');
INSERT INTO weapontype (id, name, description, proficiencyType, sizeType, handleType, usageType, rangeType, oneHandBaseDamage, twoHandBaseDamage, damageTypeId, isReach, isFinesse, isLoading, baseWeight, basePrice, version, created, updated) VALUES (4,'Hachette',NULL,'SIMPLE','LIGHT','ONE_HANDED','MELEE_RANGE','THROWN','1d6',NULL,12,0,0,0,2,5,1,'2016-09-12 14:17:44','2016-09-12 14:17:44');
INSERT INTO weapontype (id, name, description, proficiencyType, sizeType, handleType, usageType, rangeType, oneHandBaseDamage, twoHandBaseDamage, damageTypeId, isReach, isFinesse, isLoading, baseWeight, basePrice, version, created, updated) VALUES (5,'Javeline',NULL,'SIMPLE','MEDIUM','ONE_HANDED','MELEE_RANGE','THROWN','1d6',NULL,8,0,0,0,2,1,1,'2016-09-12 14:18:44','2016-09-12 14:18:44');
INSERT INTO weapontype (id, name, description, proficiencyType, sizeType, handleType, usageType, rangeType, oneHandBaseDamage, twoHandBaseDamage, damageTypeId, isReach, isFinesse, isLoading, baseWeight, basePrice, version, created, updated) VALUES (6,'Marteau',NULL,'SIMPLE','LIGHT','ONE_HANDED','MELEE_RANGE','THROWN','1d4',NULL,2,0,0,0,2,2,1,'2016-09-12 14:19:33','2016-09-12 14:19:33');
INSERT INTO weapontype (id, name, description, proficiencyType, sizeType, handleType, usageType, rangeType, oneHandBaseDamage, twoHandBaseDamage, damageTypeId, isReach, isFinesse, isLoading, baseWeight, basePrice, version, created, updated) VALUES (7,'Masse d''arme',NULL,'SIMPLE','MEDIUM','ONE_HANDED','MELEE',NULL,'1d6',NULL,2,0,0,0,4,5,1,'2016-09-12 14:20:06','2016-09-12 14:20:06');
INSERT INTO weapontype (id, name, description, proficiencyType, sizeType, handleType, usageType, rangeType, oneHandBaseDamage, twoHandBaseDamage, damageTypeId, isReach, isFinesse, isLoading, baseWeight, basePrice, version, created, updated) VALUES (8,'Bâton',NULL,'SIMPLE','MEDIUM','VERSATILE','MELEE',NULL,'1d6','1d8',2,0,0,0,4,1,1,'2016-09-12 14:20:59','2016-09-12 14:20:59');
INSERT INTO weapontype (id, name, description, proficiencyType, sizeType, handleType, usageType, rangeType, oneHandBaseDamage, twoHandBaseDamage, damageTypeId, isReach, isFinesse, isLoading, baseWeight, basePrice, version, created, updated) VALUES (9,'Faucille',NULL,'SIMPLE','LIGHT','ONE_HANDED','MELEE',NULL,'1d4',NULL,12,0,0,0,2,1,1,'2016-09-12 14:23:14','2016-09-12 14:23:14');
INSERT INTO weapontype (id, name, description, proficiencyType, sizeType, handleType, usageType, rangeType, oneHandBaseDamage, twoHandBaseDamage, damageTypeId, isReach, isFinesse, isLoading, baseWeight, basePrice, version, created, updated) VALUES (10,'Arbalète légère',NULL,'SIMPLE','MEDIUM','TWO_HANDED','RANGE','AMMUNITION',NULL,'1d8',8,0,0,1,5,25,2,'2016-09-12 14:24:20','2016-09-12 14:53:02');
INSERT INTO weapontype (id, name, description, proficiencyType, sizeType, handleType, usageType, rangeType, oneHandBaseDamage, twoHandBaseDamage, damageTypeId, isReach, isFinesse, isLoading, baseWeight, basePrice, version, created, updated) VALUES (11,'Fléchette',NULL,'SIMPLE','MEDIUM','ONE_HANDED','RANGE','THROWN','1d4',NULL,8,0,1,0,0.25,1,1,'2016-09-12 14:25:38','2016-09-12 14:25:38');
INSERT INTO weapontype (id, name, description, proficiencyType, sizeType, handleType, usageType, rangeType, oneHandBaseDamage, twoHandBaseDamage, damageTypeId, isReach, isFinesse, isLoading, baseWeight, basePrice, version, created, updated) VALUES (12,'Arc court',NULL,'SIMPLE','MEDIUM','TWO_HANDED','RANGE','AMMUNITION',NULL,'1d6',8,0,0,0,2,25,1,'2016-09-12 14:26:56','2016-09-12 14:26:56');
INSERT INTO weapontype (id, name, description, proficiencyType, sizeType, handleType, usageType, rangeType, oneHandBaseDamage, twoHandBaseDamage, damageTypeId, isReach, isFinesse, isLoading, baseWeight, basePrice, version, created, updated) VALUES (13,'Fronde',NULL,'SIMPLE','LIGHT','ONE_HANDED','RANGE','AMMUNITION','1d4',NULL,2,0,0,0,0.1,1,1,'2016-09-12 14:28:09','2016-09-12 14:28:09');
INSERT INTO weapontype (id, name, description, proficiencyType, sizeType, handleType, usageType, rangeType, oneHandBaseDamage, twoHandBaseDamage, damageTypeId, isReach, isFinesse, isLoading, baseWeight, basePrice, version, created, updated) VALUES (14,'Hache d''arme',NULL,'MARTIAL','MEDIUM','VERSATILE','MELEE',NULL,'1d8','1d10',12,0,0,0,4,10,1,'2016-09-12 14:28:50','2016-09-12 14:28:50');
INSERT INTO weapontype (id, name, description, proficiencyType, sizeType, handleType, usageType, rangeType, oneHandBaseDamage, twoHandBaseDamage, damageTypeId, isReach, isFinesse, isLoading, baseWeight, basePrice, version, created, updated) VALUES (15,'Fléau',NULL,'MARTIAL','MEDIUM','ONE_HANDED','MELEE',NULL,'1d8',NULL,2,0,0,0,2,10,1,'2016-09-12 14:29:28','2016-09-12 14:29:28');
INSERT INTO weapontype (id, name, description, proficiencyType, sizeType, handleType, usageType, rangeType, oneHandBaseDamage, twoHandBaseDamage, damageTypeId, isReach, isFinesse, isLoading, baseWeight, basePrice, version, created, updated) VALUES (17,'Hache à 2 mains',NULL,'MARTIAL','HEAVY','TWO_HANDED','MELEE',NULL,NULL,'1d12',12,0,0,0,7,30,1,'2016-09-12 14:31:16','2016-09-12 14:31:16');
INSERT INTO weapontype (id, name, description, proficiencyType, sizeType, handleType, usageType, rangeType, oneHandBaseDamage, twoHandBaseDamage, damageTypeId, isReach, isFinesse, isLoading, baseWeight, basePrice, version, created, updated) VALUES (18,'Épée à 2 mains',NULL,'MARTIAL','HEAVY','TWO_HANDED','MELEE',NULL,NULL,'2d6',12,0,0,0,6,50,1,'2016-09-12 14:31:49','2016-09-12 14:31:49');
INSERT INTO weapontype (id, name, description, proficiencyType, sizeType, handleType, usageType, rangeType, oneHandBaseDamage, twoHandBaseDamage, damageTypeId, isReach, isFinesse, isLoading, baseWeight, basePrice, version, created, updated) VALUES (19,'Hallebarde',NULL,'MARTIAL','HEAVY','TWO_HANDED','MELEE',NULL,NULL,'1d10',12,1,0,0,6,20,1,'2016-09-12 14:32:27','2016-09-12 14:32:27');
INSERT INTO weapontype (id, name, description, proficiencyType, sizeType, handleType, usageType, rangeType, oneHandBaseDamage, twoHandBaseDamage, damageTypeId, isReach, isFinesse, isLoading, baseWeight, basePrice, version, created, updated) VALUES (20,'Épieu',NULL,'SIMPLE','MEDIUM','VERSATILE','MELEE_RANGE','THROWN','1d6','1d8',8,0,0,0,3,1,3,'2016-09-12 14:34:22','2016-09-13 09:57:36');
INSERT INTO weapontype (id, name, description, proficiencyType, sizeType, handleType, usageType, rangeType, oneHandBaseDamage, twoHandBaseDamage, damageTypeId, isReach, isFinesse, isLoading, baseWeight, basePrice, version, created, updated) VALUES (21,'Épée longue',NULL,'MARTIAL','MEDIUM','VERSATILE','MELEE',NULL,'1d8','1d10',12,0,0,0,3,15,1,'2016-09-12 14:35:39','2016-09-12 14:35:39');
INSERT INTO weapontype (id, name, description, proficiencyType, sizeType, handleType, usageType, rangeType, oneHandBaseDamage, twoHandBaseDamage, damageTypeId, isReach, isFinesse, isLoading, baseWeight, basePrice, version, created, updated) VALUES (22,'Marteau à 2 mains',NULL,'MARTIAL','HEAVY','TWO_HANDED','MELEE',NULL,NULL,'2d6',2,0,0,0,10,10,1,'2016-09-12 14:36:29','2016-09-12 14:36:29');
INSERT INTO weapontype (id, name, description, proficiencyType, sizeType, handleType, usageType, rangeType, oneHandBaseDamage, twoHandBaseDamage, damageTypeId, isReach, isFinesse, isLoading, baseWeight, basePrice, version, created, updated) VALUES (23,'Étoile du matin',NULL,'MARTIAL','MEDIUM','ONE_HANDED','MELEE',NULL,'1d8',NULL,8,0,0,0,4,15,1,'2016-09-12 14:37:16','2016-09-12 14:37:16');
INSERT INTO weapontype (id, name, description, proficiencyType, sizeType, handleType, usageType, rangeType, oneHandBaseDamage, twoHandBaseDamage, damageTypeId, isReach, isFinesse, isLoading, baseWeight, basePrice, version, created, updated) VALUES (24,'Pique',NULL,'MARTIAL','HEAVY','TWO_HANDED','MELEE',NULL,NULL,'1d10',8,1,0,0,18,5,1,'2016-09-12 14:39:07','2016-09-12 14:39:07');
INSERT INTO weapontype (id, name, description, proficiencyType, sizeType, handleType, usageType, rangeType, oneHandBaseDamage, twoHandBaseDamage, damageTypeId, isReach, isFinesse, isLoading, baseWeight, basePrice, version, created, updated) VALUES (25,'Rapière',NULL,'MARTIAL','MEDIUM','ONE_HANDED','MELEE',NULL,'1d8',NULL,8,0,1,0,2,25,1,'2016-09-12 14:40:21','2016-09-12 14:40:21');
INSERT INTO weapontype (id, name, description, proficiencyType, sizeType, handleType, usageType, rangeType, oneHandBaseDamage, twoHandBaseDamage, damageTypeId, isReach, isFinesse, isLoading, baseWeight, basePrice, version, created, updated) VALUES (26,'Cimetère',NULL,'MARTIAL','LIGHT','ONE_HANDED','MELEE',NULL,'1d6',NULL,12,0,1,0,3,25,1,'2016-09-12 14:41:01','2016-09-12 14:41:01');
INSERT INTO weapontype (id, name, description, proficiencyType, sizeType, handleType, usageType, rangeType, oneHandBaseDamage, twoHandBaseDamage, damageTypeId, isReach, isFinesse, isLoading, baseWeight, basePrice, version, created, updated) VALUES (27,'Épée courte',NULL,'MARTIAL','LIGHT','ONE_HANDED','MELEE',NULL,'1d6',NULL,8,0,1,0,2,10,1,'2016-09-12 14:41:38','2016-09-12 14:41:38');
INSERT INTO weapontype (id, name, description, proficiencyType, sizeType, handleType, usageType, rangeType, oneHandBaseDamage, twoHandBaseDamage, damageTypeId, isReach, isFinesse, isLoading, baseWeight, basePrice, version, created, updated) VALUES (28,'Trident',NULL,'MARTIAL','MEDIUM','VERSATILE','MELEE_RANGE','THROWN','1d6','1d8',8,0,0,0,4,5,1,'2016-09-12 14:42:35','2016-09-12 14:42:35');
INSERT INTO weapontype (id, name, description, proficiencyType, sizeType, handleType, usageType, rangeType, oneHandBaseDamage, twoHandBaseDamage, damageTypeId, isReach, isFinesse, isLoading, baseWeight, basePrice, version, created, updated) VALUES (29,'Marteau de guerre',NULL,'MARTIAL','MEDIUM','VERSATILE','MELEE',NULL,'1d8','1d10',2,0,0,0,2,15,1,'2016-09-12 14:43:52','2016-09-12 14:43:52');
INSERT INTO weapontype (id, name, description, proficiencyType, sizeType, handleType, usageType, rangeType, oneHandBaseDamage, twoHandBaseDamage, damageTypeId, isReach, isFinesse, isLoading, baseWeight, basePrice, version, created, updated) VALUES (30,'Fouet',NULL,'MARTIAL','MEDIUM','ONE_HANDED','MELEE',NULL,'1d4',NULL,12,1,1,0,3,2,1,'2016-09-12 14:44:27','2016-09-12 14:44:27');
INSERT INTO weapontype (id, name, description, proficiencyType, sizeType, handleType, usageType, rangeType, oneHandBaseDamage, twoHandBaseDamage, damageTypeId, isReach, isFinesse, isLoading, baseWeight, basePrice, version, created, updated) VALUES (31,'Sarbacane',NULL,'MARTIAL','LIGHT','ONE_HANDED','RANGE','AMMUNITION','1d1',NULL,8,0,0,0,1,10,1,'2016-09-12 14:46:11','2016-09-12 14:46:11');
INSERT INTO weapontype (id, name, description, proficiencyType, sizeType, handleType, usageType, rangeType, oneHandBaseDamage, twoHandBaseDamage, damageTypeId, isReach, isFinesse, isLoading, baseWeight, basePrice, version, created, updated) VALUES (32,'Arbalète de poing',NULL,'MARTIAL','LIGHT','ONE_HANDED','RANGE','AMMUNITION','1d6',NULL,8,0,0,1,3,75,1,'2016-09-12 14:54:15','2016-09-12 14:54:15');
INSERT INTO weapontype (id, name, description, proficiencyType, sizeType, handleType, usageType, rangeType, oneHandBaseDamage, twoHandBaseDamage, damageTypeId, isReach, isFinesse, isLoading, baseWeight, basePrice, version, created, updated) VALUES (33,'Arbalète lourde',NULL,'MARTIAL','HEAVY','TWO_HANDED','RANGE','AMMUNITION',NULL,'1d10',8,0,0,1,18,50,1,'2016-09-12 14:55:17','2016-09-12 14:55:17');
INSERT INTO weapontype (id, name, description, proficiencyType, sizeType, handleType, usageType, rangeType, oneHandBaseDamage, twoHandBaseDamage, damageTypeId, isReach, isFinesse, isLoading, baseWeight, basePrice, version, created, updated) VALUES (34,'Arc long',NULL,'MARTIAL','HEAVY','TWO_HANDED','RANGE','AMMUNITION',NULL,'1d8',8,0,0,0,2,50,1,'2016-09-12 14:56:04','2016-09-12 14:56:04');

/* Race */
INSERT INTO race (id, name, description, traits, strModifier, dexModifier, conModifier, intModifier, wisModifier, chaModifier, minAge, maxAge, size, averageHeight, averageWeight, speed, extraLanguage, damageTypeId, image, version, created, updated) VALUES (1,'Nain d''écu','Les Nains sont des travailleurs volontaires connus pour leur compétence martiale, leur faculté à résister à tout ou presque, leur grande connaissance des secrets de la terre et la quantité de bière qu''ils sont capable d''ingurgiter. Leurs mystérieux royaumes, taillés à l''intérieur des montagnes, sont renommés pour les merveilleux trésors qu''ils produisent… Les Nains n''ont pas le sourire facile. Soupçonneux par nature à l''égard des gens qu''ils ne connaissant pas, ils savent se montrer généreux pour peu que l''on ait mérité leur confiance. Ils accordent une grande valeur à l''or et aux pierres précieuses, ainsi qu''aux bijoux et objets d''art réalisés à partir de ces matières premières. Certains sont particulièrement cupides… Ils se battent avec courage et ténacité, sans faire montre de retenue, ni de témérité. Leur sens de la justice est très poussé, mais il peut parfois dégénérer en une soif irraisonnée de vengeance. Les Nains mesurent entre 4 et 5 pieds, mais leur largeur d''épaules et leur ossature sont telles qu''ils pèsent presque autant que les humains. Les mâles sont légèrement plus grands et sensiblement plus lourds que les femelles. La peau des Nains prend souvent un teint bronzé ou brun clair et leurs yeux sont noirs. Quant à leurs cheveux, ils sont généralement noirs, gris ou châtains et tous les laissent pousser. Les mâles accordent une grande importance à leur barbe, qu''ils soignent tout particulièrement. Que ce soit pour leurs cheveux, leur barbe ou leurs habits, le classicisme est de mise. Les Nains sont considérés adultes aux alentours de 40 ans et certains vivent au-delà de 400 ans.','Vision dans le noir. Vous pouvez voir à 60 pieds dans une lumière faible comme vous verriez avec une lumière vive, et dans le noir comme vous verriez avec une lumière faible. Dans le noir, vous ne discernez pas les couleurs, uniquement des nuances de gris.\n\nRésistance naine. Vous avez l''avantage aux jets de sauvegarde contre le poison et obtenez la résistance contre les dégâts de type poison.\n\nArmes naines. Vous obtenez la maîtrise des haches, des haches d''armes, des marteaux légers et des marteaux de guerre.\n\nMaîtrise des outils. Vous obtenez la maîtrise d''un des outils suivant au choix : outils de forgeron, outils de brasseur ou outils de maçon.\n\nConnaissance de la pierre. Chaque fois que vous effectuez un jet d''Intelligence (Histoire) en relation avec l''origine d''un travail lié à la pierre, considérez que vous maîtrisez la compétence Histoire et ajoutez le double de votre bonus de maîtrise au jet, au lieu du bonus de maîtrise normal.\n\nLangues. Vous parlez, lisez et écrivez le commun et le nain.\n\nSolidité des nains : 1 point de vie supplémentaire à chaque niveau',0,0,2,0,1,0,50,400,'MEDIUM','4''6\"',150,25,0,9,NULL,4,'2016-09-12 10:30:53','2016-09-13 11:01:57');
INSERT INTO race (id, name, description, traits, strModifier, dexModifier, conModifier, intModifier, wisModifier, chaModifier, minAge, maxAge, size, averageHeight, averageWeight, speed, extraLanguage, damageTypeId, image, version, created, updated) VALUES (2,'Nain doré','Contrairement aux Nains d''écu, les Nains d''or (ou \" Nains Dorés \") conservèrent leurs vastes royaumes de la Grande Faille (Sud des Royaumes) et ne connurent pas de déclin, suite aux guerres terribles menées contre de maléfiques humanoïdes. Même s''ils pratiquaient quelques arts magiques, ils n''eurent jamais le travers qui provoqua la chute de nations humaines. Confiants et à l''abri dans leurs demeures reculées, les Nains d''or gagnèrent la réputation d''être fiers et hautains…\n\nDepuis la Bénédiction du tonnerre, nombre de jeunes nains d''or on quitté la Grande Faille et explorent le reste de Féérune. Les peuples des autres terres ont appris que si les nains d''or sont distants et méfiants, ils sont généralement de bons guérriers et de sagaces négociants. Les nains dorés sont forts et accoutumés à la vie difficile des montagnes. Ils ont la peau un peu plus clair que les nains d''écu. Les pilosités blondes ou rousses existent, mais sont moins courantes qu''au Nord.','Force +2, Constitution +2\n\nVision dans le noir. Vous pouvez voir à 60 pieds dans une lumière faible comme vous verriez avec une lumière vive, et dans le noir comme vous verriez avec une lumière faible. Dans le noir, vous ne discernez pas les couleurs, uniquement des nuances de gris.\n\nRésistance naine. Vous avez l''avantage aux jets de sauvegarde contre le poison et obtenez la résistance contre les dégâts de type poison.\n\nArmes naines. Vous obtenez la maîtrise des haches, des haches d''armes, des marteaux légers et des marteaux de guerre.\n\nMaîtrise des outils. Vous obtenez la maîtrise d''un des outils suivant au choix : outils de forgeron, outils de brasseur ou outils de maçon.\n\nConnaissance de la pierre. Chaque fois que vous effectuez un jet d''Intelligence (Histoire) en relation avec l''origine d''un travail lié à la pierre, considérez que vous maîtrisez la compétence Histoire et ajoutez le double de votre bonus de maîtrise au jet, au lieu du bonus de maîtrise normal.\n\nLangues. Vous parlez, lisez et écrivez le commun et le nain.\n\nEntrainement aux armures. Vous maîtrisez les armures légères et intermédiaires.\n',2,0,2,0,0,0,50,400,'MEDIUM','4''',150,25,0,9,NULL,5,'2016-09-04 11:34:38','2016-09-13 11:01:47');
INSERT INTO race (id, name, description, traits, strModifier, dexModifier, conModifier, intModifier, wisModifier, chaModifier, minAge, maxAge, size, averageHeight, averageWeight, speed, extraLanguage, damageTypeId, image, version, created, updated) VALUES (3,'Elfe doré','De tous les Elfes, les Elfes Dorés sont les plus arrogants et hautins - même plus que les Avariels qui ont plus de pitié envers les races terrestres. Les Elfes Dorés se considèrent comme la vraie race elfe, les constructeurs et dirigeants des royaumes elfes ; ils pensent que les autres Elfes échouent dans l''ascension vers la solennité et la dignité de leurs parents.\nComme la plupart des autres Elfes de Faerûn, les Elfes Dorés sont grands et minces.\nLes Elfes Dorés ont une peau couleur bronze, les cheveux blonds (proche de l''or), cuivres ou noirs et des yeux verts ou dorés.\nIls aiment principalement la contemplation, la tradition et l''étude plus que les jeux rapides et les chansons au cœur léger des autres Elfes, mais ils semblent réunir la beauté surnaturelle, la grâce et la présence des Elfes…\nLes Elfes Dorés portent des habits à la fois magnifiques et négligés, préférant les couleurs froides comme le bleu et le vert. Ils décorent leurs vêtements avec des broderies en fils d''or ou de mithril représentant des motifs dont les dessins subtils ne sont pas visibles au premier coup d''œil. Les bijoux sont simples, mais soigneusement ornés.','Dextérité +2, Intelligence +1\n\nVision dans le noir. Vous pouvez voir à 60 pieds dans une lumière faible comme vous verriez avec une lumière vive, et dans le noir comme vous verriez avec une lumière faible. Dans le noir, vous ne discernez pas les couleurs, uniquement des nuances de gris.\n\nSens affûtés. Vous maîtrisez la compétence Perception.\n\nHéritage des fées. Vous avez l''avantage aux jets de sauvegarde contre les effets de charme et la magie ne peut pas vous endormir.\n\nTranse. Les elfes n''ont pas besoin de dormir. Au lieu de cela, ils méditent profondément, restant à demi conscients, 4 heures par jour (le mot commun pour désigner cette méditation est « transe »). En méditant, vous pouvez rêver, tant bien que mal ; ces rêves sont en fait des exercices mentaux qui deviennent un réflexe après des années de pratique. Après un repos de ce type, vous obtenez les mêmes avantages qu''un humain après 8 heures de sommeil.\n\nLangues. Vous pouvez parler, lire et écrire le commun et l''elfique.\n\nArmes elfes. Vous obtenez la maîtrise des épées (longues et courtes) et des arcs (longs et courts).',0,2,0,1,0,0,100,750,'MEDIUM','5''3\"',125,30,1,NULL,NULL,8,'2016-09-04 11:51:31','2016-09-13 10:51:19');
INSERT INTO race (id, name, description, traits, strModifier, dexModifier, conModifier, intModifier, wisModifier, chaModifier, minAge, maxAge, size, averageHeight, averageWeight, speed, extraLanguage, damageTypeId, image, version, created, updated) VALUES (5,'Elfe argenté','De tous les Elfes, les Elfes Argentés sont les plus sociables, les plus tolérants et donc les plus susceptibles de devenir aventuriers. La plupart des Elfes rencontrés dans les Royaumes sont des Elfes Argentés et les Demi-Elfes que l''on peut rencontrer en descendent donc bien souvent… Bien qu''ils soient considérés comme moins nobles que les Elfes Dorés, il faut savoir qu''Amlaruil Fleur-de-Lune, la Reine d’Éternelle-Rencontre, est une Elfe Argentée. À la différence des Elfes Dorés, les Elfes Argentés n''accordent pas beaucoup de valeur au concept de société et refusent de respecter quiconque, uniquement à cause de sa lignée. Exubérants, extravertis et \" je-m''en-foutistes \", tels sont les adjectifs les qualifiant le mieux. Les Elfes Argentés vivent en harmonie avec la Nature et mènent une existence idyllique, pleine de joie de vivre, de liberté, et d''amour de la Nature, tout du moins quand ils restent chez eux ; quand ils partent à l''aventure -ce qui leur arrive souvent-, ils doivent s''adapter. Ils peuvent tout aussi bien rire et chanter que plonger dans une profonde mélancolie ; ils sont en fait assez lunatiques, ce qui leur vaut peut-être cette appellation d''Elfes de Lune !\nLes Elfes Argentés sont les plus susceptibles de fréquenter des non-Elfes, de par leur caractère ouvert et leur joie de vivre naturelle. Ils sont généralement bien acceptés par les Humains et les autres humanoïdes. La majorité des Elfes fréquentant les Humains sont des Elfes Argentés.\n\nLes Elfes Argentés sont plus à l''aise en milieu forestier que les Elfes Dorés, puisqu''ils vivent dans les arbres. Ils s''entendent également mieux qu''eux avec les Elfes Verts et Cuivrés, ainsi qu''avec tous les habitants des forêts et d''une façon générale, ce sont les Elfes qui s''entendent le mieux avec les étrangers, car leur caractère enjoué et leurs humeurs changeantes suffisent généralement à divertir leur entourage.','Dextérité +2, Intelligence +1\n\nVision dans le noir. Vous pouvez voir à 60 pieds dans une lumière faible comme vous verriez avec une lumière vive, et dans le noir comme vous verriez avec une lumière faible. Dans le noir, vous ne discernez pas les couleurs, uniquement des nuances de gris.\n\nSens affûtés. Vous maîtrisez la compétence Perception.\n\nHéritage des fées. Vous avez l''avantage aux jets de sauvegarde contre les effets de charme et la magie ne peut pas vous endormir.\n\nTranse. Les elfes n''ont pas besoin de dormir. Au lieu de cela, ils méditent profondément, restant à demi conscients, 4 heures par jour (le mot commun pour désigner cette méditation est « transe »). En méditant, vous pouvez rêver, tant bien que mal ; ces rêves sont en fait des exercices mentaux qui deviennent un réflexe après des années de pratique. Après un repos de ce type, vous obtenez les mêmes avantages qu''un humain après 8 heures de sommeil.\n\nLangues. Vous pouvez parler, lire et écrire le commun et l''elfique.\n\nArmes elfes. Vous obtenez la maîtrise des épées (longues et courtes) et des arcs (longs et courts).',0,2,0,1,0,0,100,700,'MEDIUM','5''3\"',125,30,1,NULL,NULL,5,'2016-09-12 10:44:53','2016-09-13 10:51:28');
INSERT INTO race (id, name, description, traits, strModifier, dexModifier, conModifier, intModifier, wisModifier, chaModifier, minAge, maxAge, size, averageHeight, averageWeight, speed, extraLanguage, damageTypeId, image, version, created, updated) VALUES (6,'Elfe des bois','Les Elfes des Bois sont calmes, sereins et difficiles à surprendre. Leur patience est légendaire. Ils ne font qu''un avec la Nature et se sentent mal au milieu de la civilisation. Ils ont perdu le besoin de remplacer la Nature par des murs et des palais, même si les cités elfes semblent ridicules à côtés de celles des Elfes des Bois! Ils pensent que les constructions de pierres ne sont qu''une étape dans le monde, la Nature reprenant toujours ses droits sur les grandes cités… Les autres races voient cette attitude comme du fatalisme et de la condescendance, comprenant mal les Elfes des Bois. Connus aussi sous le nom d''Elfes de Cuivre ou d''Elfes Sylvains, ils ont la peau cuivrée teintée de vert et ont les yeux verts, marrons ou noisettes. Leurs cheveux sont généralement bruns ou noirs, parfois blonds ou cuivrés. Ces Elfes préfèrent s''habiller simplement, comme les Elfes de Lune, mais avec des couleurs moins criardes. Leurs robes sont d''une coupe simple, avec des broderies aux motifs simples et naturels. Ils affectionnent particulièrement les armures de cuir et ils portent souvent des ensembles parfaitement tissés, même s''ils se sentent en danger. Leurs habits, qu''ils portent une armure ou pas, sont généralement dans les tons verts ou marrons, pour se fondre plus facilement dans leur environnement. Il s''agit d''une race humble qui ne s''encombre pas de bijoux et autres fanfreluches. \nLes Elfes des Bois sont de la même taille que la plupart des Elfes de Faerûn, mais sont mieux bâtis.','Dextérité +2, Sagesse+1\nVision dans le noir. Vous pouvez voir à 60 pieds dans une lumière faible comme vous verriez avec une lumière vive, et dans le noir comme vous verriez avec une lumière faible. Dans le noir, vous ne discernez pas les couleurs, uniquement des nuances de gris.\n\nSens affûtés. Vous maîtrisez la compétence Perception.\n\nHéritage des fées. Vous avez l''avantage aux jets de sauvegarde contre les effets de charme et la magie ne peut pas vous endormir.\n\nTranse. Les elfes n''ont pas besoin de dormir. Au lieu de cela, ils méditent profondément, restant à demi conscients, 4 heures par jour (le mot commun pour désigner cette méditation est « transe »). En méditant, vous pouvez rêver, tant bien que mal ; ces rêves sont en fait des exercices mentaux qui deviennent un réflexe après des années de pratique. Après un repos de ce type, vous obtenez les mêmes avantages qu''un humain après 8 heures de sommeil.\n\nLangues. Vous pouvez parler, lire et écrire le commun et l''elfique.\n\nArmes elfes. Vous obtenez la maîtrise des épées (longues et courtes) et des arcs (longs et courts).\n\nCamouflage de la nature. Vous pouvez tenter de vous cacher dans une zone à visibilité réduite, comme en présence de branchages, de forte pluie, de neige qui tombe, de brume ou autre phénomène naturel.',0,2,0,0,1,0,0,0,'MEDIUM','5''3\"',125,35,0,NULL,NULL,4,'2016-09-12 10:51:25','2016-09-13 10:52:52');
INSERT INTO race (id, name, description, traits, strModifier, dexModifier, conModifier, intModifier, wisModifier, chaModifier, minAge, maxAge, size, averageHeight, averageWeight, speed, extraLanguage, damageTypeId, image, version, created, updated) VALUES (7,'Halfelin Pied-Léger','Les Halfelins sont particulièrement rusés et prompts à saisir la moindre occasion. En clans ou seul, ils font leur trou partout où c''est possible. Voyageurs dans l''âme, ils sont considérés comme des étrangers presque partout. À ce titre, ils attirent les soupçons et la curiosité. Selon le clan auquel ils appartiennent, ils peuvent être considérés comme dignes de confiance et travailleurs ou comme de simples voleurs attendant le gros coup qui leur permettra de disparaître sans laisser de traces. Quel que soit leur mode de vie, ce sont des battants pleins de ressources.\n\nLes habitants de Faerûn sont plus familiers des Halfelins \"Pieds légers\" que de ceux les autres races d''Halfelins ; tout d''abord parce qu''ils sont les plus nombreux, mais aussi car ils sont les plus voyageurs. Toute communauté humaine d''une taille dépassant le village, peut compter quelques Halfelins. D''ailleurs, quand la plupart des habitants de Faerûn pensent aux Halfelins, c''est à ces derniers qu''ils pensent… Ils sont d''une curiosité maladive. Confiants dans leur capacité à se tirer des pires pétrins, ils font preuve d''une audace que la plupart des autres races sont bien incapables d''égaler.\n\nLes Halfelins sont nomades et leurs clans se déplacent constamment, allant où les circonstances ou leur curiosité les poussent. Ils apprécient la richesse pour les plaisirs qu''elle peut acheter et dépensent l''argent sans compter, aussi vite qu''ils l''obtiennent !\n\nCe sont également de grands collectionneurs. Les plus classiques collectionnent les armes, les livres ou les bijoux, mais certains sont attirés par les objets plus surprenants, comme par exemples les peaux de bêtes féroces, voire les créatures elles-mêmes ! Les riches Halfelins font parfois appel à des aventuriers, qu''ils envoient chercher les pièces qui compléteront leur collection.\n\nLes Halfelins mesurent en général 3 pieds et pèsent entre 40 et 45 lbs. Ils ont le teint rougeaud et des cheveux noirs et raides, tandis que leurs yeux sont noirs ou noisettes. Les hommes laissent souvent pousser leurs favoris, mais les barbes sont rares parmi eux et les moustaches plus encore… Ils aiment les vêtements simples, pratiques et agréables à porter. Ils atteignent l''âge adulte peu après 20 ans et vivent généralement un siècle et demi.','Dextérité +2, Charisme +1\n\nChanceux. Lorsque vous obtenez un 1 au dé d''un jet d''attaque, de caractéristique ou de sauvegarde, vous pouvez relancer le dé et devez alors utiliser ce nouveau résultat.\n\nVaillant. Vous avez l''avantage aux jets de sauvegarde contre la peur.\n\nAgilité halfeline. Vous pouvez passer dans l''espace de toute créature d''une taille supérieure à la vôtre.\n\nLangues. Vous pouvez parler, lire et écrire le commun et le halfelin. \n\nDiscrétion naturelle. Vous pouvez tenter de vous cacher si vous vous trouvez derrière une créature d''une taille supérieure à la vôtre.',0,2,0,0,0,1,20,150,'SMALL','3''',40,25,0,NULL,NULL,2,'2016-09-12 11:07:53','2016-09-13 10:55:13');
INSERT INTO race (id, name, description, traits, strModifier, dexModifier, conModifier, intModifier, wisModifier, chaModifier, minAge, maxAge, size, averageHeight, averageWeight, speed, extraLanguage, damageTypeId, image, version, created, updated) VALUES (8,'Halfelin Coeur-Vaillant','Si les \" Pieds légers \" accordent de la valeur aux voyages et aux nouveaux visages, les Halfelins \"Cœurs vaillants\" sont beaucoup plus organisés, ordonnés et travailleurs. Leurs œuvres sont faites pour durer et ils défendent leurs demeures avec férocité face à des menaces que fuiraient leurs cousins aux \" pieds légers \". Les Humains du Nord habitués aux \" Pieds légers \", si faciles à vivre, sont surpris de découvrir que certains Halfelins entretiennent une tradition martiale et qu''ils n''ont pas peur de faire montre d''arrogance ou de confiance en leurs forces.\n\nLes Halfelins \"Cœurs vaillants\" aiment les épreuves physiques et accordent une grande valeur à toutes les formes de compétences exceptionnelles. La plupart de ces Halfelins vivent dans la forêt de Luiren, dans le Sud des Royaumes.','Dextérité +2, Constitution +1\n\nChanceux. Lorsque vous obtenez un 1 au dé d''un jet d''attaque, de caractéristique ou de sauvegarde, vous pouvez relancer le dé et devez alors utiliser ce nouveau résultat.\n\nVaillant. Vous avez l''avantage aux jets de sauvegarde contre la peur.\n\nAgilité halfeline. Vous pouvez passer dans l''espace de toute créature d''une taille supérieure à la vôtre.\n\nLangues. Vous pouvez parler, lire et écrire le commun et le halfelin. \n\nRésistance du corpulent. Vous obtenez l''avantage aux jets de sauvegarde contre le poison et la résistance contre les dégâts de type poison.',0,2,1,0,0,0,20,150,'SMALL','3''',40,25,0,9,NULL,3,'2016-09-12 11:10:53','2016-09-13 10:55:36');
INSERT INTO race (id, name, description, traits, strModifier, dexModifier, conModifier, intModifier, wisModifier, chaModifier, minAge, maxAge, size, averageHeight, averageWeight, speed, extraLanguage, damageTypeId, image, version, created, updated) VALUES (9,'Humain','Dans la plupart des mondes, les humains sont la plus jeune des races communes, la dernière à être apparue et celle dotée de la plus faible longévité par rapport aux nains, aux elfes et aux dragons. Peut-être du fait de leurs vies plus courtes, ils s''efforcent d''atteindre autant d''objectifs qu''ils peuvent pendant les années qui leur sont données. Ou peut-être sentent-ils qu''ils ont quelque chose à prouver aux races plus anciennes, et c''est pourquoi ils construisent de puissants empires basés sur la conquête et le commerce. Mais quelle que soit la raison qui les pousse de l''avant, les humains sont les innovateurs, les bâtisseurs et les pionniers de leurs mondes.\n\nAvec leur penchant pour les migrations et les conquêtes, il y a plus de diversités physiques chez les humains que chez les autres races communes. Il n’y a pas d’humain moyen. Un individu peut mesurer un peu moins de 5'' à plus de 6'', et peser de 125 à 250 lbs. La couleur de leur peau varie du presque noir au blanc le plus pâle, et la couleur de leurs cheveux du noir au blond, qu’ils soient bouclés, frisés ou raides, les hommes arborant parfois une pilosité faciale plus ou moins épaisse. De nombreux humains ont une petite quantité de sang non-humain dans leurs veines, révélant des ascendances elfe, orque, ou d’autres  lignages. Les humains atteignent l’âge adulte peu avant vingt ans et vivent rarement plus d’un siècle.\n\nLes humains sont les plus adaptables et les plus ambitieux de toutes les races communes. Leurs goûts, leurs morales et leurs coutumes varient grandement en fonction des nombreux pays où ils se sont installés. Lorsqu’ils s’installent quelque part, ils construisent des cités faites pour durer à travers les âges, et de grands royaumes pouvant perdurer de longs siècles. Même si un humain a une espérance de vie relativement courte, les nations et cultures humaines préservent leurs traditions, dont certaines remontent bien au-delà de la mémoire des humains. Ils vivent pleinement le moment présent – ce qui les rend parfaitement adaptés à la vie d’aventurier – mais font également des plans pour le futur, cherchant toujours à laisser derrière eux un héritage. En tant qu’individu ou groupe, les humains sont opportunistes, font preuve d’adaptabilité et sont toujours prêts à changer de système politique ou social.','Toutes les caractéristiques +1\n\nLangues. Vous pouvez parler, lire et écrire le commun et une langue supplémentaire de votre choix.',1,1,1,1,1,1,18,60,'MEDIUM','5''6\"',175,30,1,NULL,NULL,2,'2016-09-12 11:21:10','2016-09-13 10:56:21');
INSERT INTO race (id, name, description, traits, strModifier, dexModifier, conModifier, intModifier, wisModifier, chaModifier, minAge, maxAge, size, averageHeight, averageWeight, speed, extraLanguage, damageTypeId, image, version, created, updated) VALUES (10,'Demi-elfe','Fréquentant deux mondes, mais n''appartenant vraiment à aucun des deux, les demi-elfes combinent ce que certains disent être les meilleures qualités de leurs parents elfes et humains : la curiosité et la créativité humaine, et une ambition tempérée par des sens raffinés, l''amour de la nature et les goûts artistiques des elfes. Certains demi-elfes vivent parmi les humains, un peu en marge de par leurs différences physiques et émotionnelles, en regardant vieillir leurs amis et leurs proches alors que le temps les touche à peine. D''autres vivent chez les elfes, devenant adultes alors que leurs pairs continuent de vivre comme des enfants, s''agitant de plus en plus dans ces royaumes elfiques intemporels. Beaucoup d''autres demi-elfes, incapables de s''intégrer dans quelle société que ce soit, choisissent une vie d''errance solitaire, ou rejoignent d''autres marginaux et exclus pour partager une vie d''aventures.\n\nPour les humains, un demi-elfe ressemble à un elfe, et pour un elfe il paraît humain. Bien qu''ils soient par la taille proche de leurs parents, ils ne sont jamais aussi sveltes que les elfes ou aussi robustes que les humains. Leur taille varie entre 1,50 et 1,80 mètre, avec un poids situé entre 50 et 90 kilos, les hommes étant légèrement plus grands et plus lourds que les femmes. Les hommes demi-elfes possèdent une pilosité faciale, et se laissent parfois pousser la barbe pour dissimuler leur héritage elfique. La complexion et les caractéristiques physiques d''un demi-elfe sont un mélange entre celles de leurs parents humains et elfes, montrant ainsi une variété encore plus prononcée que celle observée chez les deux espèces. Ils ont généralement les yeux de leur parent elfe.','Charisme +2, Dextérité +1, Intelligence +1\nVision dans le noir : Grâce à votre sang elfe, vous avez une vision supérieure dans le noir et les conditions de faible éclairage. Vous pouvez voir à 60 pieds dans une lumière faible comme vous verriez avec une lumière vive, et dans le noir comme vous verriez avec une lumière faible. Dans le noir, vous ne discernez pas les couleurs, uniquement des nuances de gris.\n\nHéritage des fées. Vous avez l''avantage aux jets de sauvegarde contre les effets de charme et la magie ne peut pas vous endormir.\n\nVersatilité. Vous gagnez la maîtrise de deux compétences de votre choix.\n\nLangues. Vous pouvez parler, lire et écrire le commun, l''elfe, et une langue supplémentaire de votre choix.',0,1,0,1,0,2,20,180,'MEDIUM','5''6\"',160,30,1,NULL,NULL,2,'2016-09-12 11:31:18','2016-09-13 11:03:29');
INSERT INTO race (id, name, description, traits, strModifier, dexModifier, conModifier, intModifier, wisModifier, chaModifier, minAge, maxAge, size, averageHeight, averageWeight, speed, extraLanguage, damageTypeId, image, version, created, updated) VALUES (11,'Demi-orque','Que ce soit unis sous la direction d''un puissant sorcier ou lors de trêves après des années de conflit, les tribus orques et humaines forment parfois des alliances, unissant leurs forces en une horde encore plus grande qui engendre la terreur dans les terres civilisées proches. Et lorsque ces alliances sont scellées par des mariages, des demi-orques naissent. Certains deviennent de fiers chefs de tribus orques, leur sang humain leur donnant un avantage sur leurs rivaux orques. Certains s''aventurent dans le monde afin de prouver leur valeur parmi les humains ou d''autres races plus civilisées. Beaucoup d''entre eux deviennent alors des aventuriers, acquérant la grandeur à travers leurs hauts faits et la notoriété à travers leurs coutumes barbares et leur fureur sauvage.\n\nLa pigmentation grisâtre, le front incliné, la mâchoire saillante, les dents proéminentes et la carrure imposante des demi-orques rendent leur ascendance orque visible de tous. Les demi-orques mesurent entre 6 et 7 pieds et pèsent généralement entre 180 et 250 lbs. Les orques considèrent également les cicatrices des batailles comme des marques d''orgueil et les cicatrices ornementales comme des choses d''une grande beauté. D''autres cicatrices, par contre, signalent un orque ou un demi-orque comme étant un ancien esclave ou un exilé en disgrâce. Tous les demi-orques ayant vécu parmi ou près d''orques portent des cicatrices, qu''elles soient des marques d''humiliation ou d''orgueil, racontant leurs exploits et les blessures du passé. Un demi-orque vivant parmi les humains peut afficher avec fierté ses cicatrices ou les cacher honteusement.','Force +2, Constitution +1.\n\nVision dans le noir : Grâce à votre sang orque, vous avez une vision supérieure dans le noir et les conditions de faible éclairage. Vous pouvez voir à 60 pieds dans une lumière faible comme vous verriez avec une lumière vive, et dans le noir comme vous verriez avec une lumière faible. Dans le noir, vous ne discernez pas les couleurs, uniquement des nuances de gris.\n\nMenaçant: Vous gagnez la maîtrise de la compétence Intimidation.\n\nEndurance tenace : Lorsque vous êtes réduit à 0 point de vie, mais pas tué sur le coup, vous pouvez remonter à 1 point de vie. Vous devez terminer un repos long pour pouvoir utiliser cette capacité de nouveau.\n\nAttaques sauvages : Lorsque vous réalisez un coup critique lors d''une attaque avec une arme de corps à corps, vous pouvez jeter l''un des dés de dégâts de l''arme une deuxième fois et l''ajouter aux dégâts supplémentaires du coup critique.',2,0,1,0,0,0,14,75,'MEDIUM','6''6\"',200,30,0,NULL,NULL,2,'2016-09-12 11:37:07','2016-09-13 11:04:25');
INSERT INTO race (id, name, description, traits, strModifier, dexModifier, conModifier, intModifier, wisModifier, chaModifier, minAge, maxAge, size, averageHeight, averageWeight, speed, extraLanguage, damageTypeId, image, version, created, updated) VALUES (12,'Gnomes des forêts','Les gnomes des forêts se réunissent dans des communautés cachées au sein des forêts, souvent loin des routes et des chemins de la civilisation. Timides et discrets, ces gnomes évitent la confrontation autant que possible en utilisant l''illusion et la ruse pour se cacher des menaces ou pour masquer leur fuite s''ils ont été débusqués. Les gnomes des forêts ont tendance à être amicaux avec les autres habitants des bois, et considèrent les elfes et les fées bonnes comme leurs alliés les plus importants. Ils se lient aussi d''amitié avec les petits animaux de la forêt, sur lesquels ils comptent pour obtenir des informations sur les menaces qui pourraient planer sur leurs terres.','Intelligence +2, Dextérité + 1\n\nParler avec les petits animaux : À l''aide de sons et de gestes, vous pouvez communiquer des idées simples à des bêtes de petite taille ou plus petite. Les gnomes des forêts aiment les animaux et traitent de manière bienveillante comme un animal domestique tout animal qu''ils peuvent trouver (écureuils, blaireaux, lapins, taupes, etc...).\n\nVision dans le noir : Habitué à vivre sous terre, vous avez une vision supérieure dans le noir et les conditions de faible éclairage. Vous pouvez voir à 60 pieds dans une lumière faible comme vous verriez avec une lumière vive, et dans le noir comme vous verriez avec une lumière faible. Dans le noir, vous ne discernez pas les couleurs, uniquement des nuances de gris.\n\nConnaissance gnome. Vous avez l''avantage aux jets de sauvegarde d''Intelligence, de Sagesse et de Charisme contre la magie.\n\nLangues. Vous parlez, lisez et écrivez le commun et le gnome.',0,1,0,2,0,0,40,500,'SMALL','3''6\"',40,25,0,NULL,NULL,2,'2016-09-12 12:47:46','2016-09-13 11:05:49');
INSERT INTO race (id, name, description, traits, strModifier, dexModifier, conModifier, intModifier, wisModifier, chaModifier, minAge, maxAge, size, averageHeight, averageWeight, speed, extraLanguage, damageTypeId, image, version, created, updated) VALUES (13,'Gnome des roches','Les gnomes des roches établissent leurs communautés dans les collines et les montagnes, là où ils peuvent avoir accès aux matériaux dont ils ont besoin pour construire et bricoler. Ces maîtres artisans sont inégalés lorsqu''on parle de tailler des gemmes ou de mécanique et autres merveilles technologiques. Leurs réalisations sont recherchées dans le monde entier.','Intelligence + 2, Constitution +1\n\nVision dans le noir : Habitué à vivre sous terre, vous avez une vision supérieure dans le noir et les conditions de faible éclairage. Vous pouvez voir à 60 pieds dans une lumière faible comme vous verriez avec une lumière vive, et dans le noir comme vous verriez avec une lumière faible. Dans le noir, vous ne discernez pas les couleurs, uniquement des nuances de gris.\n\nIngénieur. Chaque fois que vous effectuez un jet d''Intelligence (Histoire) en relation avec l''alchimie, des objets magiques ou des dispositifs technologiques, ajoutez le double de votre bonus de maîtrise au jet, au lieu du bonus de maîtrise normal.\n\nBricoleur. Vous possédez la maîtrise des outils d''artisans de rétameur. En utilisant ces outils, vous pouvez passer 1 heure et dépenser pour 10 po de matériaux pour construire un mécanisme de taille Très petite (TP), de CA 5 et 1 pv. Le dispositif cesse de fonctionner après 24 heures, ou si vous utilisez une action pour le démonter ; à ce moment, vous pouvez récupérer les matériaux que vous avez utilisés pour le créer. Vous pouvez avoir jusqu''à trois de ces dispositifs actifs à la fois. Lorsque vous créez un mécanisme, choisissez l''une des options suivantes :\n\nJouet mécanique. Le jouet représente un animal ou une personne, comme une grenouille, une souris, un oiseau ou un soldat, sur des roulettes. Lorsqu''il est placé sur le sol, il se déplace de 1,50 mètre chaque tour dans une direction aléatoire et fait des bruits en fonction de la créature qu''il représente.\nAllume feu. Le mécanisme produit une toute petite flamme qui peut être utilisée pour allumer une bougie ou une torche au prix d''une action.\nBoîte à musique. Lorsqu''on l''ouvre, la boîte reproduit une chanson (toujours la même) à un volume modéré jusqu''à la fin du morceau ou avant si la boîte est refermée.',0,0,1,2,0,0,40,500,'SMALL','3''6\"',40,25,0,NULL,NULL,2,'2016-09-12 12:50:42','2016-09-13 11:06:21');
INSERT INTO race (id, name, description, traits, strModifier, dexModifier, conModifier, intModifier, wisModifier, chaModifier, minAge, maxAge, size, averageHeight, averageWeight, speed, extraLanguage, damageTypeId, image, version, created, updated) VALUES (14,'Gnome des profondeurs','Retranchés dans les profondeurs de l’Outreterre se trouvent les Svirfnebelins, ou Gnomes des Profondeurs. Solitaires, méfiants et n’appréciant guère les intrusions dans leurs cavernes, les Gnomes des Profondeurs ne partagent pas le sens de l’humour et l’ouverture d’esprit de leurs cousins de la surface. Là où une communauté de Gnomes bouillonne d’énergie, d’agitation et de rires, une ville de svirfnebelins est un lieu lugubre et terne, où ne résonne que le silence et où on ne distingue que de rares mouvements parmi les ombres. Les Svirfnebelins ne sont guère attrayants. Ils ont la peau marron ou grise, ainsi que les yeux et les cheveux gris ; les mâles sont chauves. Ils sont généralement renfrognés, repliés sur eux-mêmes et méfiants à l’excès…','Intelligence +2, Dextérité +1, Sagesse +1\n\nVision dans le noir améliorée :  Habitué à vivre sous terre, vous avez une vision supérieure dans le noir et les conditions de faible éclairage. Vous pouvez voir à 120 dans une lumière faible comme vous verriez avec une lumière vive, et dans le noir comme vous verriez avec une lumière faible. Dans le noir, vous ne discernez pas les couleurs, uniquement des nuances de gris.',0,1,0,2,1,0,40,500,'SMALL','3''6\"',40,25,0,NULL,NULL,3,'2016-09-12 12:56:00','2016-09-13 11:07:00');
INSERT INTO race (id, name, description, traits, strModifier, dexModifier, conModifier, intModifier, wisModifier, chaModifier, minAge, maxAge, size, averageHeight, averageWeight, speed, extraLanguage, damageTypeId, image, version, created, updated) VALUES (15,'Elfe noir','Issus d''une ancienne sous-race d''elfes à la peau sombre, les drows ont été banni de la surface du monde pour avoir suivi la déesse Lloth sur la voie du mal et de la corruption. Maintenant, ils ont construit leur propre civilisation dans les profondeurs de l''Outreterre, calquée sur le Chemin de Lloth. Aussi appelés elfes noirs, les drows ont la peau noire comme de l''obsidienne polie et les cheveux blancs ou jaunes pâles. Ils ont souvent des yeux très pâles (si pâles qu''on les croit quelquefois blancs), dans des tons lilas pâle, argent, rose ou bleu. Ils ont tendance à être plus petits et plus minces que la plupart des elfes.\n\nDans l’ensemble, les Drows sont sadiques, destructeurs et traîtres. Ils se voient comme les héritiers légitimes de Faerûn et ils se souviendront toujours de leur injuste exil dans les profondeurs. Ils haïssent les autres races et ceux qu''ils ne combattent pas, ne sont tolérés que par nécessité pour le commerce et des alliances militaires temporaires. Même entre eux, les Elfes Noirs sont cruels et méfiants. Il n''y a que très peu de place pour l''amour et l''amitié dans la société drow. Ils apprécient la valeur des alliances avec les membres d''autres familles, mais aucun Drow ne fait vraiment confiance à un autre. Ils ne forgent des alliances que s''ils sont plus puissants que leur \" allié \", qu''ils les fassent chanter ou qu''un ennemi commun les fasse oublier leur haine l''un envers l''autre. Et même ainsi, Les Elfes Noirs conservent œil et oreille tendus pour déjouer la moindre traîtrise. La devise pour un Drow pourrait être : \"Elimine les autres avant qu''ils ne t''éliminent.\" Bien sûr il y a toujours des exceptions à la règle.','Dextérité +2, Charisme +1\n\nVision dans le noir : Les elfes noirs voient à 120 pieds de distance dans le noir le plus complet. Ils perdent alors le sens des couleurs (et voient juste en noir et blanc) mais leurs perceptions n''en souffrent pas pour autant. Ils peuvent agir normalement sans la moindre lumière.\n\nSensibilité à la lumière du soleil. Vous avez un désavantage aux jets d''attaque et aux jets de Sagesse (Perception) basés sur ​​la vue quand vous, la cible de l''attaque ou ce que vous essayez de détecter est exposé à la lumière du soleil.\n\nArmes drows. Vous obtenez la maîtrise des rapières, des épées courtes et des arbalètes de poing.',0,2,0,0,0,1,100,750,'MEDIUM','5''3\"',125,30,0,NULL,NULL,2,'2016-09-12 13:07:12','2016-09-13 10:54:01');
INSERT INTO race (id, name, description, traits, strModifier, dexModifier, conModifier, intModifier, wisModifier, chaModifier, minAge, maxAge, size, averageHeight, averageWeight, speed, extraLanguage, damageTypeId, image, version, created, updated) VALUES (16,'Tieffelin','Être accueilli par des regards suspicieux et des murmures, souffrir insultes et violences à chaque coin de rue, croiser le doute et la peur dans chaque regard, tel est le lot quotidien du tieffelin. Et pour remuer le couteau dans la plaie, les tieffelins ont conscience que tout cela vient d''un pacte passé il y a plusieurs générations qui imprégna leur lignée de l''essence d''Asmodée, le seigneur des neuf enfers. Leur apparence et leur nature ne sont pas le fruit de leur volonté, mais la conséquence d''un péché ancien duquel eux-mêmes, leurs enfants et toute leur descendance, seront toujours redevables.\n\nLes tieffelins descendent d''une lignée humaine et, dans l''absolu, ils ressemblent toujours aux humains. Malgré tout, leur héritage infernal a laissé une marque claire et indélébile sur leur apparence. Les tieffelins possèdent comme attribut le plus marquant de larges cornes, qui peuvent apparaître sous une grande variété de formes : certains ont les cornes courbées d''un bélier, d''autres les longues cornes d''une gazelle, et d''autres encore ont les cornes en spirales de l''antilope. Ils ont aussi une fine queue mesurant entre 4 et 5 pieds de long qui fouette l''air ou s’enroule autour de leurs jambes quand ils deviennent agacés ou nerveux. Leurs canines sont particulièrement pointues et leurs yeux d''une couleur unique – noirs, jaunes, argent ou or – sans sclère ni pupille discernable. La couleur de leur peau couvre toute la palette des couleurs humaines, mais intègre aussi plusieurs nuances de rouges. Leurs cheveux, descendants de derrière leurs cornes, sont généralement sombres, plutôt noirs ou bruns, ou parfois rouge sombre, bleu ou pourpre.','Intelligence +1, Charisme +2\n\nRésistance infernale : Vous avez la résistance aux dégâts de feu.\n\nVision dans le noir : Grâce à votre héritage infernal, vous avez une vision supérieure dans le noir et les conditions de faible éclairage. Vous pouvez voir à 60 pieds dans une lumière faible comme vous verriez avec une lumière vive, et dans le noir comme vous verriez avec une lumière faible. Dans le noir, vous ne discernez pas les couleurs, uniquement des nuances de gris.\n\nLangues. Vous pouvez parler, lire et écrire le commun et l''infernal.',0,0,0,1,0,2,18,100,'MEDIUM','5''6\"',160,30,0,3,NULL,2,'2016-09-12 13:27:36','2016-09-13 11:07:54');

/* RaceArmorProficiency */
insert into racearmorproficiencies (raceId, proficiency) values (2,'MEDIUM');
insert into racearmorproficiencies (raceId, proficiency) values (2,'LIGHT');

/* RaceLanguage */
INSERT INTO racelanguage (raceId, languageId) VALUES (1,1);
INSERT INTO racelanguage (raceId, languageId) VALUES (2,1);
INSERT INTO racelanguage (raceId, languageId) VALUES (3,1);
INSERT INTO racelanguage (raceId, languageId) VALUES (5,1);
INSERT INTO racelanguage (raceId, languageId) VALUES (6,1);
INSERT INTO racelanguage (raceId, languageId) VALUES (7,1);
INSERT INTO racelanguage (raceId, languageId) VALUES (8,1);
INSERT INTO racelanguage (raceId, languageId) VALUES (9,1);
INSERT INTO racelanguage (raceId, languageId) VALUES (10,1);
INSERT INTO racelanguage (raceId, languageId) VALUES (11,1);
INSERT INTO racelanguage (raceId, languageId) VALUES (12,1);
INSERT INTO racelanguage (raceId, languageId) VALUES (13,1);
INSERT INTO racelanguage (raceId, languageId) VALUES (14,1);
INSERT INTO racelanguage (raceId, languageId) VALUES (15,1);
INSERT INTO racelanguage (raceId, languageId) VALUES (16,1);
INSERT INTO racelanguage (raceId, languageId) VALUES (1,2);
INSERT INTO racelanguage (raceId, languageId) VALUES (2,2);
INSERT INTO racelanguage (raceId, languageId) VALUES (3,3);
INSERT INTO racelanguage (raceId, languageId) VALUES (5,3);
INSERT INTO racelanguage (raceId, languageId) VALUES (6,3);
INSERT INTO racelanguage (raceId, languageId) VALUES (10,3);
INSERT INTO racelanguage (raceId, languageId) VALUES (15,3);
INSERT INTO racelanguage (raceId, languageId) VALUES (12,5);
INSERT INTO racelanguage (raceId, languageId) VALUES (13,5);
INSERT INTO racelanguage (raceId, languageId) VALUES (14,5);
INSERT INTO racelanguage (raceId, languageId) VALUES (7,7);
INSERT INTO racelanguage (raceId, languageId) VALUES (8,7);
INSERT INTO racelanguage (raceId, languageId) VALUES (11,8);
INSERT INTO racelanguage (raceId, languageId) VALUES (14,12);
INSERT INTO racelanguage (raceId, languageId) VALUES (15,12);
INSERT INTO racelanguage (raceId, languageId) VALUES (16,13);
INSERT INTO racelanguage (raceId, languageId) VALUES (6,15);

/* RaceSavingThrowProficiency */
INSERT INTO racesavingthrowproficiencies (raceId, conditionName) VALUES (1,'POISONED');
INSERT INTO racesavingthrowproficiencies (raceId, conditionName) VALUES (2,'POISONED');
INSERT INTO racesavingthrowproficiencies (raceId, conditionName) VALUES (3,'CHARMED');
INSERT INTO racesavingthrowproficiencies (raceId, conditionName) VALUES (3,'SLEEP');
INSERT INTO racesavingthrowproficiencies (raceId, conditionName) VALUES (5,'SLEEP');
INSERT INTO racesavingthrowproficiencies (raceId, conditionName) VALUES (5,'CHARMED');
INSERT INTO racesavingthrowproficiencies (raceId, conditionName) VALUES (6,'SLEEP');
INSERT INTO racesavingthrowproficiencies (raceId, conditionName) VALUES (6,'CHARMED');
INSERT INTO racesavingthrowproficiencies (raceId, conditionName) VALUES (7,'FRIGHTENED');
INSERT INTO racesavingthrowproficiencies (raceId, conditionName) VALUES (8,'FRIGHTENED');
INSERT INTO racesavingthrowproficiencies (raceId, conditionName) VALUES (8,'POISONED');
INSERT INTO racesavingthrowproficiencies (raceId, conditionName) VALUES (10,'SLEEP');
INSERT INTO racesavingthrowproficiencies (raceId, conditionName) VALUES (10,'CHARMED');
INSERT INTO racesavingthrowproficiencies (raceId, conditionName) VALUES (15,'CHARMED');
INSERT INTO racesavingthrowproficiencies (raceId, conditionName) VALUES (15,'SLEEP');

/* RaceSkillProficiency */
INSERT INTO raceskillproficiencies (raceId, skillId) VALUES (1,6);
INSERT INTO raceskillproficiencies (raceId, skillId) VALUES (2,6);
INSERT INTO raceskillproficiencies (raceId, skillId) VALUES (13,6);
INSERT INTO raceskillproficiencies (raceId, skillId) VALUES (3,13);
INSERT INTO raceskillproficiencies (raceId, skillId) VALUES (5,13);
INSERT INTO raceskillproficiencies (raceId, skillId) VALUES (6,13);
INSERT INTO raceskillproficiencies (raceId, skillId) VALUES (14,13);
INSERT INTO raceskillproficiencies (raceId, skillId) VALUES (11,16);

/* RaceWeaponProficiency */
INSERT INTO raceweaponproficiencies (raceId, weaponTypeId) VALUES (1,4);
INSERT INTO raceweaponproficiencies (raceId, weaponTypeId) VALUES (2,4);
INSERT INTO raceweaponproficiencies (raceId, weaponTypeId) VALUES (1,6);
INSERT INTO raceweaponproficiencies (raceId, weaponTypeId) VALUES (2,6);
INSERT INTO raceweaponproficiencies (raceId, weaponTypeId) VALUES (3,12);
INSERT INTO raceweaponproficiencies (raceId, weaponTypeId) VALUES (5,12);
INSERT INTO raceweaponproficiencies (raceId, weaponTypeId) VALUES (6,12);
INSERT INTO raceweaponproficiencies (raceId, weaponTypeId) VALUES (1,14);
INSERT INTO raceweaponproficiencies (raceId, weaponTypeId) VALUES (2,14);
INSERT INTO raceweaponproficiencies (raceId, weaponTypeId) VALUES (3,21);
INSERT INTO raceweaponproficiencies (raceId, weaponTypeId) VALUES (5,21);
INSERT INTO raceweaponproficiencies (raceId, weaponTypeId) VALUES (6,21);
INSERT INTO raceweaponproficiencies (raceId, weaponTypeId) VALUES (15,25);
INSERT INTO raceweaponproficiencies (raceId, weaponTypeId) VALUES (3,27);
INSERT INTO raceweaponproficiencies (raceId, weaponTypeId) VALUES (5,27);
INSERT INTO raceweaponproficiencies (raceId, weaponTypeId) VALUES (6,27);
INSERT INTO raceweaponproficiencies (raceId, weaponTypeId) VALUES (15,27);
INSERT INTO raceweaponproficiencies (raceId, weaponTypeId) VALUES (1,29);
INSERT INTO raceweaponproficiencies (raceId, weaponTypeId) VALUES (2,29);
INSERT INTO raceweaponproficiencies (raceId, weaponTypeId) VALUES (15,32);
INSERT INTO raceweaponproficiencies (raceId, weaponTypeId) VALUES (3,34);
INSERT INTO raceweaponproficiencies (raceId, weaponTypeId) VALUES (5,34);
INSERT INTO raceweaponproficiencies (raceId, weaponTypeId) VALUES (6,34);

/* Background */
INSERT INTO background (id, name, description, traits, ideals, purposes, flaws, additionalLanguage, version, created, updated) VALUES (1,'Acolyte','Vous avez passé votre vie au service du temple d''un dieu spécifique ou d''un panthéon de dieux. Vous agissez comme intermédiaire entre les royaumes des cieux et le monde des mortels, exécutant des rites sacrés et offrant des sacrifices pour conduire les fidèles face aux divins. Vous n''êtes pas nécessairement un clerc, car exécuter des rites sacrés religieux n''est pas la même chose que de canaliser la puissance divine.\n\nEn tant qu''acolyte, vous imposez le respect à ceux qui partagent votre foi, et pouvez mener les cérémonies religieuses de votre divinité. Vous et vos compagnons aventuriers pouvez vous attendre à recevoir des soins gratuits dans un temple, un sanctuaire ou toute autre présence établie de votre foi, bien que vous soyez responsable de fournir toutes les composantes matérielles nécessaires aux sorts. Ceux qui partagent votre religion vous aideront (mais seulement vous) et vous offriront un mode de vie modeste.\n\nVous pouvez également avoir des liens avec un temple spécifique dédié à votre divinité ou votre panthéon, et vous y avez une résidence. Cela pourrait être le temple où vous avez servi, si vous êtes resté en bons termes avec lui, ou un temple dans lequel vous avez trouvé une nouvelle maison. Lorsque vous êtes proche de votre temple, vous pouvez faire appel à des religieux pour vous aider, à condition que l''aide que vous demandiez ne soit pas dangereuse et que vous restiez en règle avec votre temple.\n\nLes acolytes sont façonnés par leur expérience dans les temples ou autres communautés religieuses. Leur étude de l''histoire et des principes de leur foi ainsi que leurs relations avec les temples, les sanctuaires et la hiérarchie affectent leurs manières et leurs idéaux. Leurs défauts pourraient être une certaine hypocrisie cachée ou une pensée hérétique, ou bien un lien ou un idéal poussé à l''extrême.','1 J''idolâtre un héros particulier de ma foi, et renvoie constamment à ses actes et à son exemple.\n2 Je peux trouver un terrain d''entente entre les ennemis les plus féroces, ressentir de l''empathie pour eux et toujours travailler vers la paix.\n3 Je vois des présages dans chaque événement et action. Les dieux essaient de nous parler, nous avons juste besoin d''écouter.\n4 J''ai toujours une attitude optimiste.\n5 Je cite (ou paraphrase) des textes sacrés et des proverbes dans presque toutes les situations.\n6 Je suis tolérant (ou intolérant) vis-à-vis des autres fois et je respecte (ou condamne) l''adoration des autres dieux.\n7 J''ai apprécié la bonne nourriture, les boissons et la haute société parmi l''élite de mon temple. La vie rude me fait grincer.\n8 J''ai passé tellement de temps dans mon temple que j''ai peu d''expérience pratique pour traiter avec les gens du monde extérieur.','1 Tradition. Les anciennes traditions de culte et de sacrifice doivent être préservées et respectées (Loyal).\n2 Charité. J''essaie toujours d''aider ceux dans le besoin, quel qu''en soit le coût (Bon).\n3 Progrès. Nous devons aider à mettre en place sur terre les changements que les dieux réalisent constamment (Chaotique).\n4 Pouvoir. J''espère un jour parvenir au sommet de la hiérarchie religieuse de ma foi (Loyal).\n5 Foi. J''ai confiance dans le fait que ma divinité guidera mes actions et que si je travaille dur, tout ira bien (Loyal).\n6 Aspiration. Je cherche à me montrer digne de la faveur de mon dieu en faisant correspondre mes actions avec ses enseignements (tout alignement).\n','1 Je cherche une ancienne relique de ma foi qui a été perdue il y a longtemps. Je mourrais pour la récupérer.\n2 Un jour je me vengerai de la hiérarchie corrompue de ce temple qui m''a accusé d''être un hérétique.\n3 Je dois ma vie au prêtre qui m''a recueilli quand mes parents sont morts.\n4 Tout ce que je fais est pour les gens ordinaires.\n5 Je ferais tout pour protéger le temple dans lequel je servais.\n6 Je cherche à préserver un texte sacré que mes ennemis veulent détruire car ils le considèrent hérétique.\n','1 Je juge sévèrement les autres, en partie parce que je suis encore plus sévère envers moi-même.\n2 J''ai trop confiance en ceux qui exercent le pouvoir au sein de la hiérarchie de mon temple.\n3 Ma piété me conduit parfois à faire confiance aveuglément à ceux qui professent la foi de mon dieu.\n4 Je suis inflexible dans ma pensée.\n5 Je suis méfiant envers les étrangers et m''attends au pire de leur part.\n6 Une fois que j''ai un but, je deviens obsédé par celui-ci, au détriment du reste de ma vie.',2,5,'2016-09-13 08:07:51','2016-09-13 09:11:45');
INSERT INTO background (id, name, description, traits, ideals, purposes, flaws, additionalLanguage, version, created, updated) VALUES (2,'Amuseur','Vous vous épanouissez lorsque vous vous trouvez devant un public. Vous savez comment l''hypnotiser, comment l''amuser, comment l''inspirer. Vos poèmes font fondre les cœurs de ceux qui vous écoutent, réveillant les colères et les joies, répandant le rire ou la tristesse. Votre musique envahit leur esprit et s''empare de leurs douleurs. Vos pas de danse hypnotisent, votre humour pique au vif. Quelles que soient les techniques que vous utilisiez, l''art est toute votre vie.\n\nVous pouvez toujours trouver un endroit où vous produire, souvent dans une auberge ou une taverne, mais également dans un cirque, un théâtre ou même dans la cour d''un noble. Dans de tels endroits, on vous offre gratuitement le gîte et le couvert (d''un train de vie modeste ou confortable, selon le type d''établissement), tant que vous faites une représentation chaque nuit. De plus, votre représentation fait de vous une figure locale. Lorsque des étrangers vous reconnaissent dans une ville où vous avez déjà joué, ils se prennent d''amitié pour vous.\n\nUn bon amuseur est versatile, pimentant chacune de ses représentations avec des numéros différents. Choisissez un ou plusieurs domaines pour déterminer le ou les domaines artistiques que vous avez le plus développés.\n\nActeur, Danseur, Cracheur-de-feu, Bouffon, Jongleur, Musicien, Poète, Chanteur, Conteur, Acrobate\n','1 Je connais une histoire en rapport avec chaque situation.\n2 À chaque fois que j''arrive dans un nouvel endroit, je m''entiche des rumeurs locales et répands les commérages.\n3 Je suis désespérément romantique, toujours à la recherche de cette \"personne spéciale\".\n4 Personne ne reste en colère contre moi très longtemps, car je peux désamorcer toute tension.\n5 J''adore les bonnes insultes, même celles qui sont dirigées contre moi.\n6 Je deviens acerbe si je ne suis pas le centre de l''attention.\n7 Je ne peux me contenter que de la perfection.\n8 Je change mon humeur ou mon état d''esprit aussi vite que je change de note dans une chanson.','1 Beauté. Lorsque je fais une représentation, je rends le monde meilleur qu''il ne l''était (Bon).\n2 Tradition. Les histoires, les légendes et les chansons du passé ne devraient jamais être oubliées, car elles nous apprennent qui nous sommes (Loyal).\n3 Créativité. Le monde a besoin de nouvelles idées et d''audace (Chaotique).\n4 Avarice. Je ne fais cela que pour l''or et la gloire (Mauvais).\n5 Peuple. J''aime voir des sourires sur les visages qui m''entourent lorsque je fais ma représentation. C''est tout ce qui m''importe (Neutre).\n6 Honnêteté. L''art doit être le reflet de l''âme ; il doit provenir du plus profond de notre être et révéler qui nous sommes (Tout alignement).','1 Mon instrument est mon bien le plus précieux, et il me rappelle quelqu''un que j''aime.\n2 Quelqu''un a volé mon précieux instrument, et un jour je le récupérerai.\n3 Je veux être connu, et ferais n''importe quoi pour cela.\n4 J''idolâtre le héros d''une vieille histoire et calque mes actions sur les siennes.\n5 Je ferais n''importe quoi pour me prouver que je suis supérieur à mon détesté rival.\n6 Je ferais n''importe quoi pour les membres de mon ancienne troupe.','1 Je ferais n''importe quoi pour gagner gloire et notoriété.\n2 Je suis sans défense devant un joli minois.\n3 Un scandale m''empêche de retourner chez moi. Ce genre de désagrément semble me suivre de partout.\n4 J''ai un jour caricaturé un noble, lequel cherche encore à voir ma tête au bout d''une pique. C''était une erreur que je vais probablement répéter.\n5 J''ai des difficultés à garder mes vrais sentiments pour moi. Ma langue acérée me cause beaucoup de problèmes.\n6 En dépit de mes efforts, mes amis ont peu confiance en moi.',0,3,'2016-09-13 08:22:09','2016-09-13 09:10:58');
INSERT INTO background (id, name, description, traits, ideals, purposes, flaws, additionalLanguage, version, created, updated) VALUES (3,'Artisan de guilde','Vous êtes le membre d''une guilde d''artisans, compétent dans un domaine particulier et en relation étroite avec d''autres artisans. Vous êtes au fait du monde des marchés, libéré des contraintes d''un ordre social féodal grâce à votre talent et à votre richesse. Vous avez appris votre savoir-faire en tant qu''apprenti auprès d''un maître artisan, sous l''égide de votre guilde, jusqu''à ce que vous deveniez à votre tour un maître dans votre branche.\n\nEn tant que membre établi et respecté de votre guilde, vous pouvez compter sur certains avantages que vous confère votre adhésion. Vos compagnons de guilde vous procureront le gîte et le couvert si nécessaire, et payeront pour vos funérailles si besoin. Dans certaines villes ou cités, les guildes offrent un endroit où vous pouvez rencontrer d''autres membres de votre profession, ce qui peut être un bon moyen pour faire la connaissance de patrons potentiels, d''alliés ou de larbins.\n\nLes guildes exercent souvent un important pouvoir politique. Si vous êtes accusé de crime, votre guilde vous soutiendra si de bons arguments peuvent être déployés pour prouver votre innocence, ou si le crime était justifié. Vous pouvez également avoir accès à certaines figures politiques puissantes grâce à la guilde, si vous êtes un membre de haut rang. Ces mises en relation peuvent toutefois nécessiter que vous fassiez un don d''or ou d''objet magique au coffre de la guilde.\n\nVous devez payer 5 po par mois à la guilde. Si vous manquez un paiement, vous devrez compenser votre retard de cotisation pour revenir dans les bonnes grâces de la guilde.\n\nVoici quelques exemples de métiers\n\nAlchimistes et apothicaires\nArmuriers, serruriers, orfèvres\nBrasseurs, distillateurs, vignerons\nCalligraphes, scribes, copistes\nCartographes, géomètres, architectes\nCharrons\nCharpentiers, couvreurs, plâtriers\nCharpentiers de marine, fabricants de voile\nCuisiniers, boulangers\nForgerons\nJoailliers, tailleurs de gemmes\nMaçons et tailleurs de pierres\nMaroquiniers, peaussiers, tanneurs\nMenuisiers, tonneliers, fabricants d''arcs\nPeintres, enlumineurs, fabricants d''enseignes\nPotiers et tuiliers\nRétameurs, faiseurs d''étain, fondeurs\nSavetiers, cordonniers\nSouffleurs de verre, vitriers\nTisserands et teinturiers','1  Je crois que si quelque chose doit être fait, il doit l''être correctement. Je n''y peux rien, je suis un perfectionniste.\n2  Je suis un snob qui regarde de haut ceux qui ne peuvent apprécier les arts de qualité.\n3  Je veux tout le temps savoir comment les choses fonctionnent et ce qui pousse les gens à avancer.\n4  Je lance plein d''aphorismes spirituels et ai un proverbe pour chaque occasion.\n5  Je suis grossier envers ceux qui n''ont pas mon engagement pour le travail bien fait et mon fair-play.\n6  J''aime parler de longues heures de ma profession.\n7  Je ne me sépare pas de mon or facilement et marchande sans relâche pour faire la meilleure affaire possible.\n8  Je suis reconnu pour mon travail, et je veux m''assurer que tout le monde l''apprécie. Je suis toujours pris au dépourvu lorsque quelqu''un n''a pas entendu parlé de moi.','1  Communauté. Il est du devoir de tout peuple civilisé de renforcer les liens qui unissent sa communauté ainsi que d''assurer la sécurité de sa civilisation (Loyal).\n2  Générosité. Mes talents m''ont été donnés pour que je les utilise pour le plus grand nombre (Bon).\n3  Liberté. Chacun devrait être libre d''exercer son propre gagne-pain (Chaotique).\n4  Avarice. Je ne suis là que pour l''argent (Mauvais).\n5  Peuple. Je m''engage pour des personnes que j''apprécie, pas pour des idées (Neutre).\n6  Aspiration. Je travaille dur pour être le meilleur dans mon domaine (Tout alignement).','1  L''atelier où j''ai appris mon métier est l''endroit le plus important au monde pour moi.\n2  J''ai créé un travail remarquable pour certaines personnes, puis les ai trouvées indignes de le recevoir. Je suis encore à la recherche d''une personne qui le méritera.\n3  J''ai une énorme dette envers ma guilde, car elle a fait de moi ce que je suis aujourd''hui.\n4  Je cherche à être riche pour m''assurer l''amour d''une personne.\n5  Un jour je retournerai à ma guilde et leur prouverai que je suis un bien plus grand artisan qu''eux.\n6  Je vais prendre ma revanche sur les forces maléfiques qui ont détruit mon atelier et anéanti mon gagne-pain.','1  Je ferais n''importe quoi pour mettre la main sur quelque chose de rare ou d''inestimable.\n2  Je me persuade très vite que les gens cherchent à me rouler dans la farine.\n3  Personne ne doit savoir que j''ai un jour dérobé l''or des coffres d''une guilde.\n4  Je ne suis jamais satisfait de ce que j''ai, je veux toujours plus.\n5  Je tuerai pour obtenir un titre de noblesse.\n6  Je suis horriblement jaloux de tous ceux qui peuvent surpasser mes créations. Partout où je vais, je suis entouré de rivaux.',1,4,'2016-09-13 08:26:06','2016-09-13 09:13:10');
INSERT INTO background (id, name, description, traits, ideals, purposes, flaws, additionalLanguage, version, created, updated) VALUES (4,'Charlatan','Vous avez toujours eu un bon feeling avec les gens. Vous savez comment les accrocher, vous pouvez percevoir leurs plus profonds désirs après quelques minutes de conversations, et avec quelques questions précises vous pouvez lire en eux comme dans un livre ouvert. C''est un talent très utile, et vous savez exactement comment l''utiliser à votre avantage.\n\nVous savez ce que les gens veulent et vous le leur donnez, ou plutôt vous leur promettez de le leur donner. Le sens commun voudrait qu''une personne fuit une offre qui semble trop belle pour être vraie, mais le sens commun semble toujours être absent lorsque vous êtes dans les parages. Cette bouteille d''un liquide rosâtre va soigner à coups sûrs cette vilaine éruption cutanée, cet onguent (rien de plus qu''un peu de graisse saupoudrée de poussière d''argent) peut rendre jeunesse et vigueur, et il y a un pont en ville qui vient tout juste d''être mis en vente. Ces racontars semblent invraisemblables, mais vous parvenez toujours à leur faire prendre l''apparence de très bonnes affaires tout à fait plausibles.\n\nVous vous êtes créé une fausse identité, ce qui inclut des documents, des relations établies et du maquillage qui vous permet d''assumer ce rôle. De plus, vous pouvez contrefaire des documents, dont des papiers officiels et des lettres personnelles, à condition que vous ayez déjà vu un exemplaire de ce type de document, ou l''écriture que vous essayez d''imiter.','1  Je tombe facilement amoureux, mais passe rapidement à une autre personne. Je suis toujours en train de faire la cour à quelqu''un.\n2  J''ai une blague pour n''importe quelle occasion, en particulier pour les situations où l''humour n''est pas approprié.\n3  La flatterie est mon astuce préférée pour obtenir ce que je veux.\n4  Je suis un joueur né qui ne peut s''empêcher de prendre des risques pour un gain potentiel.\n5  Je mens sur à peu près tout, même s''il n''y a aucune bonne raison pour le faire.\n6  Les sarcasmes et les insultes sont mes armes favorites.\n7  Je conserve tout un tas de symboles sacrés sur moi et prie toute divinité qui pourrait me venir en aide à un moment.\n8  Je mets dans mes poches tout ce que je vois et qui pourrait avoir une quelconque valeur.','1  Indépendance. Je suis un esprit libre, personne ne me dit ce que je dois faire (Chaotique).\n2  Justice. Je ne cible jamais une personne qui ne peut pas se permettre de perdre quelques pièces (Loyal).\n3  Charité. Je distribue l''argent que j''obtiens à ceux qui en ont vraiment besoin (Bon).\n4  Créativité. Je ne fais jamais deux fois la même arnaque (Chaotique).\n5  Amitié. Les biens matériels vont et viennent. Les liens d''amitié qui se tissent durent éternellement (Bon).\n6  Aspiration. Je suis déterminé à faire quelque chose de ma vie (Tout alignement).','1  J''ai floué la mauvaise personne et ai intérêt à tout faire pour qu''elle ne recroise plus jamais mon chemin ou celui d''un de mes proches.\n2  Je dois tout à mon maître, une horrible personne qui est probablement en train de pourrir en prison.\n3  Dehors, quelque part, j''ai un enfant qui ne me connaît pas. Je cherche à rendre le monde meilleur pour lui/elle.\n4  Je viens d''une famille noble, et un jour je viendrai leur réclamer mes terres et mon titre qu''ils m''ont lâchement dérobés.\n5  Une personne très puissante a tué quelqu''un que j''aimais. Un jour prochain, j''aurai ma revanche.\n6  J''ai escroqué et ruiné une personne qui ne le méritait pas. Je cherche à expier mon erreur, mais je ne pourrai jamais me le pardonner.','1  Je ne peux pas résister à un joli minois.\n2  J''ai toujours des dettes. Je dépense mon argent sale dans des produits de luxe plus rapidement que je ne le gagne.\n3  Je suis persuadé que jamais personne ne pourra me rouler de la manière dont je roule les autres.\n4  Je suis trop gourmand lorsqu''il s''agit de profit. Je ne peux pas m''empêcher de prendre des risques lorsque de l''argent est en jeu.\n5  Je ne peux pas m''empêcher d''escroquer ceux qui sont plus puissants que moi.\n6  Je déteste l''admettre et je vais me détester pour cela, mais je prendrai mes jambes à mon cou et sauverai avant tout ma vie si la situation devient critique.\n',0,2,'2016-09-13 08:34:40','2016-09-13 09:14:07');
INSERT INTO background (id, name, description, traits, ideals, purposes, flaws, additionalLanguage, version, created, updated) VALUES (5,'Criminel','Vous êtes un criminel expérimenté avec un long passif d''infractions à la loi. Vous avez passé beaucoup de temps aux côtés d''autres criminels et avez encore des contacts au sein de la pègre. Vous êtes bien plus familier que la plupart des autres personnes avec le monde du meurtre, du vol et de la violence qui règne au sein de la civilisation, et vous avez survécu jusque là en bafouant les règles et les lois de la société.\n\nIl existe de nombreuses sortes de criminels, et au sein d''une guilde de voleurs ou d''une organisation criminelle similaire, chaque membre a sa spécialité propre. Même les criminels qui opèrent en dehors de ces organisations ont des préférences marquées pour certains types de crimes.\n\nMaître-chanteur, Cambrioleur, Homme de main,    Receleur, Voleur de grand chemin, Tueur à gages, Pickpocket, Contrebandier\n\nVous avez un contact fiable et digne de confiance qui agit comme votre agent de liaison avec un réseau d''autres criminels. Vous savez comment envoyer et recevoir des messages via votre contact, même sur de grandes distances. Concrètement, vous connaissez les messagers locaux, les maîtres de caravanes corrompus et les marins miteux qui peuvent délivrer des messages pour vous. \n\nLes criminels peuvent ressembler à des méchants de prime abord, et beaucoup d''entre eux sont effectivement des crapules dans l''âme. Mais certains peuvent avoir des personnalités attachantes, ou au moins ambiguës. Certains voleurs peuvent avoir le sens de l''honneur, mais les criminels montrent toutefois rarement du respect pour la loi ou l''autorité.','1  J''ai toujours un plan pour savoir quoi faire quand les choses vont mal.\n2  Je suis toujours calme, quelle que soit la situation. Je n''élève pas la voix ou ne laisse pas mes émotions me contrôler.\n3  La première chose que je fais dans un nouveau lieu est de noter les emplacements de toute chose précieuse, ou bien là où ces choses pourraient être cachées.\n4  Je préfère me faire un nouvel ami qu''un nouvel ennemi.\n5  Je suis incroyablement lent à faire confiance. Ceux qui semblent les plus droits sont souvent ceux qui ont le plus à cacher.\n6  Je ne fais pas attention aux risques d''une situation.\n7  La meilleure façon de me faire faire quelque chose et de me dire de ne pas le faire.\n8  J''explose à la moindre insulte.','1  Honneur. Je ne vole pas les autres dans une négociation (Loyal).\n2  Liberté. Les chaînes sont faites pour être brisées, de même que ceux qui les forgent (Chaotique).\n3  Charité. Je vole des riches pour pouvoir aider ceux qui sont dans le besoin (Bon).\n4  Avidité. Je ferai tout ce qu''il faut pour devenir riche (Mauvais).\n5  Personnes. Je suis fidèle à mes amis, pas à des idéaux, et tous les autres peuvent bien s''embarquer sur le Styx, ça ne m''importe pas (Neutre).\n6  Rédemption. Il y a une étincelle de bonté en chacun de nous (Bon).','1  Je suis en train de payer une vieille dette que je dois à un généreux bienfaiteur.\n2  Mes gains mal acquis vont soutenir ma famille.\n3  Quelque chose d''important m''a été pris, et je dois le voler de nouveau.\n4  Je vais devenir le plus grand voleur qui n''ait jamais été.\n5  Je suis coupable d''un crime terrible. J''espère pouvoir me racheter.\n6  Quelqu''un que j''aimais est mort à cause d''une erreur que j''ai faite. Cela ne se reproduira plus.','1  Quand je vois quelque chose de précieux, je ne pense qu''à une chose : comment m''en emparer.\n2  Lorsque je suis confronté à un choix entre l''argent et mes amis, je choisis généralement l''argent.\n3  S''il y a un plan, je vais l''oublier. Si je ne l''oublie pas, je l''ignore.\n4  Il y a quelque chose qui me trahit quand je mens.\n5  Je tourne le dos et m''enfuis en courant quand les choses vont mal.\n6  Une personne innocente est en prison pour un crime que j''ai commis. Et je n''ai pas de problème avec cela.\n',0,2,'2016-09-13 08:39:12','2016-09-13 09:15:16');
INSERT INTO background (id, name, description, traits, ideals, purposes, flaws, additionalLanguage, version, created, updated) VALUES (6,'Ermite','Vous avez vécu reclus, soit dans une communauté protégée, comme un monastère, ou entièrement seul, lors d''un épisode formateur de votre vie. Durant cette période loin de la clameur de la société, vous avez trouvé le calme, la solitude et peut-être même certaines réponses que vous cherchiez.\n\nLa paisible réclusion de votre ermitage prolongé vous a donné accès à une grande et unique découverte. La nature exacte de cette révélation dépend de la nature de votre réclusion. Il se peut que ce soit un grand secret à propos du cosmos, des dieux, de créatures venues d’autres plans ou de forces de la nature. Ce pourrait aussi être un site que personne d’autre ne connait. Vous pourriez avoir mis au grand jour des faits oubliés depuis longtemps ou déterré des reliques du passé qui pourraient réécrire l’histoire. Il se peut aussi que ce soit des informations qui pourraient nuire à ceux qui vous ont forcé à l’exil et, de ce fait, être la raison de votre retour dans la société.\n\nSi certains ermites se sont bien adaptés à la vie de réclusion, le manque de compagnie en irrite d’autres. Qu’ils s’accommodent de la solitude ou qu’ils cherchent à y échapper, la vie solitaire façonne leurs attitudes et leurs idéaux. Quelques-uns frôlent même la folie après toutes ces années séparés de la vie en société.','1  J’ai été isolé pendant tellement longtemps que je ne parle que rarement, préférant les gestes et quelques grognements occasionnels.\n2  Je suis toujours serein, même confronté à un désastre.\n3  Le chef de ma communauté avait de sages paroles pour tout sujet, et je suis désireux de partager cette sagesse.\n4  Je ressens une immense empathie pour tous ceux qui souffrent.\n5  Je suis insensible à l’étiquette et aux attentes sociales.\n6  Je relie tout ce qui m’arrive à une grande machination cosmique.\n7  Je me perds souvent dans mes pensées et dans la contemplation, ce qui me rend insensible à mon entourage.\n8  Je travaille sur une grande théorie philosophique et j’aime transmettre mes idées.','1  Bien commun. Mes dons sont destinés à être partagés par tous, et non pour mon propre intérêt (Bon).\n2  Logique. Les émotions ne doivent pas brouiller notre sens de ce qui est vrai et faux, ou notre pensée logique (Loyal).\n3  Libre pensée. L’investigation et la curiosité sont les piliers du progrès (Chaotique).\n4  Pouvoir. La solitude et la contemplation sont des voies vers le pouvoir mystique ou magique (Mauvais).\n5  Vivre et laisser vivre. Se mêler des affaires des autres n’apporte que des problèmes (Neutre).\n6  Connaissance de soi. Si vous vous connaissez, il n’y a plus rien à savoir (Tout alignement).','1  Rien n''est plus important que les autres membres de mon ermitage, de mon ordre ou de mon association.\n2  Je me suis reclus pour me cacher de ceux qui pourraient encore être en train de me chasser. Un jour je devrais les affronter.\n3  Je suis toujours en quête de l''illumination. Je la poursuivais dans mon isolement, et elle m''échappe encore.\n4  Je me suis reclus parce que j''aimais quelqu''un que je ne pouvais pas avoir.\n5  Si ma découverte sort à la lumière, elle pourrait détruire le monde.\n6  Mon isolement m''a donné une grande perspective sur un grand mal et je suis le seul à pouvoir le détruire.','1  Maintenant que je suis revenu à la civilisation, j''apprécie un peu trop ses plaisirs.\n2  Je nourris de sombres pensées sanguinaires que mon isolement et la méditation n''ont pas réussi à étouffer.\n3  Je suis dogmatique dans mes pensées et ma philosophie.\n4  Je laisse mon besoin de gagner les discussions éclipser l''amitié et l''harmonie.\n5  Je suis prêt à prendre trop de risques pour découvrir un peu de connaissances perdues.\n6  J''aime garder des secrets et je ne les partage avec personne.',1,2,'2016-09-13 08:42:10','2016-09-13 09:16:14');
INSERT INTO background (id, name, description, traits, ideals, purposes, flaws, additionalLanguage, version, created, updated) VALUES (7,'Étranger','Vous avez grandi dans les étendues sauvages, loin de toute civilisation et des conforts qu''offrent les villes et la technologie. Vous avez été témoin de la migration de troupeaux plus larges que des forêts, vous avez survécu à des climats plus extrêmes qu''aucun citadin ne pourrait l''imaginer, et vous avez apprécié la solitude d''être la seule créature pensante à des kilomètres à la ronde. La nature est dans votre sang, que vous ayez été nomade, explorateur, reclus, chasseur ou même pillard. Même dans un endroit dont vous ne connaissez pas les caractéristiques du terrain, vous savez de quelle manière appréhender une étendue sauvage.\n\nVous avez été dans des endroits étranges et vu des choses que d''autres ne peuvent même pas imaginer. Déterminez quelles étendues lointaines vous avez visitées, et comment elles vous ont affecté.\n\nForestier, Trappeur, Colon, Guide, Exilé ou paria, Chasseur de prime, Pèlerin, Nomade tribal, Chasseur,   Pillard tribal\n\nVous avez une excellente mémoire en ce qui concerne les cartes et la géographie, et vous pouvez toujours vous rappeler de la configuration générale d''un terrain, d''une agglomération ou d''autres agencements autour de vous. De plus, vous pouvez trouver de la nourriture et de l''eau fraîche pour vous même et jusqu''à 5 autres personnes chaque jour, à condition que la terre offre des baies, du petit gibier, de l''eau, etc.','1  J''éprouve le besoin de voir le monde, c''est ce qui m''a fait quitter mon foyer.\n2  Je garde un œil sur mes amis, comme s''ils étaient les langes d''un nouveau-né.\n3  J''ai couru une fois sur 40 kilomètres sans m''arrêter pour prévenir mon clan de l''approche d''une horde d''orques. Je le referai s''il le faut.\n4  J''ai une leçon pour chaque situation, leçon que j''ai découverte en observant la nature.\n5  Je n''accorde pas d''importance aux riches ou aux gens bien-élevés. L''argent ou les bonnes manières ne sauveront personne face à un ours-hibou affamé.\n6  Je ramasse toujours ce qui traîne, jouant distraitement avec, et parfois les cassant accidentellement.\n7  Je me sens bien plus dans mon élément entouré d''animaux que de personnes.\n8  J''ai, en fait, été élevé par des loups.','1  Changement. La vie est comme les saisons, en changement constant, et nous devons changer avec elle (Chaotique).\n2  Le plus grand bien. Il est de la responsabilité de chacun de faire ce qu''il y a de mieux pour l''ensemble de la tribu (Bon).\n3  Honneur. Si je me déshonore, je déshonore l''ensemble de ma tribu (Loyal).\n4  Puissance. Les plus forts sont destinés à gouverner (Mauvais).\n5  Nature. La monde naturel est bien plus important que toutes les constructions des peuples civilisés (Neutre).\n6  Gloire. Je dois gagner la gloire lors de batailles, pour moi même et pour mon clan (Tout alignement).','1  Ma famille, mon clan ou ma tribu sont les choses les plus importantes dans ma vie, même lorsqu''ils sont loin de moi.\n2  Insulter la nature indomptée de mes terres c''est m''insulter.\n3  Ma terrible colère s''abattra sur les malfrats qui ont saccagé ma terre.\n4  Je suis le dernier des membres de ma tribu, et il me revient de faire entrer leur nom dans la légende.\n5  J''ai eu d''horribles visions d''un grand désastre imminent et vais tout faire pour l''empêcher.\n6  Il est de mon devoir de faire des enfants pour le salut de ma tribu.','1  Je ne suis pas du tout résistant à la bière, au vin et autres boissons alcoolisées.\n2  Il n''y a pas de place pour la prudence dans une vie pleinement vécue.\n3   Je me rappelle de toutes les injures que j''ai reçues, et nourris une haine silencieuse envers tous ceux qui m''ont fait du tort.\n4   Je mets du temps à faire confiance aux membres d''autres races, tribus ou sociétés.\n5  La violence est ma réponse à presque tous les défis.\n6  N''espérez pas que je sauve ceux qui ne peuvent pas se sauver eux-même. C''est la loi de la nature, les forts survivent et les faibles périssent.',1,2,'2016-09-13 08:46:32','2016-09-13 09:17:38');
INSERT INTO background (id, name, description, traits, ideals, purposes, flaws, additionalLanguage, version, created, updated) VALUES (8,'Gamin des rues','Vous avez grandi seul dans la rue, orphelin et pauvre. Vous n''aviez personne pour vous surveiller ni pour subvenir à vos besoins, vous avez donc tout appris par vous même. Vous vous êtes battu férocement pour obtenir votre nourriture et gardiez constamment un œil sur d''autres âmes abandonnées comme vous qui n''espéraient qu''un bon moment pour vous voler. Vous dormiez sur des toits ou dans des rues, exposé aux intempéries, et vous avez vaincu la maladie à de nombreuses reprises, sans aucune médecine ni aucun endroit pour vous récupérer. Vous avez survécu en dépit de tous les pronostiques, ce qui vous a rendu rusé, fort ou rapide, voire un peu tout cela à la fois.\n\nVous connaissez les ruelles secrètes et vous vous déplacez à toute vitesse dans les cités. Vous pouvez trouver des passages dans un labyrinthe urbain, passages que d''autres rateraient. Lorsque vous n''êtes pas dans une situation de combat, vous (et les compagnons que vous menez) pouvez vous déplacer en ville d''un point à un autre deux fois plus rapidement que ce que votre vitesse vous permettrait en temps normal.\n\nLes gamins des rues sont habitués à vivre dans une extrême pauvreté, pour le meilleur et pour le pire. Ils tendent à s''engager pour les personnes avec lesquelles ils ont partagé leur vie dans la rue, par un brûlant désir de trouver une vie meilleure, ou encore peut-être pour obtenir réparation de la part de tous les riches qui les ont maltraités.','1  Je cache des restes de nourriture et des babioles dans mes poches.\n2  Je pose beaucoup de questions.\n3  J''aime me glisser dans des espaces étroits, là où personne ne peut m''atteindre.\n4  Je dors le dos contre un mur ou un arbre, avec tout ce que je possède empaqueté entre mes bras.\n5  Je mange comme un cochon et j''ai de mauvaises manières.\n6  Je pense que tous ceux qui sont gentils avec moi ont en réalité une mauvaise intention.\n7  Je n''aime pas me laver.\n8  Je dis crûment ce que les autres insinuent ou cachent.','1  Respect. Tout le monde, pauvre ou riche, mérite d''être respecté (Bon).\n2  Communauté. Nous devons prendre soin les uns des autres, parce que personne d''autre ne le fera (Loyal).\n3  Changement. Les faibles doivent s''élever, et les élites et les puissants doivent être mis à terre. Le changement est dans la nature des choses (Chaotique).\n4  Châtiment Les riches ont besoin qu''on leur montre que la vie et la mort ne font pas de différence avec ceux qui vivent dans le caniveau (Mauvais).\n5  Peuple. J''aide ceux qui m''aident, c''est ce qui nous permet de rester en vie (Neutre).\n6  Aspiration. Je vais leur montrer que je mérite une vie meilleure (Tout alignement).','1  Ma ville, ou ma cité, est ma maison, et je me battrai pour la défendre.\n2  Je finance un orphelinat pour éviter que d''autres subissent la même chose que moi.\n3  Je dois ma survie à un autre gamin des rues qui m''a appris à vivre sans abris.\n4  J''ai une dette que je ne pourrai jamais rembourser envers la personne qui m''a prise en pitié.\n5  J''ai échappé à mon sort en volant une personne très importante, et je suis recherché pour cela.\n6  Personne d''autre ne peut endurer les épreuves que j''ai surmontées.','1  Si je suis en infériorité numérique, je fuis le combat.\n2  L''or me paraît être une énorme quantité d''argent, et je ferai n''importe quoi pour en obtenir toujours plus.\n3  Je ne ferai jamais pleinement confiance à quelqu''un d''autre qu''à moi-même.\n4  Je préfère tuer quelqu''un dans son sommeil plutôt que de combattre à la loyale.\n5  Ce n''est pas du vol si j''en ai plus besoin que quelqu''un d''autre.\n6  Les gens qui ne peuvent pas prendre soin d''eux-même n''ont que ce qu''ils méritent.',0,2,'2016-09-13 08:48:55','2016-09-13 09:18:33');
INSERT INTO background (id, name, description, traits, ideals, purposes, flaws, additionalLanguage, version, created, updated) VALUES (9,'Héros du peuple','Vous venez d''un milieu social humble, mais êtes destiné à beaucoup plus. Déjà, les gens de votre village natal vous considèrent comme leur champion, et votre destin vous appelle à vous dresser face aux tyrans et aux monstres qui menacent les gens du commun un peu partout.\n\nVous avez déjà exercé une profession rurale simple, comme paysan, mineur, serviteur, berger, bûcheron ou fossoyeur. Mais quelque chose s''est passé qui vous a mis sur un autre chemin et vous a destiné à de grandes choses. \nVoici quelques exemples :\n\nJ''ai résisté aux agents d''un tyran.\nJ''ai sauvé des gens lors d''une catastrophe naturelle.\nJe suis resté seul face à un terrible monstre.\nJ''ai volé un marchand corrompu pour aider les pauvres.\nJ''ai dirigé une milice pour combattre une armée d''invasion.\nJe me suis introduit dans le château d''un tyran pour y voler des armes et armer les gens du peuple.\nJ''ai entraîné les paysans à utiliser les outils des champs comme des armes contre les soldats d''un tyran.\nUn seigneur a annulé un décret impopulaire après que j''ai mené une action symbolique de protestation contre celui-ci.\nUne créature céleste, une fée ou une créature similaire m''a donné une bénédiction ou m''a révélé mon origine secrète.\nRecruté dans l''armée d''un seigneur, je suis devenu un leader et j''ai été félicité pour mon héroïsme.\n\nPuisque vous venez des rangs du petit peuple, vous vous mêlez à eux avec facilité. Vous pouvez trouver un endroit pour vous cacher, vous reposer ou récupérer parmi les gens du peuple, à moins que vous ne représentiez un danger pour eux. Ils vous protégeront des autorités ou de toute autre personne, mais n''iront pas jusqu''à risquer leur vie pour vous.','1  Je juge les gens sur leurs actions, pas sur leurs paroles.\n2  Si quelqu''un est en difficulté, je suis toujours prêt à lui apporter de l''aide.\n3  Quand je me fixe sur quelque chose, je fonce, peu importe ce qui sera sur ma route.\n4  J''ai un fort sentiment de justice et j''essaye toujours de trouver la solution la plus équitable aux différents.\n5  J''ai confiance en mes capacités et je fais ce que je peux pour inspirer la confiance aux autres.\n6  La pensée est pour les autres. Moi je préfère l''action.\n7  J''utilise mal les mots longs lorsque j''essaye de paraître intelligent.\n8  Je m''ennuie facilement. Quand vais-je suivre mon destin ?','1  Respect. Les gens méritent d''être traités avec dignité et respect (Bon).\n2  Équité. Personne ne devrait obtenir un traitement préférentiel devant la loi, et nul n''est au-dessus de la loi (Loyal).\n3  Liberté. On ne doit pas permettre aux tyrans d''opprimer le peuple (Chaotique).\n4  Puissance. Si je deviens fort, je peux prendre ce que je veux, ce que je mérite (Mauvais).\n5  Sincérité. Il n''est pas bon de faire semblant d''être ce que l''on n''est pas (Neutre).\n6  Destin. Rien ni personne ne peut me détourner de mon destin (Tout alignement).','1  J''ai une famille, mais je ne sais pas où ils sont. Un jour, j''espère les revoir.\n2  J''ai travaillé la terre, j''aime la terre, et je vais protéger la terre.\n3  Un noble orgueilleux m''a un jour passé une horrible raclée. Je vais prendre ma revanche sur le premier tyran que je rencontre.\n4  Mes outils sont le symbole de ma vie passée, et je les porte pour ne jamais oublier mes racines.\n5  Je protège ceux qui sont sans défense.\n6  Je souhaite que ma petite amie lorsque j''étais enfant vienne avec moi pour poursuivre mon destin.','1  Le tyran qui gouverne ma terre ne reculera devant rien pour me voir mort.\n2  Je suis convaincu de l''importance de mon destin, et aveugle devant mes lacunes et les risques d''échec.\n3  Les gens qui m''ont connu plus jeune connaissent mon secret honteux. Pour cette raison je ne pourrais jamais revenir chez moi.\n4  J''ai un faible pour les vices de la ville, en particulier pour les alcools forts.\n5  Secrètement, je crois que les choses iraient mieux si j''étais un tyran gouvernant ce territoire.\n6  J''ai du mal à faire confiance à mes alliés.',0,2,'2016-09-13 08:52:43','2016-09-13 09:19:25');
INSERT INTO background (id, name, description, traits, ideals, purposes, flaws, additionalLanguage, version, created, updated) VALUES (10,'Marin','Vous avez navigué sur un navire pendant des années. Durant cette période, vous avez affronté de nombreuses tempêtes, de nombreux monstres des profondeurs, et tous ceux qui voulaient envoyer par le fond votre embarcation. Votre premier amour est cette ligne inatteignable, l''horizon, mais le temps est venu pour vous de vous frotter à autre chose.\n\nLorsque vous en avez besoin, vous pouvez vous assurer un embarquement gratuit sur un voilier pour vous-même et vos compagnons. Vous pourriez naviguer sur le navire au bord duquel vous avez servi par le passé. ou sur un autre navire avec lequel vous étiez en bons termes (peut être parce qu''il est dirigé par un ancien coéquipier). Puisqu''il s''agit d''une faveur, vous ne pouvez pas être certain que le moment du départ ou que le trajet du navire correspondra à tous vos besoins. Votre MD déterminera combien de temps cela prendra d''aller là où vous le souhaitez. En compensation de votre passage gratuit, vous et vos compagnons devront assister l''équipage durant la traversée.\n\nLes marins peuvent être très grossiers, mais les responsabilités qu''implique la vie sur un navire les rendent généralement dignes de confiance. La vie à bord d''un navire façonne leur vision du monde et leur manière de s''attacher aux choses.','1  Mes amis savent qu''ils peuvent compter sur moi, quoi qu''il arrive.\n2  Je travaille dur donc je peux me lâcher totalement lorsque le travail est terminé.\n3  J''aime naviguer vers de nouveaux ports et me faire de nouveaux amis autour d''une choppe de bière.\n4  J''altère un peu les faits pour créer une bonne histoire.\n5  Pour moi, une taverne bruyante est le meilleur moyen d''apprendre à connaître une ville.\n6  Je ne laisse jamais passer un pari amical.\n7  Mon langage est aussi pourri qu''un nid d''otyugh.\n8  J''aime le travail bien fait, en particulier si je peux convaincre quelqu''un d''autre de le faire à ma place.','1  Respect. Ce qui maintient l''unité sur un navire est le respect mutuel qu''il y a entre le capitaine et son équipage (Bon).\n2  Justice. Nous faisons tous notre travail, nous avons donc tous notre part de récompense (Loyal).\n3  Liberté. La mer c''est la liberté, la liberté d''aller partout et de faire ce que l''on veut (Chaotique).\n4  Domination. Je suis un prédateur, et les autres bateaux sur la mer sont mes proies (Mauvais).\n5  Peuple. Je m''engage pour mes coéquipiers, pas pour des idéaux (Neutre).\n6  Aspiration. Un jour j''aurai mon propre navire et suivrai ma propre destiné (Tout alignement).','1  Je reste loyal envers mon premier capitaine, tout passe après lui.\n2  Le navire est le plus important, les équipages et les capitaines vont et viennent.\n3  Je me rappellerai toujours de mon premier navire.\n4  Dans une ville portuaire, j''ai une maîtresse dont les yeux ont failli m''arracher à la mer.\n5  J''ai été trompé sur la part de profits qui me revient de droit, et je vais récupérer mon dû.\n6  Des pirates sans pitié ont tué mon capitaine et les autres membres d''équipage, ont pillé notre navire et m''ont laissé pour mort. La vengeance sera mienne.','1   Je suis les ordres, même si je pense qu''ils sont mauvais.\n2   Je dirais n''importe quoi pour éviter d''avoir du travail supplémentaire.\n3   Lorsque quelqu''un met en doute mon courage, je ne recule devant rien pour le faire changer d''avis, même si les situations sont extrêmement périlleuses.\n4   Lorsque je commence à boire, il est difficile de me faire arrêter.\n5   Je n''y peux rien mais les poches des autres perdent leurs pièces et leurs babioles lorsque je passe dans le coin.\n6   Mon orgueil me mènera probablement à ma perte.',0,2,'2016-09-13 08:55:51','2016-09-13 09:20:13');
INSERT INTO background (id, name, description, traits, ideals, purposes, flaws, additionalLanguage, version, created, updated) VALUES (11,'Noble','Vous savez ce qu''est la richesse, le pouvoir et les privilèges. Vous portez un titre de noblesse, et votre famille possède des terres, perçoit des impôts, et exerce une influence politique significative. Vous pourriez être un aristocrate choyé qui ne connaît pas le travail et l''inconfort, un ancien marchand qui vient d''être élevé au rang de noble, ou une fripouille déshéritée avec un attrait pour les titres disproportionnés. Ou vous pourriez être un honnête propriétaire terrien qui travaille dur et qui se soucie profondément des gens qui vivent et travaillent sur ses terres, tout à fait conscient de votre responsabilité envers eux.\n\nGrâce à votre noble naissance, les gens sont enclins à penser le meilleur de vous. Vous êtes le bienvenu dans la haute société, et les gens supposent que vous avez le droit d''être là où vous êtes. Les gens ordinaires font tout pour vous accueillir et éviter de vous déplaire, et les personnes de haute naissance vous traitent comme un membre de leur sphère sociale. Vous pouvez obtenir une audience avec un noble local si vous en avez besoin.\n\nLes nobles sont nés et ont grandi avec un mode de vie très différent que la plupart des gens ne vivront jamais, et leurs personnalités reflètent cette éducation. Un titre de noblesse est livré avec une pléthore d''obligations, des responsabilités vis-à-vis de la famille, d''autres nobles (y compris le souverain), des personnes qui sont confiées aux soins de la famille, ou même vis-à-vis du titre lui-même. Et cette responsabilité est souvent un bon moyen d''atteindre un noble.','1  Ma flatterie éloquente fait sentir à toute personne à qui je parle qu''elle est la plus merveilleuse et la plus importante au monde.\n2  Les gens ordinaires m''aiment pour ma gentillesse et ma générosité.\n3  Nul ne peut douter en regardant mon allure royale que je suis un cran au-dessus des masses de bouseux.\n4  Je prends grand soin de toujours m''habiller de mon mieux et de suivre les dernières tendances.\n5  Je n''aime pas me salir les mains, et je ne veux pas finir dans des logements inappropriés.\n6  Malgré ma noble naissance, je ne me place pas au-dessus des autres. Nous avons tous le même sang.\n7  Mon soutien, une fois perdu, est perdu à jamais.\n8  Si vous me blessez, je vais vous écraser, souiller votre nom et ruiner vos champs.','1  Respect. Le respect m''est dû de par ma position, mais toutes les personnes, quelle que soit leur position, méritent d''être traitées avec dignité (Bon).\n2  Responsabilité. Il est de mon devoir de respecter l''autorité de ceux qui sont au-dessus de moi, tout comme ceux qui sont en-dessous doivent me respecter (Loyal).\n3  Indépendance. Je dois prouver que je peux me débrouiller sans le cocon de ma famille (Chaotique).\n4  Pouvoir. Si je peux obtenir plus de pouvoir, on ne me dira plus ce qu''il faut faire (Mauvais).\n5  Famille. Le sang est plus épais que l''eau (Tout alignement).\n6  Obligation de noble. Il est de mon devoir de protéger et de soigner les gens au-dessous moi (Bon).','1  Je ferais face à n''importe quel défi pour gagner l''approbation de ma famille.\n2  L''alliance de ma maison avec une autre famille noble doit être maintenue à tout prix.\n3  Rien n''est plus important que les autres membres de ma famille.\n4  Je suis amoureux de l''héritière d''une famille que ma propre famille méprise.\n5  Ma loyauté envers mon souverain est inébranlable.\n6  Les gens ordinaires doivent me voir comme un héros du peuple.','1   Je crois secrètement que tout le monde est au-dessous de moi.\n2   Je cache un secret vraiment scandaleux qui pourrait ruiner la réputation de ma famille pour toujours.\n3   J''entends trop souvent des insultes et des menaces à peine voilées quand on s''adresse à moi, et je suis prompt à la colère.\n4   J''ai un désir insatiable de plaisirs charnels.\n5  En fait, le monde tourne autour de moi.\n6  Par mes paroles et mes actions, je fais honte à ma famille.',1,2,'2016-09-13 08:58:28','2016-09-13 09:20:59');
INSERT INTO background (id, name, description, traits, ideals, purposes, flaws, additionalLanguage, version, created, updated) VALUES (12,'Sage','Vous avez passé des années à étudier le multivers. Vous avez écumé les manuscrits, dévoré des parchemins et écouté les plus grands experts sur les sujets qui vous intéressent. Vos efforts ont fait de vous un maître dans vos domaines d''études.\n\nLorsque vous essayez d''apprendre quelque chose ou de vous rappeler d''un fait, si vous ne connaissez pas l''information vous savez souvent où et de qui vous pouvez l''obtenir. Habituellement, cette information se trouve dans une bibliothèque, un scriptorium, une université ou bien un sage, un érudit ou une créature la connaît.\n\nVous pouvez choisir une formation parmi les suivantes :\nAlchimiste, Astronome, Académicien discrédité, Bibliothécaire, Professeur, Chercheur, Apprenti magicien, Scribe\n\nLes sages sont influencés par leurs études approfondies, et leur personnalité reflète cette vie dédiée aux études. Se consacrant à des activités scientifiques, un sage valorise grandement le savoir, parfois pour lui-même, parfois comme un moyen d''atteindre d''autres idéaux.','1  J''utilise de grands mots qui donnent l''impression d''une grande érudition.\n2  J''ai lu tous les livres des plus grandes bibliothèques du monde, ou du moins je me vante de l''avoir fait.\n3  Je suis habitué à aider ceux qui ne sont pas aussi intelligents que moi, et j''explique patiemment tout et n''importe quoi aux autres.\n4  Il n''y a rien que j''aime plus au monde qu''un bon mystère.;\n5  Je suis disposé à écouter tous les arguments avant de me faire mon propre jugement.\n6  Je... parle... lentement... quand je parle... à des idiots... soit... presque... à tout le monde... si je... compare... avec moi.\n7  Je suis horriblement et terriblement maladroit dans les situations sociales.\n8  Je suis convaincu que les gens sont toujours en train d''essayer de me voler mes secrets.','1  Connaissances. Le chemin vers le pouvoir et le progrès personnel passe par la connaissance (Neutre).\n2  Beauté. Ce qui est beau nous montre au-delà de cela ce qui est vrai (Bon).\n3  Logique. Les émotions ne doivent pas obscurcir notre pensée logique (Loyal).\n4  Sans limites. Rien ne doit entraver les infinies possibilités inhérentes à toute existence (Chaotique).\n5  Pouvoir. La connaissance est la voie vers le pouvoir et la domination (Mauvais).\n6  Progrès personnel. Le but d''une vie d''étude est l''amélioration de soi-même (Tout alignement).','1  Il est de mon devoir de protéger mes élèves.\n2  Je possède un texte ancien qui renferme de terribles secrets qui ne doivent pas tomber entre de mauvaises mains.\n3  Je travaille à préserver une bibliothèque, une université, un scriptorium ou un monastère.\n4  Le travail de ma vie est une série de livres sur un domaine spécifique de connaissance.\n5  J''ai cherché toute ma vie la réponse à une question.\n6  J''ai vendu mon âme pour de la connaissance. J''espère faire de grandes choses et la récupérer en retour.','1  Je suis facilement distrait par la promesse d''information.\n2  La plupart des gens crient et courent quand ils voient un démon. Moi je m''arrête et je prends des notes sur son anatomie.\n3  Décrypter un mystère ancien vaut le prix d''une civilisation.\n4  Je privilégie les solutions compliquées aux dépens des solutions faciles.\n5  Je parle sans vraiment penser mes mots, insultant invariablement les autres.\n6  Je ne peux pas garder un secret pour sauver ma vie, ou n''importe qui d''autre.',2,2,'2016-09-13 09:01:40','2016-09-13 09:21:58');
INSERT INTO background (id, name, description, traits, ideals, purposes, flaws, additionalLanguage, version, created, updated) VALUES (13,'Soldat','La guerre a été votre vie aussi loin que remontent vos souvenirs. Vous avez été formé dès votre jeunesse, avez étudié l''utilisation des armes et des armures, appris des techniques de base de survie, y compris la façon de rester en vie sur un champ de bataille. Vous pourriez avoir fait partie de l''armée d''un royaume ou d''une compagnie de mercenaires, ou peut-être avoir été membre d''une milice locale qui s''est fait connaître au cours d''une guerre récente.\n\nVous avez obtenu un grade durant votre carrière en tant que soldat. Les soldats fidèles à votre ancienne organisation militaire reconnaissent encore votre autorité et votre influence, et ils s''en remettent à vous s''ils sont d''un grade inférieur. Vous pouvez invoquer votre grade pour influencer d''autres soldats et réquisitionner des équipements simples ou des chevaux pour une utilisation temporaire. Vous pouvez aussi généralement avoir accès à des campements militaires et des forteresses amis là où votre grade est reconnu.\n\nVous pouvez choisir un rang parmi les suivants:\nOfficier, Éclaireur, Infanterie, Cavalerie, Soigneur, Intendant, Porte-étendard, Support (cuisine, forgeron, etc.)\n\nLes horreurs de la guerre combinées à la discipline rigide du service militaire laissent leurs marques sur tous les soldats, formant leurs idéaux, créant des liens forts et les laissant souvent traumatisés par la peur, l''humiliation et la haine.\n','1  Je suis toujours poli et respectueux.\n2  Je suis hanté par les souvenirs de la guerre. Je ne peux pas sortir les images de violence de ma tête.\n3  J''ai perdu beaucoup d''amis, et je suis lent à m''en faire de nouveaux.\n4  Je connais plein d''histoires inspirantes et effrayantes de mon expérience militaire qui se révèlent pertinentes dans de nombreuses situations de combat.\n5  Je peux faire baisser le regard d''un chien des enfers sans broncher.\n6  J''aime être fort et casser des choses.\n7  J''ai un sens de l''humour brut.\n8  J''affronte les problèmes de front. Une solution simple et directe est le meilleur chemin vers le succès.','1  Bonté. Notre sort est de donner notre vie pour la défense des autres (Bon).\n2  Responsabilité. Je fais ce que je dois faire et j''obéis aux autorités quand elles sont justes (Loyal).\n3  Indépendance. Quand les gens suivent les ordres aveuglément, ils embrassent une sorte de tyrannie (Chaotique).\n4  Puissance. Dans la vie comme à la guerre, le plus fort gagne (Mauvais).\n5  Vivre et laisser vivre. Les idéaux ne méritent pas qu''on tue ou qu''on fasse la guerre pour eux (Neutre).\n6  Nation. Ma ville, mon pays ou les miens sont tout ce qui importe (Tout alignement).','1  Je voudrais pouvoir encore donner ma vie pour les gens avec qui j''ai servi.\n2  Quelqu''un m''a sauvé la vie sur le champ de bataille. À ce jour, je ne pourrais jamais laisser un ami derrière.\n3  Mon honneur est ma vie.\n4  Je n''oublierai jamais la défaite écrasante que ma compagnie a subie ni les ennemis qui nous l''ont infligée.\n5  Ceux qui se battent à mes côtés sont ceux pour qui cela vaut la peine de mourir.\n6  Je me bats pour ceux qui ne peuvent pas se battre pour eux-mêmes.','1  L''ennemi monstrueux que nous avons affronté dans la bataille me fait encore frémir de peur.\n2  J''ai peu de respect pour celui qui n''est pas un réel guerrier.\n3  J''ai fait une terrible erreur durant une bataille qui a coûté la vie à de nombreuses personnes et je ferais n''importe quoi pour garder cette erreur secrète.\n4  Ma haine pour mes ennemis est aveugle et irraisonnée.\n5  J''obéis à la loi, même si elle provoque la misère.\n6  Je préfère manger mon armure plutôt qu''admettre que je me suis trompé.',0,2,'2016-09-13 09:05:03','2016-09-13 09:22:53');

/* BackgroundSkillProficiencies */
INSERT INTO backgroundskillproficiencies (backgroundId, skillId) VALUES (7,1);
INSERT INTO backgroundskillproficiencies (backgroundId, skillId) VALUES (10,1);
INSERT INTO backgroundskillproficiencies (backgroundId, skillId) VALUES (13,1);
INSERT INTO backgroundskillproficiencies (backgroundId, skillId) VALUES (2,2);
INSERT INTO backgroundskillproficiencies (backgroundId, skillId) VALUES (4,3);
INSERT INTO backgroundskillproficiencies (backgroundId, skillId) VALUES (8,3);
INSERT INTO backgroundskillproficiencies (backgroundId, skillId) VALUES (5,4);
INSERT INTO backgroundskillproficiencies (backgroundId, skillId) VALUES (8,4);
INSERT INTO backgroundskillproficiencies (backgroundId, skillId) VALUES (12,5);
INSERT INTO backgroundskillproficiencies (backgroundId, skillId) VALUES (11,6);
INSERT INTO backgroundskillproficiencies (backgroundId, skillId) VALUES (12,6);
INSERT INTO backgroundskillproficiencies (backgroundId, skillId) VALUES (1,9);
INSERT INTO backgroundskillproficiencies (backgroundId, skillId) VALUES (6,9);
INSERT INTO backgroundskillproficiencies (backgroundId, skillId) VALUES (9,10);
INSERT INTO backgroundskillproficiencies (backgroundId, skillId) VALUES (1,11);
INSERT INTO backgroundskillproficiencies (backgroundId, skillId) VALUES (3,11);
INSERT INTO backgroundskillproficiencies (backgroundId, skillId) VALUES (6,12);
INSERT INTO backgroundskillproficiencies (backgroundId, skillId) VALUES (10,13);
INSERT INTO backgroundskillproficiencies (backgroundId, skillId) VALUES (7,14);
INSERT INTO backgroundskillproficiencies (backgroundId, skillId) VALUES (9,14);
INSERT INTO backgroundskillproficiencies (backgroundId, skillId) VALUES (4,15);
INSERT INTO backgroundskillproficiencies (backgroundId, skillId) VALUES (5,15);
INSERT INTO backgroundskillproficiencies (backgroundId, skillId) VALUES (13,16);
INSERT INTO backgroundskillproficiencies (backgroundId, skillId) VALUES (2,17);
INSERT INTO backgroundskillproficiencies (backgroundId, skillId) VALUES (3,18);
INSERT INTO backgroundskillproficiencies (backgroundId, skillId) VALUES (11,18);

/* BackgroundToolProficiencies */
INSERT INTO backgroundtoolproficiencies (backgroundId, toolType) VALUES (3,'ARTISAN');
INSERT INTO backgroundtoolproficiencies (backgroundId, toolType) VALUES (4,'FORGERY');
INSERT INTO backgroundtoolproficiencies (backgroundId, toolType) VALUES (4,'DISGUISE');
INSERT INTO backgroundtoolproficiencies (backgroundId, toolType) VALUES (5,'GAMING');
INSERT INTO backgroundtoolproficiencies (backgroundId, toolType) VALUES (5,'THIEVE');
INSERT INTO backgroundtoolproficiencies (backgroundId, toolType) VALUES (6,'HERBALISM');
INSERT INTO backgroundtoolproficiencies (backgroundId, toolType) VALUES (7,'MUSICAL');
INSERT INTO backgroundtoolproficiencies (backgroundId, toolType) VALUES (8,'DISGUISE');
INSERT INTO backgroundtoolproficiencies (backgroundId, toolType) VALUES (8,'THIEVE');
INSERT INTO backgroundtoolproficiencies (backgroundId, toolType) VALUES (9,'ARTISAN');
INSERT INTO backgroundtoolproficiencies (backgroundId, toolType) VALUES (9,'VEHICLES');
INSERT INTO backgroundtoolproficiencies (backgroundId, toolType) VALUES (10,'VEHICLES');
INSERT INTO backgroundtoolproficiencies (backgroundId, toolType) VALUES (10,'NAVIGATOR');
INSERT INTO backgroundtoolproficiencies (backgroundId, toolType) VALUES (11,'GAMING');
INSERT INTO backgroundtoolproficiencies (backgroundId, toolType) VALUES (13,'VEHICLES');
INSERT INTO backgroundtoolproficiencies (backgroundId, toolType) VALUES (13,'GAMING');
INSERT INTO backgroundtoolproficiencies (backgroundId, toolType) VALUES (2,'DISGUISE');
INSERT INTO backgroundtoolproficiencies (backgroundId, toolType) VALUES (2,'MUSICAL');

/* Feats */
INSERT INTO feat (id, name, description, featUsage, isClassFeature, prerequisiteType, prerequisiteArmorProficiency, prerequisiteAbilityId, prerequisiteAbilityScore, version, created, updated) VALUES (1,'Acteur','Entraîné au mimétisme et à l''art dramatique, vous gagnez les avantages suivants : \n• Augmentez votre valeur de Charisme de 1, pour un maximum de 20. \n• Vous avez l''avantage aux jets de Charisme (Tromperie) et Charisme (Représentation) pour essayer de vous faire passer pour une autre personne. \n• Vous pouvez imiter le discours d''une autre personne ou les sons émis par d''autres créatures. Vous devez avoir entendu la personne qui parle, ou entendu la créature émettre le son, pendant au moins 1 minute. Un jet réussi de Sagesse (Intuition) contre votre jet de Charisme (Duperie) permet à celui qui écoute de déterminer qu''il s''agit d''une imitation. ','PASSIVE',0,'NONE',NULL,NULL,NULL,3,'2016-09-13 11:14:39','2016-09-13 11:23:47');
INSERT INTO feat (id, name, description, featUsage, isClassFeature, prerequisiteType, prerequisiteArmorProficiency, prerequisiteAbilityId, prerequisiteAbilityScore, version, created, updated) VALUES (3,'Adepte élémentaire feu','Les sorts que vous lancez ignorent la résistance aux dégâts de feu. En outre, lorsque vous lancez les dés de dégâts pour un sort que vous avez lancé et qui inflige des dégâts de feu, vous pouvez traiter tout 1 aux dés comme un 2. ','PASSIVE',0,'CAST_SPELL',NULL,NULL,NULL,4,'2016-09-13 11:21:18','2016-09-13 13:19:26');
INSERT INTO feat (id, name, description, featUsage, isClassFeature, prerequisiteType, prerequisiteArmorProficiency, prerequisiteAbilityId, prerequisiteAbilityScore, version, created, updated) VALUES (4,'Adepte élémentaire froid','Les sorts que vous lancez ignorent la résistance aux dégâts de froid. En outre, lorsque vous lancez les dés de dégâts pour un sort que vous avez lancé et qui inflige des dégâts de froid, vous pouvez traiter tout 1 aux dés comme un 2. ','PASSIVE',0,'CAST_SPELL',NULL,NULL,NULL,2,'2016-09-13 11:27:51','2016-09-13 13:19:31');
INSERT INTO feat (id, name, description, featUsage, isClassFeature, prerequisiteType, prerequisiteArmorProficiency, prerequisiteAbilityId, prerequisiteAbilityScore, version, created, updated) VALUES (5,'Adepte élémentaire électricité','Les sorts que vous lancez ignorent la résistance aux dégâts d''électricité. En outre, lorsque vous lancez les dés de dégâts pour un sort que vous avez lancé et qui inflige des dégâts d''électricité, vous pouvez traiter tout 1 aux dés comme un 2. ','PASSIVE',0,'CAST_SPELL',NULL,NULL,NULL,2,'2016-09-13 11:28:33','2016-09-13 13:19:35');
INSERT INTO feat (id, name, description, featUsage, isClassFeature, prerequisiteType, prerequisiteArmorProficiency, prerequisiteAbilityId, prerequisiteAbilityScore, version, created, updated) VALUES (6,'Adepte élémentaire tonnerre','Les sorts que vous lancez ignorent la résistance aux dégâts de tonnerre. En outre, lorsque vous lancez les dés de dégâts pour un sort que vous avez lancé et qui inflige des dégâts d''électricité, vous pouvez traiter tout 1 aux dés comme un 2. ','PASSIVE',0,'CAST_SPELL',NULL,NULL,NULL,2,'2016-09-13 11:29:30','2016-09-13 13:19:38');
INSERT INTO feat (id, name, description, featUsage, isClassFeature, prerequisiteType, prerequisiteArmorProficiency, prerequisiteAbilityId, prerequisiteAbilityScore, version, created, updated) VALUES (7,'Armure légère','Vous avez été formé pour maîtriser l''utilisation des armures légères, et vous bénéficiez des avantages suivants : \n• Augmentez votre valeur de Force ou de Dextérité de 1, pour un maximum de 20, \n• Vous gagnez la maîtrise des armures légères. ','PASSIVE',0,'NONE',NULL,NULL,NULL,1,'2016-09-13 11:39:16','2016-09-13 11:39:16');
INSERT INTO feat (id, name, description, featUsage, isClassFeature, prerequisiteType, prerequisiteArmorProficiency, prerequisiteAbilityId, prerequisiteAbilityScore, version, created, updated) VALUES (8,'Armure intermédiaire','Vous avez été formé pour maîtriser l''utilisation des armures intermédiaires et des boucliers, et vous bénéficiez des avantages suivants : \n• Augmentez votre valeur de Force ou de Dextérité de 1, pour un maximum de 20, \n• Vous gagnez la maîtrise des armures intermédiaires et des boucliers. ','PASSIVE',0,'ARMOR_PROFICIENCY','LIGHT',NULL,NULL,2,'2016-09-13 11:41:12','2016-09-13 13:19:51');
INSERT INTO feat (id, name, description, featUsage, isClassFeature, prerequisiteType, prerequisiteArmorProficiency, prerequisiteAbilityId, prerequisiteAbilityScore, version, created, updated) VALUES (9,'Armure lourde','Vous avez été formé pour maîtriser l''utilisation des armures lourdes, et vous bénéficiez des avantages suivants : \n• Augmentez votre valeur de Force de 1, pour un maximum de 20, \n• Vous gagnez la maîtrise des armures lourdes. ','PASSIVE',0,'ARMOR_PROFICIENCY','MEDIUM',NULL,NULL,1,'2016-09-13 13:20:34','2016-09-13 13:20:34');
INSERT INTO feat (id, name, description, featUsage, isClassFeature, prerequisiteType, prerequisiteArmorProficiency, prerequisiteAbilityId, prerequisiteAbilityScore, version, created, updated) VALUES (10,'Athlète','Vous avez suivi une forte formation physique qui vous donne les avantages suivants : \n• Augmentez votre valeur de Force ou de Dextérité de 1, pour un maximum de 20. \n• Lorsque vous êtes à terre, vous relever prend seulement 5 pieds de votre mouvement. \n• Escalader ne vous coûte pas de mouvement supplémentaire. \n• Vous pouvez faire un saut en longueur ou en hauteur avec seulement 5 pieds d''élan, au lieu de 10 pieds. ','PASSIVE',0,'NONE',NULL,NULL,NULL,1,'2016-09-13 13:22:03','2016-09-13 13:22:03');
INSERT INTO feat (id, name, description, featUsage, isClassFeature, prerequisiteType, prerequisiteArmorProficiency, prerequisiteAbilityId, prerequisiteAbilityScore, version, created, updated) VALUES (11,'Attaquant sauvage','Une fois par tour quand vous lancez les dégâts d''une attaque avec une arme de corps à corps, vous pouvez relancer les dégâts de l''arme et choisir le meilleur des deux résultats. ','ACTION',0,'NONE',NULL,NULL,NULL,1,'2016-09-13 13:23:26','2016-09-13 13:23:26');
INSERT INTO feat (id, name, description, featUsage, isClassFeature, prerequisiteType, prerequisiteArmorProficiency, prerequisiteAbilityId, prerequisiteAbilityScore, version, created, updated) VALUES (12,'Bagarreur de tavernes','Habitué à vous battre comme un chiffonnier en utilisant tout ce qui vous tombe sous la main, vous recevez les bénéfices suivants : \n• Augmentez votre valeur de Force ou de Constitution de 1, sans dépasser 20. \n• Vous maîtrisez les armes improvisées. \n• Votre attaque à mains nues utilise 1d4 pour les dégâts. \n• Pendant votre tour, si vous touchez une cible avec une attaque à mains nues ou une arme improvisée, vous pouvez utiliser une action bonus pour essayer d''engager une lutte avec la cible. ','PASSIVE',0,'NONE',NULL,NULL,NULL,1,'2016-09-13 13:24:34','2016-09-13 13:24:34');
INSERT INTO feat (id, name, description, featUsage, isClassFeature, prerequisiteType, prerequisiteArmorProficiency, prerequisiteAbilityId, prerequisiteAbilityScore, version, created, updated) VALUES (13,'Combattant à 2 armes','Vous maîtrisez le combat à deux armes, et obtenez les avantages suivants : \n• Vous gagnez un bonus de +1 à la CA si vous tenez une arme de corps à corps différente dans chaque main. \n• Vous pouvez utiliser le combat à deux armes même si les armes de corps à corps à une main que vous tenez ne sont pas légères. \n• Vous pouvez dégainer ou rengainer deux armes à une main alors que normalement vous ne pourriez le faire que pour une seule. ','PASSIVE',0,'NONE',NULL,NULL,NULL,1,'2016-09-13 13:27:46','2016-09-13 13:27:46');
INSERT INTO feat (id, name, description, featUsage, isClassFeature, prerequisiteType, prerequisiteArmorProficiency, prerequisiteAbilityId, prerequisiteAbilityScore, version, created, updated) VALUES (14,'Duelliste défensif','Lorsque vous tenez une arme de finesse que vous maîtrisez et qu''une autre créature vous touche avec une attaque de corps à corps, vous pouvez utiliser votre réaction pour ajouter votre bonus de maîtrise à votre CA pour cette attaque, ce qui pourrait faire que l''attaque vous rate. ','REACTION',0,'NONE',NULL,NULL,NULL,1,'2016-09-13 13:29:47','2016-09-13 13:29:47');
INSERT INTO feat (id, name, description, featUsage, isClassFeature, prerequisiteType, prerequisiteArmorProficiency, prerequisiteAbilityId, prerequisiteAbilityScore, version, created, updated) VALUES (15,'Endurant','Robuste et résistant, vous gagnez les avantages suivants : \n• Augmentez votre valeur de Constitution de 1, jusqu''à un maximum de 20. \n• Lorsque vous jetez un Dé de vie pour regagner des points de vie, le nombre minimum de points de vie que vous regagnez de ce jet est égal à deux fois votre modificateur de Constitution (minimum 2). ','PASSIVE',0,'NONE',NULL,NULL,NULL,1,'2016-09-13 13:31:18','2016-09-13 13:31:18');
INSERT INTO feat (id, name, description, featUsage, isClassFeature, prerequisiteType, prerequisiteArmorProficiency, prerequisiteAbilityId, prerequisiteAbilityScore, version, created, updated) VALUES (16,'Esprit vif','Vous avez un esprit qui permet de repérer le temps, les directions et les détails avec une précision étonnante. Vous obtenez les avantages suivants : \n• Augmentez votre valeur d''Intelligence de 1, jusqu''à un maximum de 20. \n• Vous savez toujours où est le nord. \n• Vous savez toujours le nombre d''heures restantes avant le lever du soleil suivant ou le coucher du soleil. \n• Vous pouvez vous rappeler avec précision ce que vous avez vu ou entendu au cours du mois passé. ','PASSIVE',0,'NONE',NULL,NULL,NULL,1,'2016-09-13 13:31:50','2016-09-13 13:31:50');
INSERT INTO feat (id, name, description, featUsage, isClassFeature, prerequisiteType, prerequisiteArmorProficiency, prerequisiteAbilityId, prerequisiteAbilityScore, version, created, updated) VALUES (17,'Expert en arbalètes','Grâce à votre longue pratique de l''arbalète, vous gagnez les avantages suivants : \n• Vous ignorez la propriété chargement des arbalètes de poing et des arbalètes légères que vous maîtrisez. \n• Être à 5 pieds ou moins d''une créature hostile ne donne pas un désavantage à vos jets d''attaque à distance. \n• Lorsque vous utilisez l''action Attaquer et attaquez avec une arme à une main, vous pouvez utiliser une action bonus pour attaquer avec une arbalète de poing si vous en tenez une. ','PASSIVE',0,'NONE',NULL,NULL,NULL,1,'2016-09-13 13:33:09','2016-09-13 13:33:09');
INSERT INTO feat (id, name, description, featUsage, isClassFeature, prerequisiteType, prerequisiteArmorProficiency, prerequisiteAbilityId, prerequisiteAbilityScore, version, created, updated) VALUES (18,'Explorateur de donjons','Vigilant face aux pièges cachés et portes secrètes que l''on trouve dans de nombreux donjons, vous obtenez les avantages suivants : \n• Vous avez l''avantage aux jets de Sagesse (Perception) et Intelligence (Investigation) effectués pour détecter la présence de portes secrètes. \n• Vous avez avantage aux jets de sauvegarde pour éviter ou résister aux pièges. \n• Vous obtenez la résistance aux dégâts infligés par les pièges. \n• Vous pouvez rechercher des pièges tout en vous déplaçant à un rythme normal, au lieu d''un rythme lent. ','PASSIVE',0,'NONE',NULL,NULL,NULL,1,'2016-09-13 13:33:51','2016-09-13 13:33:51');
INSERT INTO feat (id, name, description, featUsage, isClassFeature, prerequisiteType, prerequisiteArmorProficiency, prerequisiteAbilityId, prerequisiteAbilityScore, version, created, updated) VALUES (19,'Fonceur','Lorsque vous utilisez votre action de Courir, vous pouvez utiliser une action bonus pour faire une attaque avec une arme de corps à corps ou pousser une créature. \nSi vous vous déplacez d''au moins 10 pieds en ligne droite juste avant de prendre cette action bonus, vous gagnez soit un bonus de +5 aux dégâts de l''attaque (si vous avez choisi de faire une attaque de corps à corps et que vous touchez), soit vous repoussez la cible jusqu''à 10 pieds de vous (si vous avez choisi de la pousser et que vous réussissez). ','ACTION',0,'NONE',NULL,NULL,NULL,1,'2016-09-13 13:35:00','2016-09-13 13:35:00');
INSERT INTO feat (id, name, description, featUsage, isClassFeature, prerequisiteType, prerequisiteArmorProficiency, prerequisiteAbilityId, prerequisiteAbilityScore, version, created, updated) VALUES (20,'Furtif','Vous êtes expert pour vous faufiler discrètement dans l''ombre. Vous obtenez les avantages suivants : \n• Vous pouvez essayer de vous cacher d''une créature quand vous êtes dans une zone dont la visibilité est réduite pour elle. \n• Lorsque vous êtes caché d''une créature et que vous ratez une attaque avec une arme à distance, l''attaque ne révèle pas votre position. \n• Une lumière faible n''impose pas un désavantage à vos jets de Sagesse (Perception) en relation avec la vue. ','PASSIVE',0,'ABILITY',NULL,2,13,1,'2016-09-13 13:36:14','2016-09-13 13:36:14');
INSERT INTO feat (id, name, description, featUsage, isClassFeature, prerequisiteType, prerequisiteArmorProficiency, prerequisiteAbilityId, prerequisiteAbilityScore, version, created, updated) VALUES (21,'Guérisseur','Vous êtes un habile médecin, ce qui vous permet de guérir les blessures rapidement pour que vos alliés puissent retourner au combat. Vous gagnez les avantages suivants : \n• Lorsque vous utilisez une trousse de soins pour stabiliser une créature mourante, cette créature regagne également 1 point de vie. \n• Par une action, vous pouvez dépenser une utilisation d''une trousse de soins pour soigner une créature et lui redonner 1d6 + 4 points de vie, plus un nombre de points de vie supplémentaires égal au nombre maximum de Dés de vie de la créature. La créature ne peut pas bénéficier de vos soins de nouveau jusqu''à ce qu''elle termine un repos court ou long. ','ACTION',0,'NONE',NULL,NULL,NULL,1,'2016-09-13 13:37:25','2016-09-13 13:37:25');
INSERT INTO feat (id, name, description, featUsage, isClassFeature, prerequisiteType, prerequisiteArmorProficiency, prerequisiteAbilityId, prerequisiteAbilityScore, version, created, updated) VALUES (22,'Lanceur de sorts d''attaque','Vous avez appris des techniques pour améliorer vos attaques avec certains types de sorts, et vous obtenez les avantages suivants : \n• Lorsque vous lancez un sort qui vous oblige à faire un jet d''attaque, la portée du sort est doublé. \n• Vos attaques de sort à distance ignorent les abris partiels et les abris importants. ','PASSIVE',0,'CAST_SPELL',NULL,NULL,NULL,1,'2016-09-13 13:39:57','2016-09-13 13:39:57');
INSERT INTO feat (id, name, description, featUsage, isClassFeature, prerequisiteType, prerequisiteArmorProficiency, prerequisiteAbilityId, prerequisiteAbilityScore, version, created, updated) VALUES (23,'Lanceur de sorts de bataille','Vous avez pratiqué le lancer des sorts au milieu d''un combat, apprenant des techniques que vous accordent les avantages suivants : \n• Vous avez l''avantage aux jets de sauvegarde de Constitution pour maintenir votre concentration sur un sort lorsque vous subissez des dégâts. \n• Vous pouvez effectuer les composantes somatiques d''un sort même si vous avez des armes ou un bouclier dans les mains. \n• Lorsque le mouvement d''une créature hostile provoque une attaque d''opportunité pour vous, vous pouvez utiliser votre réaction pour lancer un sort à la créature, plutôt que de faire une attaque d''opportunité. Le sort doit avoir un temps d''incantation de 1 action et ne doit viser que cette créature. ','PASSIVE',0,'CAST_SPELL',NULL,NULL,NULL,1,'2016-09-13 13:40:49','2016-09-13 13:40:49');
INSERT INTO feat (id, name, description, featUsage, isClassFeature, prerequisiteType, prerequisiteArmorProficiency, prerequisiteAbilityId, prerequisiteAbilityScore, version, created, updated) VALUES (24,'Leader inspirant','Vous pouvez passer 10 minutes à inspirer vos compagnons, confortant leur détermination à se battre. Lorsque vous faites cela, choisissez jusqu''à six créatures amicales (vous pouvez en faire partie) dans un rayon de 9 mètres autour de vous, qui peuvent vous voir ou vous entendre, et qui peuvent vous comprendre. Chaque créature peut gagner un nombre de points de vie temporaires égal à votre niveau + votre modificateur de Charisme. Une créature ne peut pas gagner de nouveaux points de vie temporaires grâce à ce don jusqu''à ce qu''elle ait fini un repos de court ou long. ','ACTION',0,'ABILITY',NULL,6,13,1,'2016-09-13 13:41:34','2016-09-13 13:41:34');
INSERT INTO feat (id, name, description, featUsage, isClassFeature, prerequisiteType, prerequisiteArmorProficiency, prerequisiteAbilityId, prerequisiteAbilityScore, version, created, updated) VALUES (25,'Linguiste','Vous avez étudié les langues et les codes, et bénéficiez des avantages suivants : \n• Augmentez votre valeur d''Intelligence de 1, jusqu''à un maximum de 20. \n• Vous apprenez trois langues de votre choix. \n• Vous pouvez coder des messages avec compétence. D''autres personnes ne peuvent déchiffrer un code que vous avez créé à moins que vous le leur ayez enseigné, qu''elles réussissent un jet d''Intelligence (DD égal à votre valeur d''Intelligence + votre bonus de maîtrise) ou qu''elles utilisent la magie pour le déchiffrer. ','PASSIVE',0,'NONE',NULL,NULL,NULL,1,'2016-09-13 13:42:18','2016-09-13 13:42:18');
INSERT INTO feat (id, name, description, featUsage, isClassFeature, prerequisiteType, prerequisiteArmorProficiency, prerequisiteAbilityId, prerequisiteAbilityScore, version, created, updated) VALUES (26,'Lutteur','Vous avez développé les compétences nécessaires pour vous défendre tout seul dans les combats de rues. Vous obtenez les avantages suivants : \n• Vous avez l''avantage aux jets d''attaque contre une créature avec laquelle vous êtes engagé dans une lutte. \n• Vous pouvez utiliser votre action pour tenter de bloquer une créature avec qui vous avez engagé une lutte. Dans ce cas, faites un nouveau jet de lutte. Si vous réussissez, vous et la créature êtes tous deux entravés jusqu''à ce que la lutte se termine. ','ACTION',0,'ABILITY',NULL,1,13,1,'2016-09-13 13:43:11','2016-09-13 13:43:11');
INSERT INTO feat (id, name, description, featUsage, isClassFeature, prerequisiteType, prerequisiteArmorProficiency, prerequisiteAbilityId, prerequisiteAbilityScore, version, created, updated) VALUES (27,'Maitre d''armes','Vous avez énormément pratiqué avec une grande variété d''armes, et obtenez les avantages suivants : \n• Augmentez votre valeur de Force ou de Dextérité de 1, jusqu''à un maximum de 20. \n• Vous gagnez la maîtrise de quatre armes courantes ou de guerre de votre choix. ','PASSIVE',0,'NONE',NULL,NULL,NULL,1,'2016-09-13 13:43:51','2016-09-13 13:43:51');
INSERT INTO feat (id, name, description, featUsage, isClassFeature, prerequisiteType, prerequisiteArmorProficiency, prerequisiteAbilityId, prerequisiteAbilityScore, version, created, updated) VALUES (28,'Maitre des armes à 2 mains','Vous avez appris à tirer avantage du poids d''une arme, laissant son élan augmenter l''efficacité de vos frappes. Vous obtenez les avantages suivants : \n• A votre tour, lorsque vous réalisez un coup critique avec une arme de corps à corps ou réduisez une créature à 0 point de vie avec ce type d''arme, vous pouvez réaliser une attaque avec une arme de corps à corps comme action bonus. \n• Avant de faire une attaque de corps à corps avec une arme lourde que vous maîtrisez, vous pouvez choisir de prendre un malus de -5 au jet d''attaque. Si l''attaque réussit, vous ajoutez +10 aux dégâts de l''attaque. ','ACTION',0,'NONE',NULL,NULL,NULL,1,'2016-09-13 13:46:30','2016-09-13 13:46:30');
INSERT INTO feat (id, name, description, featUsage, isClassFeature, prerequisiteType, prerequisiteArmorProficiency, prerequisiteAbilityId, prerequisiteAbilityScore, version, created, updated) VALUES (29,'Maitre des armes d''hast','Vous pouvez garder vos ennemis à distance avec des armes à allonge. Vous obtenez les avantages suivants : \n• Lorsque vous prenez l''action Attaquer et attaquez avec seulement une pique, une hallebarde ou un bâton, vous pouvez utiliser une action bonus pour effectuer une attaque au corps à corps avec l''extrémité opposée de l''arme. Le dé de dégâts pour cette attaque est 1d4, et l''attaque inflige des dégâts contondants. \n• Lorsque vous portez une hallebarde, une pique ou un bâton, vous pouvez effectuer une attaque d''opportunité lorsqu''une créature entre à portée de votre allonge. ','ACTION',0,'NONE',NULL,NULL,NULL,1,'2016-09-13 13:58:40','2016-09-13 13:58:40');
INSERT INTO feat (id, name, description, featUsage, isClassFeature, prerequisiteType, prerequisiteArmorProficiency, prerequisiteAbilityId, prerequisiteAbilityScore, version, created, updated) VALUES (30,'Maitre des armure intermédiaires','Vous avez pratiqué le déplacement avec une armure intermédiaire pour obtenir les avantages suivants : \n• Porter une armure intermédiaire n''impose pas de désavantage à vos jets de Dextérité (Discrétion). \n• Lorsque vous portez une armure intermédiaire, vous pouvez ajouter 3, au lieu de 2, à votre CA si vous avez une Dextérité de 16 ou plus. ','PASSIVE',0,'ARMOR_PROFICIENCY','MEDIUM',NULL,NULL,1,'2016-09-13 14:00:24','2016-09-13 14:00:24');
INSERT INTO feat (id, name, description, featUsage, isClassFeature, prerequisiteType, prerequisiteArmorProficiency, prerequisiteAbilityId, prerequisiteAbilityScore, version, created, updated) VALUES (31,'Maitre des armures lourdes','Vous pouvez utiliser votre armure pour détourner des attaques qui en auraient tué plus d''un. Vous obtenez les avantages suivants : \n• Augmentez votre valeur de Force de 1, pour un maximum de 20. \n• Lorsque vous portez une armure lourde, les dégâts contondants, perforants et tranchants que vous recevez d''armes non magiques sont réduits de 3. ','PASSIVE',0,'ARMOR_PROFICIENCY','HEAVY',NULL,NULL,1,'2016-09-13 14:01:01','2016-09-13 14:01:01');
INSERT INTO feat (id, name, description, featUsage, isClassFeature, prerequisiteType, prerequisiteArmorProficiency, prerequisiteAbilityId, prerequisiteAbilityScore, version, created, updated) VALUES (32,'Maitre des boucliers','Vous utilisez les boucliers non seulement pour vous protéger, mais aussi de manière offensive. Vous obtenez les avantages suivants lorsque vous portez un bouclier : \n• Si vous prenez l''action Attaquer à votre tour, vous pouvez utiliser une action bonus pour essayer de bousculer une créature située à 5 pieds ou moins de vous avec votre bouclier. \n• Si vous n''êtes pas incapable d''agir, vous pouvez ajouter le bonus à la CA de votre bouclier à tout jet de sauvegarde de Dextérité contre tout sort ou autre effet nocif qui vous prend pour cible. \n• Si vous êtes soumis à un effet qui vous permet de faire un jet de sauvegarde de Dextérité pour ne prendre que la moitié des dégâts, vous pouvez utiliser votre réaction pour ne prendre aucun dommage si vous réussissez le jet de sauvegarde, en interposant votre bouclier entre vous et la source de l''effet. ','ACTION',0,'ARMOR_PROFICIENCY','SHIELD',NULL,NULL,1,'2016-09-13 14:03:36','2016-09-13 14:03:36');
INSERT INTO feat (id, name, description, featUsage, isClassFeature, prerequisiteType, prerequisiteArmorProficiency, prerequisiteAbilityId, prerequisiteAbilityScore, version, created, updated) VALUES (33,'Mobile','Vous êtes exceptionnellement rapide. Vous gagnez les avantages suivants : \n• Votre vitesse augmente de 3 mètres. \n• Lorsque vous utilisez l''action de Courir, un terrain difficile ne vous coûte pas de mouvement supplémentaire pour ce tour. \n• Lorsque vous effectuez une attaque au corps à corps contre une créature, vous ne provoquez pas d''attaques d''opportunité pour cette créature pour le reste du tour, que vous touchiez ou pas. ','PASSIVE',0,'NONE',NULL,NULL,NULL,1,'2016-09-13 14:04:14','2016-09-13 14:04:14');
INSERT INTO feat (id, name, description, featUsage, isClassFeature, prerequisiteType, prerequisiteArmorProficiency, prerequisiteAbilityId, prerequisiteAbilityScore, version, created, updated) VALUES (34,'Observateur','Vous notez rapidement des détails dans votre environnement. Vous gagnez les avantages suivants : \n• Augmentez votre valeur d''Intelligence ou de Sagesse de 1, pour un maximum de 20. \n• Si vous pouvez voir la bouche d''une créature alors qu''elle parle une langue que vous comprenez, vous pouvez interpréter ce qu''elle dit en lisant ses lèvres. \n• Vous avez un bonus de +5 à vos jets de Sagesse (Perception) passive et d''Intelligence (Investigation) passive. ','PASSIVE',0,'NONE',NULL,NULL,NULL,1,'2016-09-13 14:04:46','2016-09-13 14:04:46');
INSERT INTO feat (id, name, description, featUsage, isClassFeature, prerequisiteType, prerequisiteArmorProficiency, prerequisiteAbilityId, prerequisiteAbilityScore, version, created, updated) VALUES (35,'Pourfendeur de mage','Vous avez pratiqué des techniques utiles en combat au corps à corps contre les lanceurs de sorts, et vous bénéficiez des avantages suivants : \n• Quand une créature dans un rayon de 5 pieds autour de vous lance un sort, vous pouvez utiliser votre réaction pour effectuer une attaque avec une arme au corps à corps contre cette créature. \n• Si vous touchez une créature qui se concentre sur un sort, cette créature a un désavantage à son jet de sauvegarde pour maintenir sa concentration. \n• Vous avez l''avantage aux jets de sauvegarde contre les sorts lancés par les créatures dans un rayon de 1,50 m autour de vous. ','REACTION',0,'NONE',NULL,NULL,NULL,1,'2016-09-13 14:05:32','2016-09-13 14:05:32');
INSERT INTO feat (id, name, description, featUsage, isClassFeature, prerequisiteType, prerequisiteArmorProficiency, prerequisiteAbilityId, prerequisiteAbilityScore, version, created, updated) VALUES (36,'Résistant','Choisissez une caractéristique. Vous gagnez les avantages suivants : \n• Augmentez la valeur de cette caractéristique de 1, pour un maximum de 20. \n• Vous gagnez la maîtrise des jets de sauvegarde qui utilisent la caractéristique choisie. ','PASSIVE',0,'NONE',NULL,NULL,NULL,1,'2016-09-13 14:07:33','2016-09-13 14:07:33');
INSERT INTO feat (id, name, description, featUsage, isClassFeature, prerequisiteType, prerequisiteArmorProficiency, prerequisiteAbilityId, prerequisiteAbilityScore, version, created, updated) VALUES (37,'Robuste','Vos points de vie maximums augmentent d''un montant égal au double de votre niveau quand vous gagnez ce don. Chaque fois que vous gagnez un niveau par la suite, vos points de vie maximums augmentent de 2 points de vie supplémentaires. ','PASSIVE',0,'NONE',NULL,NULL,NULL,1,'2016-09-13 14:09:11','2016-09-13 14:09:11');
INSERT INTO feat (id, name, description, featUsage, isClassFeature, prerequisiteType, prerequisiteArmorProficiency, prerequisiteAbilityId, prerequisiteAbilityScore, version, created, updated) VALUES (38,'Sentinelle','Vous maîtrisez les techniques pour tirer avantage de chaque faiblesse dans la garde de tout ennemi, et bénéficiez des avantages suivants : \n• Lorsque vous touchez une créature avec une attaque d''opportunité, la vitesse de la créature devient 0 pour le reste du tour. \n• Vous pouvez effectuer une attaque d''opportunité même si une créature prend l''action Se désengager avant de se mettre hors de portée de votre allonge. \n• Quand une créature à 1,50 mètre ou moins de vous fait une attaque contre une cible autre que vous (et que cette cible n''a pas ce don), vous pouvez utiliser votre réaction pour réaliser une attaque avec une arme de corps à corps contre la créature attaquante. ','ACTION',0,'NONE',NULL,NULL,NULL,1,'2016-09-13 14:10:02','2016-09-13 14:10:02');
INSERT INTO feat (id, name, description, featUsage, isClassFeature, prerequisiteType, prerequisiteArmorProficiency, prerequisiteAbilityId, prerequisiteAbilityScore, version, created, updated) VALUES (39,'Talentueux','Vous gagnez la maîtrise de trois compétences ou outils de votre choix, avec la combinaison que vous souhaitez. ','PASSIVE',0,'NONE',NULL,NULL,NULL,1,'2016-09-13 14:10:35','2016-09-13 14:10:35');
INSERT INTO feat (id, name, description, featUsage, isClassFeature, prerequisiteType, prerequisiteArmorProficiency, prerequisiteAbilityId, prerequisiteAbilityScore, version, created, updated) VALUES (40,'Tireur d''élite','Vous maîtrisez les armes à distance et pouvez faire des tirs que d''autres penseraient impossible. Vous obtenez les avantages suivants : \n• Attaquer à longue portée n''impose pas de désavantage à vos jets d''attaque avec une arme à distance. \n• Vos attaques avec des armes à distance ignorent les abris partiels et les abris importants. \n• Avant de faire une attaque avec une arme à distance que vous maîtrisez, vous pouvez choisir de prendre un malus de -5 au jet d''attaque. Si l''attaque réussit, vous ajoutez +10 aux dégâts de l''attaque. ','PASSIVE',0,'NONE',NULL,NULL,NULL,1,'2016-09-13 14:11:28','2016-09-13 14:11:28');
INSERT INTO feat (id, name, description, featUsage, isClassFeature, prerequisiteType, prerequisiteArmorProficiency, prerequisiteAbilityId, prerequisiteAbilityScore, version, created, updated) VALUES (41,'Vigilant','Toujours en train de guetter le danger, vous gagnez les bénéfices suivants : \n• Vous gagnez un bonus de +5 à l''initiative. \n• Vous ne pouvez pas être surpris tant que vous êtes conscient. \n• Les autres créatures n''ont pas l''avantage aux jets d''attaque contre vous du fait de vous être cachées. ','PASSIVE',0,'NONE',NULL,NULL,NULL,1,'2016-09-13 14:12:09','2016-09-13 14:12:09');

/* Class features */
INSERT INTO feat (id, name, description, featUsage, isClassFeature, prerequisiteType, prerequisiteArmorProficiency, prerequisiteAbilityId, prerequisiteAbilityScore, version, created, updated) VALUES (42,'Rage','En combat, vous vous battez avec une férocité bestiale. Durant votre tour, vous pouvez entrer en rage en utilisant une action bonus. En rage, vous gagnez les bénéfices suivants si vous ne portez pas d''armure lourde :\n\nVous avez l''avantage aux jets de Force et aux jets de sauvegarde de Force.\nQuand vous effectuez une attaque d''arme de corps à corps utilisant la Force, vous gagnez un bonus aux jets de dégâts qui dépend de votre niveau de barbare, comme indiqué dans la colonne Dégâts de la table ci-dessus.\nVous avez la résistance aux dégâts contondants, perforants et tranchants.\nSi vous êtes capable de lancer des sorts, vous ne pouvez les lancer ou vous concentrer sur eux pour toute la durée de la rage.\n\nVotre rage dure 1 minute. Elle finit prématurément si vous devenez inconscient, ou si votre tour se termine et que vous n''avez ni attaqué une créature hostile, ni subi des dégâts, depuis votre précédent tour. Vous pouvez également mettre fin à votre rage durant votre tour par une action bonus. Vous récupérez les utilisations de rage dépensées après avoir terminé un repos long.','ACTION',1,'NONE',NULL,NULL,NULL,1,'2016-09-13 14:18:52','2016-09-13 14:18:52');
INSERT INTO feat (id, name, description, featUsage, isClassFeature, prerequisiteType, prerequisiteArmorProficiency, prerequisiteAbilityId, prerequisiteAbilityScore, version, created, updated) VALUES (43,'Défense sans armure','Tant que vous ne portez pas d''armure, votre classe d''armure est égale à 10 + votre modificateur de Dextérité + votre modificateur de Constitution. Vous pouvez utiliser un bouclier et en gagner les avantages.','PASSIVE',1,'NONE',NULL,NULL,NULL,1,'2016-09-13 14:19:24','2016-09-13 14:19:24');
INSERT INTO feat (id, name, description, featUsage, isClassFeature, prerequisiteType, prerequisiteArmorProficiency, prerequisiteAbilityId, prerequisiteAbilityScore, version, created, updated) VALUES (44,'Attaque téméraire','Vous pouvez mettre de côté votre défense pour attaquer avec toute la violence du désespoir. Lorsque vous effectuez la première attaque de votre tour, vous pouvez décider d''effectuer une Attaque téméraire. Vous obtenez ainsi un avantage aux jets d''attaque d''arme de corps à corps utilisant la Force durant ce tour, mais les attaques effectuées contre vous ont également l''avantage jusqu''à votre prochain tour de jeu.','ACTION',1,'NONE',NULL,NULL,NULL,1,'2016-09-13 14:20:08','2016-09-13 14:20:08');
INSERT INTO feat (id, name, description, featUsage, isClassFeature, prerequisiteType, prerequisiteArmorProficiency, prerequisiteAbilityId, prerequisiteAbilityScore, version, created, updated) VALUES (45,'Sens du danger','Vous ressentez une sensation étrange lorsque les choses qui vous entourent ne sont pas comme elles devraient être, vous donnant un avantage lorsque vous tenter de vous extirper du danger. Vous avez l''avantage aux jets de sauvegarde de Dextérité contre les effets que vous pouvez voir, comme les pièges ou les sorts. Pour bénéficier de cet effet vous ne devez pas être aveuglé, assourdi ou incapable d''agir.','PASSIVE',1,'NONE',NULL,NULL,NULL,1,'2016-09-13 14:20:42','2016-09-13 14:20:42');
INSERT INTO feat (id, name, description, featUsage, isClassFeature, prerequisiteType, prerequisiteArmorProficiency, prerequisiteAbilityId, prerequisiteAbilityScore, version, created, updated) VALUES (46,'Attaque supplémentaire','Vous pouvez attaquer deux fois, au lieu d''une seule, chaque fois que vous réalisez l’action Attaquer durant votre tour.','PASSIVE',1,'NONE',NULL,NULL,NULL,1,'2016-09-13 14:23:43','2016-09-13 14:23:43');
INSERT INTO feat (id, name, description, featUsage, isClassFeature, prerequisiteType, prerequisiteArmorProficiency, prerequisiteAbilityId, prerequisiteAbilityScore, version, created, updated) VALUES (47,'Mouvement rapide','Votre vitesse augmente de 10 pieds tant que vous ne portez pas d''armure lourde.','PASSIVE',1,'NONE',NULL,NULL,NULL,1,'2016-09-13 14:24:26','2016-09-13 14:24:26');
INSERT INTO feat (id, name, description, featUsage, isClassFeature, prerequisiteType, prerequisiteArmorProficiency, prerequisiteAbilityId, prerequisiteAbilityScore, version, created, updated) VALUES (48,'Instinct sauvage','Vos instincts sont si aiguisés que vous obtenez l''avantage aux jets d''initiative. De plus, si vous êtes surpris au début du combat et que vous n''êtes pas incapable d''agir, vous pouvez jouer normalement durant votre premier tour, mais seulement si vous entrez en rage avant de faire quoique ce soit d''autre à ce tour.','PASSIVE',1,'NONE',NULL,NULL,NULL,1,'2016-09-13 14:25:15','2016-09-13 14:25:15');
INSERT INTO feat (id, name, description, featUsage, isClassFeature, prerequisiteType, prerequisiteArmorProficiency, prerequisiteAbilityId, prerequisiteAbilityScore, version, created, updated) VALUES (49,'Critique brutal','Vous pouvez lancer un dé de dégâts de votre arme en plus lorsque vous déterminez les dégâts supplémentaires que vous infligez sur un coup critique réussi avec une attaque de corps à corps. Ce bonus aux dégâts passe à deux dés au niveau 13 et à trois dés au niveau 17.','PASSIVE',1,'NONE',NULL,NULL,NULL,1,'2016-09-13 14:26:07','2016-09-13 14:26:07');
INSERT INTO feat (id, name, description, featUsage, isClassFeature, prerequisiteType, prerequisiteArmorProficiency, prerequisiteAbilityId, prerequisiteAbilityScore, version, created, updated) VALUES (50,'Rage implacable','Votre rage vous permet de continuer à combattre en dépit des graves blessures qui vous affectent. Si vous tombez à 0 point de vie pendant votre rage et que vous ne mourrez pas sur le coup, vous pouvez faire un jet de sauvegarde de Constitution DD 10. Si vous le réussissez, vous retournez immédiatement à 1 point de vie. Chaque fois que vous utilisez cette capacité après la première, le DD augmente de 5. Quand vous terminez un repos court ou long le DD retombe à 10.','PASSIVE',1,'NONE',NULL,NULL,NULL,1,'2016-09-13 14:26:53','2016-09-13 14:26:53');
INSERT INTO feat (id, name, description, featUsage, isClassFeature, prerequisiteType, prerequisiteArmorProficiency, prerequisiteAbilityId, prerequisiteAbilityScore, version, created, updated) VALUES (51,'Rage persistante','Votre rage est si intense qu''elle ne s''arrête prématurément qu''à la condition que vous tombiez inconscient ou que vous choisissiez de l''arrêter.','PASSIVE',1,'NONE',NULL,NULL,NULL,1,'2016-09-13 14:27:24','2016-09-13 14:27:24');
INSERT INTO feat (id, name, description, featUsage, isClassFeature, prerequisiteType, prerequisiteArmorProficiency, prerequisiteAbilityId, prerequisiteAbilityScore, version, created, updated) VALUES (52,'Puissance indomptable','Si le résultat d''un de vos jets de Force est inférieur à votre valeur de Force, vous pouvez utiliser votre valeur de Force à la place de votre résultat.','PASSIVE',1,'NONE',NULL,NULL,NULL,1,'2016-09-13 14:27:57','2016-09-13 14:27:57');
INSERT INTO feat (id, name, description, featUsage, isClassFeature, prerequisiteType, prerequisiteArmorProficiency, prerequisiteAbilityId, prerequisiteAbilityScore, version, created, updated) VALUES (53,'Champion primitif','Vous êtes l''incarnation de la puissance du monde sauvage. Vos valeurs de Force et de Constitution augmentent de 4. Votre maximum dans ces valeurs de caractéristique est maintenant de 24.','PASSIVE',1,'NONE',NULL,NULL,NULL,1,'2016-09-13 14:28:30','2016-09-13 14:28:30');
INSERT INTO feat (id, name, description, featUsage, isClassFeature, prerequisiteType, prerequisiteArmorProficiency, prerequisiteAbilityId, prerequisiteAbilityScore, version, created, updated) VALUES (54,'Frénésie','Vous pouvez choisir de sombrer dans un état de frénésie au cours de votre rage. Si vous le faites, pour la durée de votre rage, vous pouvez effectuer une unique attaque d''arme de corps à corps en utilisant une action bonus à chacun de vos tours après celui-ci. Lorsque votre rage se termine, vous subissez un niveau d''épuisement.','ACTION',1,'NONE',NULL,NULL,NULL,1,'2016-09-14 09:23:50','2016-09-14 09:23:50');
INSERT INTO feat (id, name, description, featUsage, isClassFeature, prerequisiteType, prerequisiteArmorProficiency, prerequisiteAbilityId, prerequisiteAbilityScore, version, created, updated) VALUES (55,'Rage inébranlable','Vous ne pouvez pas être charmé ou effrayé tant que vous êtes en rage. Si vous êtes déjà charmé ou effrayé lorsque vous entrez en rage, l''effet est suspendu le temps de votre rage.','PASSIVE',1,'NONE',NULL,NULL,NULL,1,'2016-09-14 09:24:14','2016-09-14 09:24:14');
INSERT INTO feat (id, name, description, featUsage, isClassFeature, prerequisiteType, prerequisiteArmorProficiency, prerequisiteAbilityId, prerequisiteAbilityScore, version, created, updated) VALUES (56,'Présence intimidante','Vous pouvez utiliser votre action pour effrayer quelqu''un avec votre présence effrayante. Pour ce faire, choisissez une créature que vous pouvez voir à 30 pieds maximum de vous. Si la créature peut vous voir ou vous entendre, elle doit réussir un jet de sauvegarde de Sagesse (DD égal à 8 + votre bonus de maîtrise + votre modificateur de Charisme) sous peine d''être effrayée par vous jusqu''à la fin de votre prochain tour. Aux tours suivants, vous pouvez utiliser votre action pour augmenter d''un tour supplémentaire la durée de cet effet sur la créature effrayée. Cet effet se termine si la créature finit son tour hors de votre ligne de vue ou qu''elle se trouve à plus de 60 pieds de vous. Si la créature réussit son jet de sauvegarde, vous ne pouvez plus utiliser cette capacité contre elle durant 24 heures.','ACTION',1,'NONE',NULL,NULL,NULL,1,'2016-09-14 09:25:21','2016-09-14 09:25:21');
INSERT INTO feat (id, name, description, featUsage, isClassFeature, prerequisiteType, prerequisiteArmorProficiency, prerequisiteAbilityId, prerequisiteAbilityScore, version, created, updated) VALUES (57,'Représailles','Lorsque vous subissez des dégâts d''une créature située à 5 pieds de vous, vous pouvez utiliser votre réaction pour effectuer une attaque d''arme de corps à corps contre cette créature.','REACTION',1,'NONE',NULL,NULL,NULL,1,'2016-09-14 09:25:55','2016-09-14 09:25:55');
INSERT INTO feat (id, name, description, featUsage, isClassFeature, prerequisiteType, prerequisiteArmorProficiency, prerequisiteAbilityId, prerequisiteAbilityScore, version, created, updated) VALUES (58,'Esprit chercheur','Une voie qui cherche à vous initier au monde naturel, vous affiliant aux bêtes, est faite pour vous. Lorsque vous adoptez cette voie, vous obtenez la capacité de lancer les sorts sens bestial et compréhension animale.','PASSIVE',1,'NONE',NULL,NULL,NULL,1,'2016-09-14 09:27:06','2016-09-14 09:27:06');
INSERT INTO feat (id, name, description, featUsage, isClassFeature, prerequisiteType, prerequisiteArmorProficiency, prerequisiteAbilityId, prerequisiteAbilityScore, version, created, updated) VALUES (59,'Esprit totem','Lorsque vous adoptez cette voie, vous choisissez un esprit totem et obtenez les avantages associés. Vous devez fabriquer ou obtenir un objet totem - une amulette ou un ornement similaire - constitué d''os, de poils, de griffes, de plumes ou de dents de votre animal totem. Si vous le souhaitez, vous pouvez également obtenir un attribut physique mineur qui rappelle votre esprit totem. Par exemple, si vous avez choisi l''ours comme esprit totem, vous pourriez être incroyablement poilu et avoir la peau épaisse, ou si votre totem est l''aigle, vos yeux pourraient virer au jaune. Votre animal totem devrait être un animal correspondant à l''un de ceux listés ci-dessous ou s''en approchant mais dont l''espèce est plus appropriée à votre pays d''origine (un vautour ou un faucon à la place d''un aigle par exemple).\n\nOurs. Lorsque vous êtes en rage, vous avez la résistance à tous les types de dégâts sauf aux dégâts psychiques. L''esprit de l''ours vous rend suffisamment coriace pour résister à n''importe quel châtiment.\n\nAigle. Lorsque vous êtes en rage et ne portez pas d''armure lourde, les autres créatures ont un désavantage lors des attaques d''opportunité qu''elles effectuent contre vous, et vous pouvez utiliser l''action Courir en tant qu''action bonus lors de votre tour. L''esprit de l''aigle fait de vous un prédateur capable de circuler dans la mêlée avec aisance.\n\nLoup. Lorsque vous êtes en rage, vos alliés ont l''avantage aux jets d''attaques de corps à corps effectués contre toute créature située à 5 pieds de vous et qui vous sont hostiles. L''esprit du loup fait de vous le chef des chasseurs.','PASSIVE',1,'NONE',NULL,NULL,NULL,1,'2016-09-14 09:28:19','2016-09-14 09:28:19');
INSERT INTO feat (id, name, description, featUsage, isClassFeature, prerequisiteType, prerequisiteArmorProficiency, prerequisiteAbilityId, prerequisiteAbilityScore, version, created, updated) VALUES (60,'Aspect de la bête','Vous obtenez un bénéfice magique dépendant de l''animal totem de votre choix. Vous pouvez choisir le même animal que celui sélectionné au niveau 3 ou en prendre un différent.\n\nOurs. Vous gagnez la puissance de l''ours. Votre capacité de charge (dont votre chargement maximal et votre capacité à soulever des objets) est doublée et vous obtenez l''avantage aux jets de Force effectués pour pousser, soulever, tirer ou briser des objets.\n\nAigle. Vous gagnez la vision de l''aigle. Vous pouvez voir jusqu''à 1,5 km sans difficulté, capable de discerner même les plus fins détails comme si vous regardiez quelque chose à 100 pieds de vous. De plus, une faible luminosité n''impose pas un désavantage à vos jets de Sagesse (Perception).\n\nLoup. Vous gagnez les sens de chasseur d''un loup. Vous pouvez pister les autres créatures lorsque vous voyagez à un rythme rapide et vous pouvez vous déplacer discrètement lorsque vous voyagez à un rythme normal','PASSIVE',1,'NONE',NULL,NULL,NULL,1,'2016-09-14 09:29:40','2016-09-14 09:29:40');
INSERT INTO feat (id, name, description, featUsage, isClassFeature, prerequisiteType, prerequisiteArmorProficiency, prerequisiteAbilityId, prerequisiteAbilityScore, version, created, updated) VALUES (61,'Communion avec la nature','Vous pouvez lancer le sort communion avec la nature. Lorsque vous le lancez, une version spirituelle de l''un des animaux que vous avez choisis avec Esprit totem ou Aspect de la bête apparaît et vous donne l''information que vous recherchez.','PASSIVE',1,'NONE',NULL,NULL,NULL,1,'2016-09-14 09:30:28','2016-09-14 09:30:28');
INSERT INTO feat (id, name, description, featUsage, isClassFeature, prerequisiteType, prerequisiteArmorProficiency, prerequisiteAbilityId, prerequisiteAbilityScore, version, created, updated) VALUES (62,'Lien totémique','vous obtenez un bénéfice magique correspondant à l''animal totem de votre choix. Vous pouvez choisir un animal que vous avez précédemment sélectionné ou en prendre un nouveau.\n\nOurs. Lorsque vous êtes en rage, toute créature située à 5 pieds de vous, et qui vous est hostile, a un désavantage aux jets d''attaque effectué contre une cible autre que vous, ou tout personnage avec cette capacité. Un ennemi est immunisé à cet effet s''il ne peut pas vous voir ou vous entendre ou qu''il ne peut pas être effrayé.\n\nAigle. Lorsque vous êtes en rage, vous obtenez une vitesse de vol égale à votre vitesse actuelle de déplacement à pied. Cette capacité fonctionne uniquement sur de cours déplacements ; vous tombez si vous terminez votre tour dans les airs et que rien d''autre ne vous maintient en hauteur.\n\nLoup. Lorsque vous êtes en rage vous pouvez utiliser une action bonus lors de votre tour pour mettre à terre une créature de taille G ou inférieure que vous avez touchée lors d''une attaque d''arme de corps à corps.','PASSIVE',1,'NONE',NULL,NULL,NULL,1,'2016-09-14 09:31:38','2016-09-14 09:31:38');

/* Equipment */
INSERT INTO equipment (id, type, name, description, weight, isMagical, isPurchasable, isSellable, basePrice, version, created, updated) VALUES (1,'TOOL','Chalemie','La chalemie est un instrument à vent à anche double qui est considéré comme l''ancêtre direct du hautbois. Comme celui-ci, la chalemie a une perce conique; mais cette perce, ainsi que le pavillon et les trous sont plus larges et l''instrument comporte un disque en bois. Destiné à être jouée en plein air, la chalemie possède une sonorité puissante.',1,0,1,1,2,1,'2016-09-14 14:15:25','2016-09-14 14:15:25');
INSERT INTO equipment (id, type, name, description, weight, isMagical, isPurchasable, isSellable, basePrice, version, created, updated) VALUES (2,'TOOL','Luth','Instrument à cordes pincées, à caisse de résonance en forme de demi-poire; dont le manche est en deux parties qui se coupent à angle droit.',2,0,1,1,35,1,'2016-09-14 14:17:08','2016-09-14 14:17:08');
INSERT INTO equipment (id, type, name, description, weight, isMagical, isPurchasable, isSellable, basePrice, version, created, updated) VALUES (3,'TOOL','Flute','La flûte est un instrument à vent qui comporte huit trous de jeu, dont un manipulé par le pouce pour permettre l''émission des octaves aiguës.',1,0,1,1,2,1,'2016-09-14 14:20:58','2016-09-14 14:20:58');
INSERT INTO equipment (id, type, name, description, weight, isMagical, isPurchasable, isSellable, basePrice, version, created, updated) VALUES (4,'TOOL','Cornemuse','La cornemuse est un instrument de musique à vent et plus particulièrement à anches qui se compose d''au moins deux tuyaux à anche simple ou double. Les anches sont mises en mouvement par une alimentation d''air provenant de la pression du bras de l''instrumentiste sur un réservoir taillé dans une peau.',6,0,1,1,30,1,'2016-09-14 14:25:05','2016-09-14 14:25:05');
INSERT INTO equipment (id, type, name, description, weight, isMagical, isPurchasable, isSellable, basePrice, version, created, updated) VALUES (5,'TOOL','Lyre','La lyre est un instrument à corde. Elle n''a pas de manche, comme la guitare, dans le prolongement de sa caisse de résonance, mais deux bras flanqués de part et d''autre. La lyre fait partie de la famille de la harpe : les cordes sont verticales, elles se pincent à vide et ne produisent qu''un son unique. À la différence de la harpe, la lyre a des cordes d''égales longueurs qui forment un léger rayonnement. C''est la tension et la grosseur de la corde qui permet les différentes intonations. Contrairement à la harpe, les cordes sont aussi parallèles aux deux montants.',2,0,1,1,30,1,'2016-09-14 14:27:39','2016-09-14 14:27:39');
INSERT INTO equipment (id, type, name, description, weight, isMagical, isPurchasable, isSellable, basePrice, version, created, updated) VALUES (6,'TOOL','Viole','La viole est un instrument de musique à 6 cordes jouées à l’aide d''un archet.',1,0,1,1,30,1,'2016-09-14 14:30:10','2016-09-14 14:30:10');
INSERT INTO equipment (id, type, name, description, weight, isMagical, isPurchasable, isSellable, basePrice, version, created, updated) VALUES (7,'TOOL','Tympanon','Le tympanon est un instrument de musique de la famille des cithares sur table qui se présente sous la forme d''une caisse trapézoïdale. Un certain nombre de cordes, parfois réunies en divers chœurs, sont tendues sur la table d''harmonie. Le son est produit en frappant les cordes à l''aide de mailloches.',10,0,1,1,25,1,'2016-09-14 14:32:23','2016-09-14 14:32:23');
INSERT INTO equipment (id, type, name, description, weight, isMagical, isPurchasable, isSellable, basePrice, version, created, updated) VALUES (8,'TOOL','Flute de pan','La flûte de Pan est un instrument de musique composé d''un ensemble de tuyaux sonores assemblés.',1,0,1,1,2,1,'2016-09-14 14:33:26','2016-09-14 14:33:26');
INSERT INTO equipment (id, type, name, description, weight, isMagical, isPurchasable, isSellable, basePrice, version, created, updated) VALUES (9,'TOOL','Tambour','Un tambour est un instrument de musique à percussion constitué d''un fût sur lequel sont tendues une ou plusieurs peaux, frappées à l''aide des doigts ou de baguettes prévues à cet effet. La vibration ainsi obtenue est amplifiée par le fût qui fait office de caisse de résonance.',3,0,1,1,6,1,'2016-09-14 14:35:00','2016-09-14 14:35:00');
INSERT INTO equipment (id, type, name, description, weight, isMagical, isPurchasable, isSellable, basePrice, version, created, updated) VALUES (10,'TOOL','Dés','Le jeu de dés se pratique avec les dés, des objets le plus souvent cubiques dont les 6 faces sont habituellement numérotées de 1 à 6.',0.1,0,1,1,1,1,'2016-09-14 14:38:37','2016-09-14 14:38:37');
INSERT INTO equipment (id, type, name, description, weight, isMagical, isPurchasable, isSellable, basePrice, version, created, updated) VALUES (11,'TOOL','Cartes à jouer','Le jeu comprend 52 cartes à jouer, réparties suivant treize valeurs sur quatre enseignes.',0.1,0,1,1,1,1,'2016-09-14 14:40:56','2016-09-14 14:40:56');
INSERT INTO equipment (id, type, name, description, weight, isMagical, isPurchasable, isSellable, basePrice, version, created, updated) VALUES (12,'TOOL','Jeu d''échecs','Le jeu d''échecs se compose d’un plateau ou tablier appelé échiquier composé de soixante-quatre cases claires et sombres nommées les cases blanches et les cases noires. Les joueurs jouent à tour de rôle en déplaçant l''une de leurs seize pièces, claires pour le camp des blancs, sombres pour le camp des noirs. Chaque joueur possède au départ un roi, une dame, deux tours, deux fous, deux cavaliers et huit pions.',0.5,0,1,1,2,1,'2016-09-14 14:44:14','2016-09-14 14:44:14');
INSERT INTO equipment (id, type, name, description, weight, isMagical, isPurchasable, isSellable, basePrice, version, created, updated) VALUES (13,'TOOL','Kit d''empoisonneur','Ce kit comprend les flacons, produits chimiques et autres appareils nécessaires à la création de poisons. Si vous maîtrisez le kit d''empoisonneur, vous ajoutez votre bonus de maîtrise à tous les jets de caractéristique pour créer et manipuler des poisons.',2,0,1,1,50,2,'2016-09-14 14:45:25','2016-09-14 14:46:22');
INSERT INTO equipment (id, type, name, description, weight, isMagical, isPurchasable, isSellable, basePrice, version, created, updated) VALUES (14,'TOOL','Kit d''herboriste','Ce kit contient une variété d''instruments, tels des pinces, un pilon, des sachets et des flacons que les herboristes utilisent pour créer des remèdes et des potions. Si vous maîtrisez le kit d''herboriste, vous ajoutez votre bonus de maîtrise à tous les jets de caractéristique pour identifier des herbes ou concocter des mélanges et des infusions. Maîtriser le kit d''herboriste est indispensable pour créer des potions de soins et des antidotes.',3,0,1,1,5,1,'2016-09-14 14:46:15','2016-09-14 14:46:15');
INSERT INTO equipment (id, type, name, description, weight, isMagical, isPurchasable, isSellable, basePrice, version, created, updated) VALUES (15,'TOOL','Kit de contrefaçon','Cette petite boîte contient une variété de papiers et parchemins, plumes et encres, sceaux et cire à cacheter, feuilles d''argent et d''or, et autres fournitures nécessaires à la création de faux documents physiques convaincants. La maîtrise de ce kit vous permet d''ajouter votre bonus de maîtrise à tous les jets de caractéristique pour créer un faux d''un document physique.',5,0,1,1,15,1,'2016-09-14 14:47:07','2016-09-14 14:47:07');
INSERT INTO equipment (id, type, name, description, weight, isMagical, isPurchasable, isSellable, basePrice, version, created, updated) VALUES (16,'TOOL','Kit de déguisement','Ce kit comprend des produits cosmétiques, de la teinture pour les cheveux et de petits accessoires pour vous permettre de créer des déguisements qui changent votre apparence physique. Si vous maîtrisez le kit de déguisement, vous ajoutez votre bonus de maîtrise à tous les jets de caractéristiques pour créer un déguisement visuel.',3,0,1,1,25,2,'2016-09-14 14:47:45','2016-09-14 14:49:21');
INSERT INTO equipment (id, type, name, description, weight, isMagical, isPurchasable, isSellable, basePrice, version, created, updated) VALUES (17,'TOOL','Outils de navigation','Ces outils sont utilisés pour la navigation en mer. La maîtrise des outils de navigation vous permet de tracer le parcours d''un navire et de suivre des cartes de navigation. En outre, ces outils vous permettent d''ajouter votre bonus de maîtrise à tous les jets de caractéristique pour éviter de se perdre en mer.',2,0,1,1,25,1,'2016-09-14 14:48:20','2016-09-14 14:48:20');
INSERT INTO equipment (id, type, name, description, weight, isMagical, isPurchasable, isSellable, basePrice, version, created, updated) VALUES (18,'TOOL','Outils de voleur','Ces outils comprennent une petite lime, divers outils de crochetage, un petit miroir monté sur une poignée en métal, une paire de ciseaux à lames fines et une paire de pinces. Si vous maîtrisez les outils de voleur, vous pouvez ajouter votre bonus de maîtrise à tous les jets de caractéristique pour désactiver un piège ou crocheter une serrure.',1,0,1,1,25,2,'2016-09-14 14:48:57','2016-09-14 14:49:09');
INSERT INTO equipment (id, type, name, description, weight, isMagical, isPurchasable, isSellable, basePrice, version, created, updated) VALUES (19,'TOOL','Matériel d''alchimie',NULL,8,0,1,1,50,1,'2016-09-14 14:50:19','2016-09-14 14:50:19');
INSERT INTO equipment (id, type, name, description, weight, isMagical, isPurchasable, isSellable, basePrice, version, created, updated) VALUES (20,'TOOL','Matériel de brasseur',NULL,9,0,1,1,20,1,'2016-09-14 14:50:43','2016-09-14 14:50:43');
INSERT INTO equipment (id, type, name, description, weight, isMagical, isPurchasable, isSellable, basePrice, version, created, updated) VALUES (21,'TOOL','Matériel de calligraphie',NULL,5,0,1,1,10,1,'2016-09-14 14:51:13','2016-09-14 14:51:13');
INSERT INTO equipment (id, type, name, description, weight, isMagical, isPurchasable, isSellable, basePrice, version, created, updated) VALUES (22,'TOOL','Matériel de peintre',NULL,5,0,1,1,10,1,'2016-09-14 14:51:55','2016-09-14 14:51:55');
INSERT INTO equipment (id, type, name, description, weight, isMagical, isPurchasable, isSellable, basePrice, version, created, updated) VALUES (23,'TOOL','Outils de bijoutier',NULL,2,0,1,1,25,2,'2016-09-14 14:52:27','2016-09-14 14:56:18');
INSERT INTO equipment (id, type, name, description, weight, isMagical, isPurchasable, isSellable, basePrice, version, created, updated) VALUES (24,'TOOL','Outils de cartographe',NULL,6,0,1,1,15,1,'2016-09-14 14:52:50','2016-09-14 14:52:50');
INSERT INTO equipment (id, type, name, description, weight, isMagical, isPurchasable, isSellable, basePrice, version, created, updated) VALUES (25,'TOOL','Outils de charpentier',NULL,6,0,1,1,8,2,'2016-09-14 14:53:17','2016-09-14 14:53:22');
INSERT INTO equipment (id, type, name, description, weight, isMagical, isPurchasable, isSellable, basePrice, version, created, updated) VALUES (26,'TOOL','Outils de cordonnier',NULL,5,0,1,1,5,1,'2016-09-14 14:53:56','2016-09-14 14:53:56');
INSERT INTO equipment (id, type, name, description, weight, isMagical, isPurchasable, isSellable, basePrice, version, created, updated) VALUES (27,'TOOL','Outils de cuisinier',NULL,8,0,1,1,1,1,'2016-09-14 14:54:19','2016-09-14 14:54:19');
INSERT INTO equipment (id, type, name, description, weight, isMagical, isPurchasable, isSellable, basePrice, version, created, updated) VALUES (28,'TOOL','Outils de forgeron',NULL,8,0,1,1,20,1,'2016-09-14 14:54:44','2016-09-14 14:54:44');
INSERT INTO equipment (id, type, name, description, weight, isMagical, isPurchasable, isSellable, basePrice, version, created, updated) VALUES (29,'TOOL','Outils de maçon',NULL,8,0,1,1,10,1,'2016-09-14 14:55:11','2016-09-14 14:55:11');
INSERT INTO equipment (id, type, name, description, weight, isMagical, isPurchasable, isSellable, basePrice, version, created, updated) VALUES (30,'TOOL','Outils de menuisier',NULL,5,0,1,1,1,1,'2016-09-14 14:55:33','2016-09-14 14:55:33');
INSERT INTO equipment (id, type, name, description, weight, isMagical, isPurchasable, isSellable, basePrice, version, created, updated) VALUES (31,'TOOL','Outils de potier',NULL,3,0,1,1,10,1,'2016-09-14 14:56:01','2016-09-14 14:56:01');
INSERT INTO equipment (id, type, name, description, weight, isMagical, isPurchasable, isSellable, basePrice, version, created, updated) VALUES (32,'TOOL','Outils de bricolleur',NULL,10,0,1,1,50,1,'2016-09-14 14:57:53','2016-09-14 14:57:53');
INSERT INTO equipment (id, type, name, description, weight, isMagical, isPurchasable, isSellable, basePrice, version, created, updated) VALUES (33,'TOOL','Outils de souffleur de verre',NULL,5,0,1,1,30,1,'2016-09-14 14:58:24','2016-09-14 14:58:24');
INSERT INTO equipment (id, type, name, description, weight, isMagical, isPurchasable, isSellable, basePrice, version, created, updated) VALUES (34,'TOOL','Outils de tanneur de cuir',NULL,5,0,1,1,5,1,'2016-09-14 14:58:54','2016-09-14 14:58:54');
INSERT INTO equipment (id, type, name, description, weight, isMagical, isPurchasable, isSellable, basePrice, version, created, updated) VALUES (35,'TOOL','Outils de tisserand',NULL,5,0,1,1,1,1,'2016-09-14 14:59:14','2016-09-14 14:59:14');
INSERT INTO equipment (id, type, name, description, weight, isMagical, isPurchasable, isSellable, basePrice, version, created, updated) VALUES (36,'ARMOR','Armure matelassée','L''armure matelassée se compose de couches matelassées de tissu et ouate.',8,0,1,1,5,1,'2016-09-15 08:07:17','2016-09-15 08:07:17');
INSERT INTO equipment (id, type, name, description, weight, isMagical, isPurchasable, isSellable, basePrice, version, created, updated) VALUES (37,'ARMOR','Armure de cuir','Le plastron et les épaules protecteurs de cette armure sont faits de cuir qui a été solidifié en étant bouilli dans de l''huile. Le reste de l''armure est constituée de matériaux plus doux et plus souples.',10,0,1,1,10,1,'2016-09-15 08:07:39','2016-09-15 08:07:39');
INSERT INTO equipment (id, type, name, description, weight, isMagical, isPurchasable, isSellable, basePrice, version, created, updated) VALUES (38,'ARMOR','Armure de cuir clouté','Fabriqué à partir de cuir solide mais flexible, l''armure de cuir clouté est renforcée avec des rivets ou des crampons.',13,0,1,1,45,1,'2016-09-15 08:08:01','2016-09-15 08:08:01');
INSERT INTO equipment (id, type, name, description, weight, isMagical, isPurchasable, isSellable, basePrice, version, created, updated) VALUES (39,'ARMOR','Armure de peau','Cette armure brute se compose de fourrures épaisses et de peaux. Il est communément porté par les tribus barbares , les humanoïdes mauvais et d''autres gens qui n''ont pas accès aux outils et les matériaux nécessaires pour créer une meilleure armure.',12,0,1,1,10,1,'2016-09-15 08:08:19','2016-09-15 08:08:19');
INSERT INTO equipment (id, type, name, description, weight, isMagical, isPurchasable, isSellable, basePrice, version, created, updated) VALUES (40,'ARMOR','Chemise de cotte de maille','Fait d''anneaux métalliques entrelacées, une chemise de cotte de maille est portée entre les couches de vêtements ou de cuir . Cette armure offre une protection modeste supérieure au porteur et permet au son des mailles d''être étouffé par les couches extérieures.',20,0,1,1,50,1,'2016-09-15 08:08:46','2016-09-15 08:08:46');
INSERT INTO equipment (id, type, name, description, weight, isMagical, isPurchasable, isSellable, basePrice, version, created, updated) VALUES (41,'ARMOR','Armure feuilletée','Cette armure se compose d''un manteau et des jambières de cuir recouvert de chevauchement des morceaux de métal, un peu comme les écailles d''un poisson. Le costume comprend gantelets.',45,0,1,1,50,1,'2016-09-15 08:09:07','2016-09-15 08:09:07');
INSERT INTO equipment (id, type, name, description, weight, isMagical, isPurchasable, isSellable, basePrice, version, created, updated) VALUES (42,'ARMOR','Plastron de plate','Cette armure est constituée d''un métal ajusté à la poitrine porté avec cuir souple . Bien qu''elle laisse les jambes et les bras relativement non protégés, cette armure fournit une bonne protection pour les organes vitaux tout en laissant le porteur relativement non-encombré.',20,0,1,1,400,1,'2016-09-15 08:09:39','2016-09-15 08:09:39');
INSERT INTO equipment (id, type, name, description, weight, isMagical, isPurchasable, isSellable, basePrice, version, created, updated) VALUES (43,'ARMOR','Armure demie-plate','La demie-plate est constituée de plaques métalliques profilées qui couvrent la majeure partie du corps de l''utilisateur . Il ne comprend pas de protection aux jambes sauf des jambières simples qui sont attachées\navec des lanières de cuir .',40,0,1,1,750,1,'2016-09-15 08:10:01','2016-09-15 08:10:01');
INSERT INTO equipment (id, type, name, description, weight, isMagical, isPurchasable, isSellable, basePrice, version, created, updated) VALUES (44,'ARMOR','Armure annelée','Cette armure est une armure de cuir avec de lourdes anneaux cousus en elle. Les anneaux contribuent à renforcer l''armure contre les coups de sabres et des haches. L''armure annelée est inférieure à la cotte de maille et est généralement portée que par ceux qui ne peuvent pas se permettre une meilleure armure.',40,0,1,1,30,1,'2016-09-15 08:10:19','2016-09-15 08:10:19');
INSERT INTO equipment (id, type, name, description, weight, isMagical, isPurchasable, isSellable, basePrice, version, created, updated) VALUES (45,'ARMOR','Cotte de maille','Fait d''anneaux métalliques entrelacés , la cotte de maille contient une couche de tissu matelassé portée sous\nles mailles pour éviter les frottements et à amortir l''impact des coups . Le costume comprend gantelets.',55,0,1,1,75,1,'2016-09-15 08:10:42','2016-09-15 08:10:42');
INSERT INTO equipment (id, type, name, description, weight, isMagical, isPurchasable, isSellable, basePrice, version, created, updated) VALUES (46,'ARMOR','Armure à éclisses','Cette armure est faite de bandes verticales étroites de métal riveté sur un support de cuir qui est porté sur un\nrembourrage en tissu. Une cotte de mailles flexible protège les articulations.',60,0,1,1,200,1,'2016-09-15 08:11:02','2016-09-15 08:11:02');
INSERT INTO equipment (id, type, name, description, weight, isMagical, isPurchasable, isSellable, basePrice, version, created, updated) VALUES (47,'ARMOR','Armure de plate complète','L''armure de plate complète est formée de plaques de métal entremêlées pour couvrir l''ensemble du corps. Une armure de plate comprend gantelets, des bottes en cuir épais, un casque à visière et une épaisse couche de rembourrage sous l''armure . Boucles et sangles distribuent le poids sur le corps.',65,0,1,1,1500,1,'2016-09-15 08:11:24','2016-09-15 08:11:24');
INSERT INTO equipment (id, type, name, description, weight, isMagical, isPurchasable, isSellable, basePrice, version, created, updated) VALUES (48,'WEAPON','Gourdin',NULL,2,0,1,1,1,1,'2016-09-15 08:21:36','2016-09-15 08:21:36');
INSERT INTO equipment (id, type, name, description, weight, isMagical, isPurchasable, isSellable, basePrice, version, created, updated) VALUES (49,'WEAPON','Dague',NULL,1,0,1,1,2,1,'2016-09-15 08:21:53','2016-09-15 08:21:53');
INSERT INTO equipment (id, type, name, description, weight, isMagical, isPurchasable, isSellable, basePrice, version, created, updated) VALUES (50,'WEAPON','Massue',NULL,10,0,1,1,1,1,'2016-09-15 08:22:05','2016-09-15 08:22:05');
INSERT INTO equipment (id, type, name, description, weight, isMagical, isPurchasable, isSellable, basePrice, version, created, updated) VALUES (51,'WEAPON','Hache',NULL,2,0,1,1,5,1,'2016-09-15 08:22:40','2016-09-15 08:22:40');
INSERT INTO equipment (id, type, name, description, weight, isMagical, isPurchasable, isSellable, basePrice, version, created, updated) VALUES (52,'WEAPON','Javeline',NULL,2,0,1,1,1,1,'2016-09-15 08:22:55','2016-09-15 08:22:55');
INSERT INTO equipment (id, type, name, description, weight, isMagical, isPurchasable, isSellable, basePrice, version, created, updated) VALUES (53,'WEAPON','Marteau',NULL,2,0,1,1,2,1,'2016-09-15 08:23:10','2016-09-15 08:23:10');
INSERT INTO equipment (id, type, name, description, weight, isMagical, isPurchasable, isSellable, basePrice, version, created, updated) VALUES (54,'WEAPON','Masse d''arme',NULL,4,0,1,1,5,1,'2016-09-15 08:23:27','2016-09-15 08:23:27');
INSERT INTO equipment (id, type, name, description, weight, isMagical, isPurchasable, isSellable, basePrice, version, created, updated) VALUES (55,'WEAPON','Bâton',NULL,4,0,1,1,1,1,'2016-09-15 08:23:51','2016-09-15 08:23:51');
INSERT INTO equipment (id, type, name, description, weight, isMagical, isPurchasable, isSellable, basePrice, version, created, updated) VALUES (56,'WEAPON','Faucillle',NULL,2,0,1,1,1,1,'2016-09-15 08:24:15','2016-09-15 08:24:15');
INSERT INTO equipment (id, type, name, description, weight, isMagical, isPurchasable, isSellable, basePrice, version, created, updated) VALUES (57,'WEAPON','Arbalète légère',NULL,5,0,1,1,25,1,'2016-09-15 08:24:45','2016-09-15 08:24:45');
INSERT INTO equipment (id, type, name, description, weight, isMagical, isPurchasable, isSellable, basePrice, version, created, updated) VALUES (58,'WEAPON','Fléchette',NULL,0.25,0,1,1,1,1,'2016-09-15 08:25:12','2016-09-15 08:25:12');
INSERT INTO equipment (id, type, name, description, weight, isMagical, isPurchasable, isSellable, basePrice, version, created, updated) VALUES (59,'WEAPON','Arc court',NULL,2,0,1,1,25,1,'2016-09-15 08:25:31','2016-09-15 08:25:31');
INSERT INTO equipment (id, type, name, description, weight, isMagical, isPurchasable, isSellable, basePrice, version, created, updated) VALUES (60,'WEAPON','Fronde',NULL,0.1,0,1,1,1,1,'2016-09-15 08:25:47','2016-09-15 08:25:47');
INSERT INTO equipment (id, type, name, description, weight, isMagical, isPurchasable, isSellable, basePrice, version, created, updated) VALUES (61,'WEAPON','Hache d''arme',NULL,4,0,1,1,10,1,'2016-09-15 08:26:06','2016-09-15 08:26:06');
INSERT INTO equipment (id, type, name, description, weight, isMagical, isPurchasable, isSellable, basePrice, version, created, updated) VALUES (62,'WEAPON','Fléau',NULL,2,0,1,1,10,1,'2016-09-15 08:26:19','2016-09-15 08:26:19');
INSERT INTO equipment (id, type, name, description, weight, isMagical, isPurchasable, isSellable, basePrice, version, created, updated) VALUES (63,'WEAPON','Hache à 2 mains',NULL,7,0,1,1,30,1,'2016-09-15 08:26:34','2016-09-15 08:26:34');
INSERT INTO equipment (id, type, name, description, weight, isMagical, isPurchasable, isSellable, basePrice, version, created, updated) VALUES (64,'WEAPON','Épée à 2 mains',NULL,6,0,1,1,50,1,'2016-09-15 08:26:48','2016-09-15 08:26:48');
INSERT INTO equipment (id, type, name, description, weight, isMagical, isPurchasable, isSellable, basePrice, version, created, updated) VALUES (65,'WEAPON','Hallebarde',NULL,6,0,1,1,20,1,'2016-09-15 08:27:00','2016-09-15 08:27:00');
INSERT INTO equipment (id, type, name, description, weight, isMagical, isPurchasable, isSellable, basePrice, version, created, updated) VALUES (66,'WEAPON','Épieu',NULL,3,0,1,1,1,1,'2016-09-15 08:27:14','2016-09-15 08:27:14');
INSERT INTO equipment (id, type, name, description, weight, isMagical, isPurchasable, isSellable, basePrice, version, created, updated) VALUES (67,'WEAPON','Épée longue',NULL,3,0,1,1,15,1,'2016-09-15 08:27:30','2016-09-15 08:27:30');
INSERT INTO equipment (id, type, name, description, weight, isMagical, isPurchasable, isSellable, basePrice, version, created, updated) VALUES (68,'WEAPON','Marteau à 2 mains',NULL,10,0,1,1,10,1,'2016-09-15 08:27:52','2016-09-15 08:27:52');
INSERT INTO equipment (id, type, name, description, weight, isMagical, isPurchasable, isSellable, basePrice, version, created, updated) VALUES (69,'WEAPON','Étoile du matin',NULL,4,0,1,1,15,1,'2016-09-15 08:28:22','2016-09-15 08:28:22');
INSERT INTO equipment (id, type, name, description, weight, isMagical, isPurchasable, isSellable, basePrice, version, created, updated) VALUES (70,'WEAPON','Pique',NULL,18,0,1,1,5,1,'2016-09-15 08:28:39','2016-09-15 08:28:39');
INSERT INTO equipment (id, type, name, description, weight, isMagical, isPurchasable, isSellable, basePrice, version, created, updated) VALUES (71,'WEAPON','Rapière',NULL,2,0,1,1,25,1,'2016-09-15 08:28:59','2016-09-15 08:28:59');
INSERT INTO equipment (id, type, name, description, weight, isMagical, isPurchasable, isSellable, basePrice, version, created, updated) VALUES (72,'WEAPON','Cimetère',NULL,3,0,1,1,25,1,'2016-09-15 08:29:21','2016-09-15 08:29:21');
INSERT INTO equipment (id, type, name, description, weight, isMagical, isPurchasable, isSellable, basePrice, version, created, updated) VALUES (73,'WEAPON','Épée courte',NULL,2,0,1,1,10,1,'2016-09-15 08:29:35','2016-09-15 08:29:35');
INSERT INTO equipment (id, type, name, description, weight, isMagical, isPurchasable, isSellable, basePrice, version, created, updated) VALUES (74,'WEAPON','Trident',NULL,4,0,1,1,5,1,'2016-09-15 08:29:48','2016-09-15 08:29:48');
INSERT INTO equipment (id, type, name, description, weight, isMagical, isPurchasable, isSellable, basePrice, version, created, updated) VALUES (75,'WEAPON','Marteau de guerre',NULL,2,0,1,1,15,1,'2016-09-15 08:30:08','2016-09-15 08:30:08');
INSERT INTO equipment (id, type, name, description, weight, isMagical, isPurchasable, isSellable, basePrice, version, created, updated) VALUES (76,'WEAPON','Fouet',NULL,3,0,1,1,2,1,'2016-09-15 08:30:21','2016-09-15 08:30:21');
INSERT INTO equipment (id, type, name, description, weight, isMagical, isPurchasable, isSellable, basePrice, version, created, updated) VALUES (77,'WEAPON','Sarbacane',NULL,1,0,1,1,10,1,'2016-09-15 08:30:45','2016-09-15 08:30:45');
INSERT INTO equipment (id, type, name, description, weight, isMagical, isPurchasable, isSellable, basePrice, version, created, updated) VALUES (78,'WEAPON','Arbalète de poing',NULL,3,0,1,1,75,1,'2016-09-15 08:31:02','2016-09-15 08:31:02');
INSERT INTO equipment (id, type, name, description, weight, isMagical, isPurchasable, isSellable, basePrice, version, created, updated) VALUES (79,'WEAPON','Arbalète lourde',NULL,18,0,1,1,50,1,'2016-09-15 08:31:27','2016-09-15 08:31:27');
INSERT INTO equipment (id, type, name, description, weight, isMagical, isPurchasable, isSellable, basePrice, version, created, updated) VALUES (80,'WEAPON','Arc long',NULL,2,0,1,1,50,1,'2016-09-15 08:31:43','2016-09-15 08:31:43');
INSERT INTO equipment (id, type, name, description, weight, isMagical, isPurchasable, isSellable, basePrice, version, created, updated) VALUES (81,'BRACER','Bracelets de cuir','Pair de bracelet de cuir qui couvre l''avant bras. Ne fournit pas de protection particulière.',0.5,0,1,1,2,1,'2016-09-15 08:43:50','2016-09-15 08:43:50');
INSERT INTO equipment (id, type, name, description, weight, isMagical, isPurchasable, isSellable, basePrice, version, created, updated) VALUES (82,'BRACER','Bracelets de métal','Pair de bracelet de métal couvrant l''avant bras et attaché avec des lanières de cuir. Ne fournit pas de protection particulière.',1,0,1,1,5,2,'2016-09-15 08:47:24','2016-09-15 08:49:56');
INSERT INTO equipment (id, type, name, description, weight, isMagical, isPurchasable, isSellable, basePrice, version, created, updated) VALUES (83,'BOOT','Bottes de cuir','Pair de bottes de cuir simple.',1,0,1,1,2,1,'2016-09-15 08:48:30','2016-09-15 08:48:30');
INSERT INTO equipment (id, type, name, description, weight, isMagical, isPurchasable, isSellable, basePrice, version, created, updated) VALUES (84,'BELT','Ceinture de cuir','Ceinture de cuir simple.',0.4,0,1,1,1,1,'2016-09-15 08:49:19','2016-09-15 08:49:19');
INSERT INTO equipment (id, type, name, description, weight, isMagical, isPurchasable, isSellable, basePrice, version, created, updated) VALUES (85,'GEAR','Fiole d''acide','Au prix d''une action, vous pouvez lancer le contenu de ce flacon sur une créature à 5 pieds ou moins de vous, ou jeter le flacon jusqu''à 20 pieds, le brisant à l''impact. Dans les deux cas, faire une attaque à distance contre une créature ou un objet, en considérant l''acide comme une arme improvisée. En cas de succès, la cible reçoit 2d6 dégâts d''acide.',1,0,1,1,25,1,'2016-09-15 08:57:27','2016-09-15 08:57:27');
INSERT INTO equipment (id, type, name, description, weight, isMagical, isPurchasable, isSellable, basePrice, version, created, updated) VALUES (86,'GEAR','Antidote','Une créature qui boit cette fiole gagne l''avantage aux jets de sauvegarde contre le poison pendant 1 heure. Il ne confère aucun avantage aux morts-vivants et aux créatures artificielles.',0.1,0,1,1,50,1,'2016-09-15 08:58:21','2016-09-15 08:58:21');
INSERT INTO equipment (id, type, name, description, weight, isMagical, isPurchasable, isSellable, basePrice, version, created, updated) VALUES (87,'GEAR','Bélier portable','Vous pouvez utiliser un bélier portable pour enfoncer des portes. Ce faisant, vous gagnez un bonus de +4 au jet de Force. Un autre personnage peut vous aider à utiliser le bélier, ce qui vous donne l''avantage à ce jet.',35,0,1,1,4,2,'2016-09-15 09:05:25','2016-09-15 09:05:52');
INSERT INTO equipment (id, type, name, description, weight, isMagical, isPurchasable, isSellable, basePrice, version, created, updated) VALUES (88,'GEAR','Sac de billes','Au prix d''une action, vous pouvez sortir ces petites billes métalliques de leur poche pour recouvrir une zone de 10x10 pieds. Une créature se déplaçant à travers la zone recouverte doit réussir un jet de sauvegarde de Dextérité DD 10 ou tomber à terre. Une créature se déplaçant à travers la zone à la moitié de sa vitesse n''a pas besoin de faire le jet de sauvegarde.',2,0,1,1,1,2,'2016-09-15 09:06:51','2016-09-15 09:07:02');
INSERT INTO equipment (id, type, name, description, weight, isMagical, isPurchasable, isSellable, basePrice, version, created, updated) VALUES (89,'GEAR','Boite d''allume-feu','Cette petite boite contient un silex, des amorces et de l''amadou (généralement des bouts de tissu sec trempés dans de l''huile), soit tout le nécessaire pour allumer un feu. L''utiliser pour allumer une torche, ou autre chose qui contient suffisamment d''huile, prend une action. Allumer tout autre type de feu prend 1 minute.',1,0,1,1,1,1,'2016-09-15 09:08:16','2016-09-15 09:08:16');
INSERT INTO equipment (id, type, name, description, weight, isMagical, isPurchasable, isSellable, basePrice, version, created, updated) VALUES (90,'GEAR','Bougie','Une bougie génère une lumière vive dans un rayon de 5 pieds et une lumière faible sur 5 pieds supplémentaire durant 1 heure.',0.1,0,1,1,1,1,'2016-09-15 09:08:54','2016-09-15 09:08:54');
INSERT INTO equipment (id, type, name, description, weight, isMagical, isPurchasable, isSellable, basePrice, version, created, updated) VALUES (91,'GEAR','Bourse','Une bourse en tissu ou en cuir peut contenir jusqu''à 20 billes de fronde ou 50 aiguilles de sarbacane, entre autres choses. Une bourse compartimentée pour abriter des composants de sorts est appelé une sacoche à composantes.',1,0,1,1,1,1,'2016-09-15 09:09:52','2016-09-15 09:09:52');
INSERT INTO equipment (id, type, name, description, weight, isMagical, isPurchasable, isSellable, basePrice, version, created, updated) VALUES (92,'GEAR','Cadenas','Une clé est fournie avec le cadenas. Sans la clé, une créature qui maîtrise les outils de voleur peut ouvrir le cadenas en réussissant un jet de Dextérité DD 15. Votre MD peut décider que des cadenas de meilleure qualité sont disponibles à des prix plus élevés.',1,0,1,1,10,1,'2016-09-15 09:10:24','2016-09-15 09:10:24');
INSERT INTO equipment (id, type, name, description, weight, isMagical, isPurchasable, isSellable, basePrice, version, created, updated) VALUES (93,'GEAR','Carquois','Un carquois peut contenir jusqu''à 20 flèches.',1,0,1,1,1,1,'2016-09-15 09:10:45','2016-09-15 09:10:45');
INSERT INTO equipment (id, type, name, description, weight, isMagical, isPurchasable, isSellable, basePrice, version, created, updated) VALUES (94,'GEAR','Chaine (10 pieds)','Une chaîne dispose de 10 pv. Elle peut être brisée en réussissant un jet de Force de DD 20.',10,0,1,1,5,1,'2016-09-15 09:11:26','2016-09-15 09:11:26');
INSERT INTO equipment (id, type, name, description, weight, isMagical, isPurchasable, isSellable, basePrice, version, created, updated) VALUES (95,'GEAR','Chausses-trappes','Au prix d''une action, vous pouvez étaler le contenu d''un sac de chausse-trappes pour couvrir une zone de 1,50 m x 1,50 m. Toute créature qui entre dans la zone doit réussir un jet de sauvegarde de Dextérité DD 15 ou mettre fin à son mouvement et prendre 1 point de dégâts perforant. Jusqu''à ce que la créature retrouve au moins 1 point de vie, sa vitesse de marche est réduite de 3 mètres. Une créature se déplaçant à travers la zone à la moitié de sa vitesse n''a pas besoin de faire le jet de sauvegarde.',2,0,1,1,1,2,'2016-09-15 09:12:51','2016-09-15 09:12:57');
INSERT INTO equipment (id, type, name, description, weight, isMagical, isPurchasable, isSellable, basePrice, version, created, updated) VALUES (96,'GEAR','Corde de chanvre','Une corde, qu''elle soit faite de chanvre ou de soie, possède 2 pv et peut être cassée avec un jet de Force DD 17.',10,0,1,1,1,1,'2016-09-15 09:15:20','2016-09-15 09:15:20');
INSERT INTO equipment (id, type, name, description, weight, isMagical, isPurchasable, isSellable, basePrice, version, created, updated) VALUES (97,'GEAR','Corde de soie','Une corde, qu''elle soit faite de chanvre ou de soie, possède 2 pv et peut être cassée avec un jet de Force DD 17.',5,0,1,1,10,1,'2016-09-15 09:15:47','2016-09-15 09:15:47');
INSERT INTO equipment (id, type, name, description, weight, isMagical, isPurchasable, isSellable, basePrice, version, created, updated) VALUES (98,'GEAR','Couverture','Une couverture chaude.',3,0,1,1,1,1,'2016-09-15 09:17:08','2016-09-15 09:17:08');
INSERT INTO equipment (id, type, name, description, weight, isMagical, isPurchasable, isSellable, basePrice, version, created, updated) VALUES (99,'GEAR','Flasque d''eau bénite','Au prix d''une action, vous pouvez lancer le contenu de cette flasque sur une créature à 1,50 mètre ou moins de vous, ou jeter le flacon jusqu''à 6 mètres, la brisant à l''impact. Dans les deux cas, faire une attaque à distance contre une créature, en considérant l''eau bénite comme une arme improvisée. Si la cible est un fiélon ou mort-vivant, elle reçoit 2d6 dégâts radiant. Un clerc ou un paladin peut créer de l''eau bénite lors d''un rituel spécial. Le rituel dure 1 heure, consomme pour 25 po de poudre d''argent, et nécessite que le lanceur dépense un emplacement de sort de niveau 1.',1,0,1,1,25,1,'2016-09-15 09:18:15','2016-09-15 09:18:15');
INSERT INTO equipment (id, type, name, description, weight, isMagical, isPurchasable, isSellable, basePrice, version, created, updated) VALUES (100,'GEAR','Étui à carreaux d''arbalète','Cet étui en bois peut contenir jusqu''à vingt carreaux d''arbalète.',1,0,1,1,1,1,'2016-09-15 09:18:56','2016-09-15 09:18:56');
INSERT INTO equipment (id, type, name, description, weight, isMagical, isPurchasable, isSellable, basePrice, version, created, updated) VALUES (101,'GEAR','Étui à parchemins','Cet étui en cuir cylindrique peut contenir jusqu''à dix feuilles de papier enroulées ou cinq feuilles de parchemin enroulées.',1,0,1,1,1,1,'2016-09-15 09:19:24','2016-09-15 09:19:24');
INSERT INTO equipment (id, type, name, description, weight, isMagical, isPurchasable, isSellable, basePrice, version, created, updated) VALUES (102,'GEAR','Fiole (10 cl)','Une fiole vide pouvant contenir 10 centilitres.',0.1,0,1,1,1,1,'2016-09-15 09:20:32','2016-09-15 09:20:32');
INSERT INTO equipment (id, type, name, description, weight, isMagical, isPurchasable, isSellable, basePrice, version, created, updated) VALUES (103,'GEAR','Flasque (50 cl)','Une flasque vide pouvant contenir 50 centilitres.',0.5,0,1,1,1,2,'2016-09-15 09:21:13','2016-09-15 09:21:21');
INSERT INTO equipment (id, type, name, description, weight, isMagical, isPurchasable, isSellable, basePrice, version, created, updated) VALUES (104,'GEAR','Gourde d''eau','Une gourde d''eau pleine',5,0,1,1,1,1,'2016-09-15 09:22:34','2016-09-15 09:22:34');
INSERT INTO equipment (id, type, name, description, weight, isMagical, isPurchasable, isSellable, basePrice, version, created, updated) VALUES (105,'GEAR','Gamelle','Cette boîte en étain contient une tasse et des couverts. Faite de deux parties qui s''assemblent, un côté de la boîte peut être utilisé pour cuire des aliments et l''autre comme une assiette ou une petite cuvette.',1,0,1,1,1,1,'2016-09-15 09:23:16','2016-09-15 09:23:16');
INSERT INTO equipment (id, type, name, description, weight, isMagical, isPurchasable, isSellable, basePrice, version, created, updated) VALUES (106,'GEAR','Feu grégeois','Ce liquide adhésif et collant s''enflamme lorsqu''il est exposé à l''air. Au prix d''une action, vous pouvez jeter cette flasque jusqu''à 20 pieds, la brisant à l''impact. Faire une attaque à distance contre une créature ou un objet, en considérant le feu grégeois comme une arme improvisée. En cas de succès, la cible reçoit 1d4 dégâts de feu au début de chacun de ses tours. Une créature peut mettre fin à ces dégâts en utilisant son action pour faire un jet de Dextérité DD 10 pour éteindre les flammes.',1,0,1,1,50,1,'2016-09-15 09:24:27','2016-09-15 09:24:27');
INSERT INTO equipment (id, type, name, description, weight, isMagical, isPurchasable, isSellable, basePrice, version, created, updated) VALUES (107,'GEAR','Grimoire','Essentiel pour les magiciens, un grimoire est un livre relié en cuir qui contient 100 pages de vélin blanc, et sur lesquelles on peut recopier des sorts.',3,0,1,1,50,1,'2016-09-15 09:25:33','2016-09-15 09:25:33');
INSERT INTO equipment (id, type, name, description, weight, isMagical, isPurchasable, isSellable, basePrice, version, created, updated) VALUES (108,'GEAR','Robe de mage','Une robe de mage simple',4,0,1,1,1,1,'2016-09-15 09:26:42','2016-09-15 09:26:42');
INSERT INTO equipment (id, type, name, description, weight, isMagical, isPurchasable, isSellable, basePrice, version, created, updated) VALUES (109,'GEAR','Flasque d''huile','L''huile vient habituellement dans une fiole d''argile de 50 cl. Au prix d''une action, vous pouvez lancer le contenu de cette flasque sur une créature à 5 pieds ou moins de vous, ou jeter la flasque jusqu''à 20 pieds, la brisant à l''impact. Dans les deux cas, faire une attaque à distance contre une créature ou un objet, en considérant l''huile comme une arme improvisée. En cas de succès, la cible est couverte d''huile. Si la cible reçoit des dégâts de feu avant que l''huile ne sèche (après 1 minute), la cible prend 5 points de dégâts de feu supplémentaire dus à l''huile brûlante. Vous pouvez aussi verser une flasque d''huile sur le sol pour couvrir une zone de 5x5 pieds, à condition que la surface soit plane. Une fois allumée, l''huile brûle pendant 2 rounds et inflige 5 points de dégâts de feu à toute créature qui pénètre dans la zone ou qui y termine son tour. Une créature ne peut prendre ces dégâts qu''une fois par tour.',1,0,1,1,1,1,'2016-09-15 09:28:01','2016-09-15 09:28:01');
INSERT INTO equipment (id, type, name, description, weight, isMagical, isPurchasable, isSellable, basePrice, version, created, updated) VALUES (110,'GEAR','Lampe','Une lampe projette une lumière vive dans un rayon de 15 pieds et une lumière faible sur 30 pieds supplémentaires. Une fois allumée, elle brûle pendant 6 heures tout en consommant une flasque d''huile (50 cl).',1,0,1,1,1,1,'2016-09-15 09:28:58','2016-09-15 09:28:58');
INSERT INTO equipment (id, type, name, description, weight, isMagical, isPurchasable, isSellable, basePrice, version, created, updated) VALUES (111,'GEAR','Lanterne à capote','Une lanterne à capote projette une lumière vive dans un rayon de 30 pieds et une lumière faible sur 30 pieds supplémentaires. Une fois allumée, elle brûle pendant 6 heures tout en consommant une flasque d''huile (50 cl). Au prix d''une action, vous pouvez ajuster la capote, ce qui réduit la lumière à une lumière faible dans un rayon de 5 pieds.',2,0,1,1,5,1,'2016-09-15 09:30:29','2016-09-15 09:30:29');
INSERT INTO equipment (id, type, name, description, weight, isMagical, isPurchasable, isSellable, basePrice, version, created, updated) VALUES (112,'GEAR','Lanterne sourde','Une lanterne sourde projette une lumière vive dans un cône de 60 pieds et une lumière faible sur 60 pieds supplémentaires. Une fois allumée, elle brûle pendant 6 heures tout en consommant une flasque d''huile (50 cl).',2,0,1,1,10,1,'2016-09-15 09:31:22','2016-09-15 09:31:22');
INSERT INTO equipment (id, type, name, description, weight, isMagical, isPurchasable, isSellable, basePrice, version, created, updated) VALUES (113,'GEAR','Livre','Un livre peut contenir de la poésie, des récits historiques, des informations relatives à un domaine particulier de connaissance, des diagrammes et des notes sur une invention gnome, ou n''importe quoi d''autre qui peut être représenté en utilisant du texte ou des images.',5,0,1,1,25,1,'2016-09-15 09:32:10','2016-09-15 09:32:10');
INSERT INTO equipment (id, type, name, description, weight, isMagical, isPurchasable, isSellable, basePrice, version, created, updated) VALUES (114,'GEAR','Longue-vue','Les objets vus à travers une longue-vue sont amplifiés de deux fois leur taille.',1,0,1,1,1000,1,'2016-09-15 09:32:55','2016-09-15 09:32:55');
INSERT INTO equipment (id, type, name, description, weight, isMagical, isPurchasable, isSellable, basePrice, version, created, updated) VALUES (115,'GEAR','Loupe','Ce verre permet un examen plus minutieux des petits objets. Il est également utile comme substitut au silex pour allumer un feu. Allumer un feu avec une loupe nécessite une lumière aussi vive que celle du soleil pour faire prendre l''amadou, et environ 5 minutes pour que le feu prenne. Une loupe donne l''avantage aux jets de caractéristique pour évaluer ou inspecter un objet de petite taille ou très détaillé.',0.1,0,1,1,100,1,'2016-09-15 09:33:33','2016-09-15 09:33:33');
INSERT INTO equipment (id, type, name, description, weight, isMagical, isPurchasable, isSellable, basePrice, version, created, updated) VALUES (117,'GEAR','Marteau de charpentier','Un simple marteau en bois.',3,0,1,1,1,1,'2016-09-15 09:35:20','2016-09-15 09:35:20');
INSERT INTO equipment (id, type, name, description, weight, isMagical, isPurchasable, isSellable, basePrice, version, created, updated) VALUES (118,'GEAR','Marteau de forgeron','Un marteau de forgeron en métal très dur.',10,0,1,1,2,1,'2016-09-15 09:36:17','2016-09-15 09:36:17');
INSERT INTO equipment (id, type, name, description, weight, isMagical, isPurchasable, isSellable, basePrice, version, created, updated) VALUES (119,'GEAR','Matériel d''escalade','Ce kit comprend des pitons spéciaux, des pointes pour les chaussures, des gants et un harnais. Vous pouvez utiliser le matériel d''escalade pour vous accrocher au prix d''une action ; une fois fait, vous ne pouvez pas tomber de plus de 25 pieds de l''endroit où vous êtes ancré, et ne pouvez pas monter de plus de 25 pieds de ce point sans devoir défaire l''ancrage.',12,0,1,1,25,1,'2016-09-15 09:37:32','2016-09-15 09:37:32');
INSERT INTO equipment (id, type, name, description, weight, isMagical, isPurchasable, isSellable, basePrice, version, created, updated) VALUES (120,'GEAR','Matériel de pêche','Ce kit comprend une tige en bois, une ligne de soie, des flotteurs en liège, des hameçons en acier, des plombs, des leurres en velours et un petit filet.',4,0,1,1,1,1,'2016-09-15 09:38:04','2016-09-15 09:38:04');
INSERT INTO equipment (id, type, name, description, weight, isMagical, isPurchasable, isSellable, basePrice, version, created, updated) VALUES (121,'GEAR','Matériel de marchand','Cela comprend une petite balance, des plateaux et un assortiment de poids approprié jusqu''à 2 lbs. Avec, vous pouvez mesurer le poids exact de petits objets, tels que des métaux précieux ou des biens commerciaux, pour aider à déterminer leur valeur.',3,0,1,1,5,1,'2016-09-15 09:40:00','2016-09-15 09:40:00');
INSERT INTO equipment (id, type, name, description, weight, isMagical, isPurchasable, isSellable, basePrice, version, created, updated) VALUES (122,'GEAR','Menottes','Ces menottes métalliques servent pour une créature de taille Petite ou Moyenne. Se libérer des menottes nécessite un jet de Dextérité DD 20 réussi. Briser les menottes nécessite un jet de Force DD 20 réussi. Chaque paire de menottes est livrée avec une clé. Sans la clé, une créature qui maîtrise les outils de voleur peut ouvrir les menottes en réussissant un jet de Dextérité DD 15. Les menottes ont 15 points de vie.',6,0,1,1,2,1,'2016-09-15 10:00:32','2016-09-15 10:00:32');
INSERT INTO equipment (id, type, name, description, weight, isMagical, isPurchasable, isSellable, basePrice, version, created, updated) VALUES (123,'GEAR','Palan','Ensemble de poulies avec un câble et un crochet pour attacher des objets, un palan permet de hisser jusqu''à quatre fois le poids que vous pouvez normalement soulever.',5,0,1,1,1,1,'2016-09-15 10:01:17','2016-09-15 10:01:17');
INSERT INTO equipment (id, type, name, description, weight, isMagical, isPurchasable, isSellable, basePrice, version, created, updated) VALUES (124,'GEAR','Pied-de-biche','Un pied de biche octroie un avantage aux jets de Force lorsque le levier du pied de biche peut être utilisé.',1,0,1,1,1,1,'2016-09-15 10:02:12','2016-09-15 10:02:12');
INSERT INTO equipment (id, type, name, description, weight, isMagical, isPurchasable, isSellable, basePrice, version, created, updated) VALUES (125,'GEAR','Papier','Une feuille de papier vierge.',0,0,1,1,1,1,'2016-09-15 10:02:43','2016-09-15 10:02:43');
INSERT INTO equipment (id, type, name, description, weight, isMagical, isPurchasable, isSellable, basePrice, version, created, updated) VALUES (126,'GEAR','Parchemin','Une feuille de parchemin vierge.',0,0,1,1,1,1,'2016-09-15 10:03:14','2016-09-15 10:03:14');
INSERT INTO equipment (id, type, name, description, weight, isMagical, isPurchasable, isSellable, basePrice, version, created, updated) VALUES (127,'GEAR','Pelle','Une pelle avec un manche en bois et le bout pour creuser en fer.',5,0,1,1,2,1,'2016-09-15 10:04:32','2016-09-15 10:04:32');
INSERT INTO equipment (id, type, name, description, weight, isMagical, isPurchasable, isSellable, basePrice, version, created, updated) VALUES (128,'GEAR','Piège de chasse','Lorsque vous utilisez votre action pour l''installer, ce piège forme un anneau d''acier en dents de scie qui se referme lorsqu''une créature marche sur la plaque de pression située au centre. Le piège est fixé par une lourde chaîne à un objet immobile, comme un arbre ou un pic enfoncé dans le sol. Une créature qui marche sur la plaque doit réussir un jet de sauvegarde de Dextérité DD 13 ou prendre 1d4 points de dégâts perforants et devoir s''arrêter de bouger. Par la suite, tant que la créature ne s''échappe pas du piège, son mouvement est limité par la longueur de la chaîne (généralement un mètre de long). Une créature peut utiliser son action pour faire un jet de Force DD 13 pour se libérer ou libérer une autre créature à sa portée en cas de succès. Chaque échec inflige 1 point de dégât perforant à la créature piégée.',25,0,1,1,5,1,'2016-09-15 10:05:32','2016-09-15 10:05:32');
INSERT INTO equipment (id, type, name, description, weight, isMagical, isPurchasable, isSellable, basePrice, version, created, updated) VALUES (129,'GEAR','Plume d''écriture','Une plume pour écrire.',0,0,1,1,1,1,'2016-09-15 10:06:10','2016-09-15 10:06:10');
INSERT INTO equipment (id, type, name, description, weight, isMagical, isPurchasable, isSellable, basePrice, version, created, updated) VALUES (130,'GEAR','Fiole de poison','Vous pouvez utiliser le poison de cette fiole pour couvrir une arme tranchante ou perforante, ou jusqu''à trois munitions. Appliquer le poison prend une action. Une créature touchée par une arme ou une munition empoisonnée doit réussir un jet de sauvegarde de Constitution DD 10 ou prendre 1d4 points de dégâts de poison. Une fois appliqué, le poison conserve son activité 1 minute avant de sécher.',0.1,0,1,1,1,1,'2016-09-15 10:06:57','2016-09-15 10:06:57');
INSERT INTO equipment (id, type, name, description, weight, isMagical, isPurchasable, isSellable, basePrice, version, created, updated) VALUES (131,'GEAR','Potion de soins','Un personnage qui boit le liquide magique rouge de ce flacon reprend 2d4 + 2 points de vie. Boire ou administrer une potion prend une action.',0.2,0,1,1,50,1,'2016-09-15 10:07:39','2016-09-15 10:07:39');
INSERT INTO equipment (id, type, name, description, weight, isMagical, isPurchasable, isSellable, basePrice, version, created, updated) VALUES (132,'GEAR','Sablier','Sablier qui permet de calculer 10 minutes de temps.',1,0,1,1,25,1,'2016-09-15 10:08:32','2016-09-15 10:08:32');
INSERT INTO equipment (id, type, name, description, weight, isMagical, isPurchasable, isSellable, basePrice, version, created, updated) VALUES (133,'GEAR','Sacoche à composantes','Une sacoche à composantes est une petite bourse étanche en cuir qui possède des compartiments pour contenir toutes les composantes matérielles et autres éléments spéciaux dont vous avez besoin pour lancer vos sorts.',2,0,1,1,25,1,'2016-09-15 10:09:49','2016-09-15 10:09:49');
INSERT INTO equipment (id, type, name, description, weight, isMagical, isPurchasable, isSellable, basePrice, version, created, updated) VALUES (134,'GEAR','Tente','Abri de toile simple et portable, une tente peut accueillir deux personnes.',20,0,1,1,2,1,'2016-09-15 10:10:50','2016-09-15 10:10:50');
INSERT INTO equipment (id, type, name, description, weight, isMagical, isPurchasable, isSellable, basePrice, version, created, updated) VALUES (135,'GEAR','Torche','Une torche brûle pendant 1 heure, projetant une lumière vive dans un rayon de 20 pieds et une lumière faible sur 20 pieds supplémentaires. Si vous effectuez une attaque au corps à corps avec une torche enflammée et touchez, vous infligez 1 point de dégât de feu.',1,0,1,1,1,1,'2016-09-15 10:11:28','2016-09-15 10:11:28');
INSERT INTO equipment (id, type, name, description, weight, isMagical, isPurchasable, isSellable, basePrice, version, created, updated) VALUES (136,'GEAR','Trousse de soins','Ce kit est un étui en cuir qui contient des bandages, des pommades et des attelles. Le kit permet dix utilisations. Au prix d''une action, vous pouvez dépenser une utilisation du kit pour stabiliser une créature qui a 0 pv sans avoir à réaliser un jet de Sagesse (Soin).',3,0,1,1,5,1,'2016-09-15 10:12:18','2016-09-15 10:12:18');
INSERT INTO equipment (id, type, name, description, weight, isMagical, isPurchasable, isSellable, basePrice, version, created, updated) VALUES (137,'GEAR','Vêtements communs','Des vêtements communs comportant une chemise simple et un pantalon.',3,0,1,1,1,1,'2016-09-15 10:14:49','2016-09-15 10:14:49');
INSERT INTO equipment (id, type, name, description, weight, isMagical, isPurchasable, isSellable, basePrice, version, created, updated) VALUES (138,'GEAR','Vêtements, costume','Costume élégant',4,0,1,1,5,1,'2016-09-15 10:15:58','2016-09-15 10:15:58');
INSERT INTO equipment (id, type, name, description, weight, isMagical, isPurchasable, isSellable, basePrice, version, created, updated) VALUES (139,'GEAR','Vêtements fins','Vêtements de lin ou de soie',6,0,1,1,15,1,'2016-09-15 10:16:30','2016-09-15 10:16:30');
INSERT INTO equipment (id, type, name, description, weight, isMagical, isPurchasable, isSellable, basePrice, version, created, updated) VALUES (140,'GEAR','Vêtements de voyageur','Vêtements chauds et pratiques pour le voyage.',4,0,1,1,2,1,'2016-09-15 10:17:35','2016-09-15 10:17:35');
INSERT INTO equipment (id, type, name, description, weight, isMagical, isPurchasable, isSellable, basePrice, version, created, updated) VALUES (141,'AMMUNITION','Flèches (20)','Des flèches pour l''arc court et long.',1,0,1,0,1,2,'2016-09-15 10:18:54','2016-09-15 10:19:03');
INSERT INTO equipment (id, type, name, description, weight, isMagical, isPurchasable, isSellable, basePrice, version, created, updated) VALUES (142,'AMMUNITION','Aiguilles de sarbacane (50)','Des aiguilles servant de munition pour la sarbacane.',1,0,1,0,1,1,'2016-09-15 10:19:57','2016-09-15 10:19:57');
INSERT INTO equipment (id, type, name, description, weight, isMagical, isPurchasable, isSellable, basePrice, version, created, updated) VALUES (143,'AMMUNITION','Carreaux d''arbalète (20)','Des carreaux servant à l''arbalète de poing, légère ou lourde.',1.5,0,1,0,1,2,'2016-09-15 10:20:57','2016-09-15 10:21:45');
INSERT INTO equipment (id, type, name, description, weight, isMagical, isPurchasable, isSellable, basePrice, version, created, updated) VALUES (144,'AMMUNITION','Billes de fronde (20)','Des billes servant de munition à la fronde.',1.5,0,1,0,1,1,'2016-09-15 10:21:37','2016-09-15 10:21:37');
INSERT INTO equipment (id, type, name, description, weight, isMagical, isPurchasable, isSellable, basePrice, version, created, updated) VALUES (145,'FOCUS','Baguette d''if','Un druide peut utiliser une baguette d''if comme focaliseur pour ses sorts.',1,0,1,1,10,1,'2016-09-15 10:59:17','2016-09-15 10:59:17');
INSERT INTO equipment (id, type, name, description, weight, isMagical, isPurchasable, isSellable, basePrice, version, created, updated) VALUES (146,'FOCUS','Bâton en bois','Un druide ou un mage peut utiliser un bâton comme focaliseur pour ses sorts.',4,0,1,1,5,1,'2016-09-15 11:01:09','2016-09-15 11:01:09');
INSERT INTO equipment (id, type, name, description, weight, isMagical, isPurchasable, isSellable, basePrice, version, created, updated) VALUES (147,'FOCUS','Branche de gui','Un druide peut utiliser une branche de gui comme focaliseur pour ses sorts.',0.1,0,1,0,1,1,'2016-09-15 11:02:05','2016-09-15 11:02:05');
INSERT INTO equipment (id, type, name, description, weight, isMagical, isPurchasable, isSellable, basePrice, version, created, updated) VALUES (148,'FOCUS','Totem','Un druide peut utiliser un totem comme focaliseur pour ses sorts.',0.1,0,1,0,1,1,'2016-09-15 11:02:31','2016-09-15 11:02:31');
INSERT INTO equipment (id, type, name, description, weight, isMagical, isPurchasable, isSellable, basePrice, version, created, updated) VALUES (149,'FOCUS','Baguette','Un mage peut utiliser une baguette comme focaliseur pour ses sorts.',1,0,1,1,10,1,'2016-09-15 11:03:17','2016-09-15 11:03:17');
INSERT INTO equipment (id, type, name, description, weight, isMagical, isPurchasable, isSellable, basePrice, version, created, updated) VALUES (150,'FOCUS','Boule de cristal','Un mage peut utiliser une boule de cristal comme focaliseur pour ses sorts.',1,0,1,1,10,1,'2016-09-15 11:04:12','2016-09-15 11:04:12');
INSERT INTO equipment (id, type, name, description, weight, isMagical, isPurchasable, isSellable, basePrice, version, created, updated) VALUES (151,'FOCUS','Orbe','Un mage peut utiliser une orbe comme focaliseur pour ses sorts.',3,0,1,1,20,1,'2016-09-15 11:04:40','2016-09-15 11:04:40');
INSERT INTO equipment (id, type, name, description, weight, isMagical, isPurchasable, isSellable, basePrice, version, created, updated) VALUES (152,'FOCUS','Sceptre','Un mage peut utiliser un sceptre comme focaliseur pour ses sorts.',2,0,1,1,10,1,'2016-09-15 11:05:20','2016-09-15 11:05:20');
INSERT INTO equipment (id, type, name, description, weight, isMagical, isPurchasable, isSellable, basePrice, version, created, updated) VALUES (153,'FOCUS','Emblème','Un clerc peut utiliser un emblème comme focaliseur pour ses sorts.',0.1,0,1,0,5,1,'2016-09-15 11:06:14','2016-09-15 11:06:14');
INSERT INTO equipment (id, type, name, description, weight, isMagical, isPurchasable, isSellable, basePrice, version, created, updated) VALUES (154,'FOCUS','Relique','Un clerc peut utiliser une relique comme focaliseur pour ses sorts.',2,0,1,1,5,1,'2016-09-15 11:06:53','2016-09-15 11:06:53');
INSERT INTO equipment (id, type, name, description, weight, isMagical, isPurchasable, isSellable, basePrice, version, created, updated) VALUES (155,'FOCUS','Amulette sacré','Un clerc peut utiliser une amulette sacré comme focaliseur pour ses sorts.',1,0,1,1,5,1,'2016-09-15 11:07:41','2016-09-15 11:07:41');


/* Tool */
INSERT INTO tool (id, toolType) VALUES (1,'MUSICAL');
INSERT INTO tool (id, toolType) VALUES (2,'MUSICAL');
INSERT INTO tool (id, toolType) VALUES (3,'MUSICAL');
INSERT INTO tool (id, toolType) VALUES (4,'MUSICAL');
INSERT INTO tool (id, toolType) VALUES (5,'MUSICAL');
INSERT INTO tool (id, toolType) VALUES (6,'MUSICAL');
INSERT INTO tool (id, toolType) VALUES (7,'MUSICAL');
INSERT INTO tool (id, toolType) VALUES (8,'MUSICAL');
INSERT INTO tool (id, toolType) VALUES (9,'MUSICAL');
INSERT INTO tool (id, toolType) VALUES (10,'GAMING');
INSERT INTO tool (id, toolType) VALUES (11,'GAMING');
INSERT INTO tool (id, toolType) VALUES (12,'GAMING');
INSERT INTO tool (id, toolType) VALUES (13,'POISONER');
INSERT INTO tool (id, toolType) VALUES (14,'HERBALISM');
INSERT INTO tool (id, toolType) VALUES (15,'FORGERY');
INSERT INTO tool (id, toolType) VALUES (16,'DISGUISE');
INSERT INTO tool (id, toolType) VALUES (17,'NAVIGATOR');
INSERT INTO tool (id, toolType) VALUES (18,'THIEVE');
INSERT INTO tool (id, toolType) VALUES (19,'ARTISAN');
INSERT INTO tool (id, toolType) VALUES (20,'ARTISAN');
INSERT INTO tool (id, toolType) VALUES (21,'ARTISAN');
INSERT INTO tool (id, toolType) VALUES (22,'ARTISAN');
INSERT INTO tool (id, toolType) VALUES (23,'ARTISAN');
INSERT INTO tool (id, toolType) VALUES (24,'ARTISAN');
INSERT INTO tool (id, toolType) VALUES (25,'ARTISAN');
INSERT INTO tool (id, toolType) VALUES (26,'ARTISAN');
INSERT INTO tool (id, toolType) VALUES (27,'ARTISAN');
INSERT INTO tool (id, toolType) VALUES (28,'ARTISAN');
INSERT INTO tool (id, toolType) VALUES (29,'ARTISAN');
INSERT INTO tool (id, toolType) VALUES (30,'ARTISAN');
INSERT INTO tool (id, toolType) VALUES (31,'ARTISAN');
INSERT INTO tool (id, toolType) VALUES (32,'ARTISAN');
INSERT INTO tool (id, toolType) VALUES (33,'ARTISAN');
INSERT INTO tool (id, toolType) VALUES (34,'ARTISAN');
INSERT INTO tool (id, toolType) VALUES (35,'ARTISAN');

/* Armor */
INSERT INTO armor (id, armorClass, magicalAcBonus, armorTypeId) VALUES (36,1,NULL,1);
INSERT INTO armor (id, armorClass, magicalAcBonus, armorTypeId) VALUES (37,1,NULL,2);
INSERT INTO armor (id, armorClass, magicalAcBonus, armorTypeId) VALUES (38,2,NULL,3);
INSERT INTO armor (id, armorClass, magicalAcBonus, armorTypeId) VALUES (39,2,NULL,4);
INSERT INTO armor (id, armorClass, magicalAcBonus, armorTypeId) VALUES (40,3,NULL,5);
INSERT INTO armor (id, armorClass, magicalAcBonus, armorTypeId) VALUES (41,4,NULL,6);
INSERT INTO armor (id, armorClass, magicalAcBonus, armorTypeId) VALUES (42,4,NULL,7);
INSERT INTO armor (id, armorClass, magicalAcBonus, armorTypeId) VALUES (43,5,NULL,8);
INSERT INTO armor (id, armorClass, magicalAcBonus, armorTypeId) VALUES (44,4,NULL,9);
INSERT INTO armor (id, armorClass, magicalAcBonus, armorTypeId) VALUES (45,6,NULL,10);
INSERT INTO armor (id, armorClass, magicalAcBonus, armorTypeId) VALUES (46,7,NULL,11);
INSERT INTO armor (id, armorClass, magicalAcBonus, armorTypeId) VALUES (47,8,NULL,12);

/* Weapon */
INSERT INTO weapon (id, additionalDamage, magicalBonus, oneHandDamage, twoHandDamage, additionalDamageTypeId, weaponTypeId) VALUES (48,NULL,NULL,'1d4',NULL,NULL,1);
INSERT INTO weapon (id, additionalDamage, magicalBonus, oneHandDamage, twoHandDamage, additionalDamageTypeId, weaponTypeId) VALUES (49,NULL,NULL,'1d4',NULL,NULL,2);
INSERT INTO weapon (id, additionalDamage, magicalBonus, oneHandDamage, twoHandDamage, additionalDamageTypeId, weaponTypeId) VALUES (50,NULL,NULL,NULL,'1d8',NULL,3);
INSERT INTO weapon (id, additionalDamage, magicalBonus, oneHandDamage, twoHandDamage, additionalDamageTypeId, weaponTypeId) VALUES (51,NULL,NULL,'1d6',NULL,NULL,4);
INSERT INTO weapon (id, additionalDamage, magicalBonus, oneHandDamage, twoHandDamage, additionalDamageTypeId, weaponTypeId) VALUES (52,NULL,NULL,'1d6',NULL,NULL,5);
INSERT INTO weapon (id, additionalDamage, magicalBonus, oneHandDamage, twoHandDamage, additionalDamageTypeId, weaponTypeId) VALUES (53,NULL,NULL,'1d4',NULL,NULL,6);
INSERT INTO weapon (id, additionalDamage, magicalBonus, oneHandDamage, twoHandDamage, additionalDamageTypeId, weaponTypeId) VALUES (54,NULL,NULL,'1d6',NULL,NULL,7);
INSERT INTO weapon (id, additionalDamage, magicalBonus, oneHandDamage, twoHandDamage, additionalDamageTypeId, weaponTypeId) VALUES (55,NULL,NULL,'1d6','1d8',NULL,8);
INSERT INTO weapon (id, additionalDamage, magicalBonus, oneHandDamage, twoHandDamage, additionalDamageTypeId, weaponTypeId) VALUES (56,NULL,NULL,'1d4',NULL,NULL,9);
INSERT INTO weapon (id, additionalDamage, magicalBonus, oneHandDamage, twoHandDamage, additionalDamageTypeId, weaponTypeId) VALUES (57,NULL,NULL,NULL,'1d8',NULL,10);
INSERT INTO weapon (id, additionalDamage, magicalBonus, oneHandDamage, twoHandDamage, additionalDamageTypeId, weaponTypeId) VALUES (58,NULL,NULL,'1d4',NULL,NULL,11);
INSERT INTO weapon (id, additionalDamage, magicalBonus, oneHandDamage, twoHandDamage, additionalDamageTypeId, weaponTypeId) VALUES (59,NULL,NULL,NULL,'1d6',NULL,12);
INSERT INTO weapon (id, additionalDamage, magicalBonus, oneHandDamage, twoHandDamage, additionalDamageTypeId, weaponTypeId) VALUES (60,NULL,NULL,'1d4',NULL,NULL,13);
INSERT INTO weapon (id, additionalDamage, magicalBonus, oneHandDamage, twoHandDamage, additionalDamageTypeId, weaponTypeId) VALUES (61,NULL,NULL,'1d8','1d10',NULL,14);
INSERT INTO weapon (id, additionalDamage, magicalBonus, oneHandDamage, twoHandDamage, additionalDamageTypeId, weaponTypeId) VALUES (62,NULL,NULL,'1d8',NULL,NULL,15);
INSERT INTO weapon (id, additionalDamage, magicalBonus, oneHandDamage, twoHandDamage, additionalDamageTypeId, weaponTypeId) VALUES (63,NULL,NULL,NULL,'1d12',NULL,17);
INSERT INTO weapon (id, additionalDamage, magicalBonus, oneHandDamage, twoHandDamage, additionalDamageTypeId, weaponTypeId) VALUES (64,NULL,NULL,NULL,'2d6',NULL,18);
INSERT INTO weapon (id, additionalDamage, magicalBonus, oneHandDamage, twoHandDamage, additionalDamageTypeId, weaponTypeId) VALUES (65,NULL,NULL,NULL,'1d10',NULL,19);
INSERT INTO weapon (id, additionalDamage, magicalBonus, oneHandDamage, twoHandDamage, additionalDamageTypeId, weaponTypeId) VALUES (66,NULL,NULL,'1d6','1d8',NULL,20);
INSERT INTO weapon (id, additionalDamage, magicalBonus, oneHandDamage, twoHandDamage, additionalDamageTypeId, weaponTypeId) VALUES (67,NULL,NULL,'1d8','1d10',NULL,21);
INSERT INTO weapon (id, additionalDamage, magicalBonus, oneHandDamage, twoHandDamage, additionalDamageTypeId, weaponTypeId) VALUES (68,NULL,NULL,NULL,'2d6',NULL,22);
INSERT INTO weapon (id, additionalDamage, magicalBonus, oneHandDamage, twoHandDamage, additionalDamageTypeId, weaponTypeId) VALUES (69,NULL,NULL,'1d8',NULL,NULL,23);
INSERT INTO weapon (id, additionalDamage, magicalBonus, oneHandDamage, twoHandDamage, additionalDamageTypeId, weaponTypeId) VALUES (70,NULL,NULL,NULL,'1d10',NULL,24);
INSERT INTO weapon (id, additionalDamage, magicalBonus, oneHandDamage, twoHandDamage, additionalDamageTypeId, weaponTypeId) VALUES (71,NULL,NULL,'1d8',NULL,NULL,25);
INSERT INTO weapon (id, additionalDamage, magicalBonus, oneHandDamage, twoHandDamage, additionalDamageTypeId, weaponTypeId) VALUES (72,NULL,NULL,'1d6',NULL,NULL,26);
INSERT INTO weapon (id, additionalDamage, magicalBonus, oneHandDamage, twoHandDamage, additionalDamageTypeId, weaponTypeId) VALUES (73,NULL,NULL,'1d6',NULL,NULL,27);
INSERT INTO weapon (id, additionalDamage, magicalBonus, oneHandDamage, twoHandDamage, additionalDamageTypeId, weaponTypeId) VALUES (74,NULL,NULL,'1d6','1d8',NULL,28);
INSERT INTO weapon (id, additionalDamage, magicalBonus, oneHandDamage, twoHandDamage, additionalDamageTypeId, weaponTypeId) VALUES (75,NULL,NULL,'1d8','1d10',NULL,29);
INSERT INTO weapon (id, additionalDamage, magicalBonus, oneHandDamage, twoHandDamage, additionalDamageTypeId, weaponTypeId) VALUES (76,NULL,NULL,'1d4',NULL,NULL,30);
INSERT INTO weapon (id, additionalDamage, magicalBonus, oneHandDamage, twoHandDamage, additionalDamageTypeId, weaponTypeId) VALUES (77,NULL,NULL,'1d1',NULL,NULL,31);
INSERT INTO weapon (id, additionalDamage, magicalBonus, oneHandDamage, twoHandDamage, additionalDamageTypeId, weaponTypeId) VALUES (78,NULL,NULL,'1d6',NULL,NULL,32);
INSERT INTO weapon (id, additionalDamage, magicalBonus, oneHandDamage, twoHandDamage, additionalDamageTypeId, weaponTypeId) VALUES (79,NULL,NULL,NULL,'1d10',NULL,33);
INSERT INTO weapon (id, additionalDamage, magicalBonus, oneHandDamage, twoHandDamage, additionalDamageTypeId, weaponTypeId) VALUES (80,NULL,NULL,NULL,'1d8',NULL,34);