/* User */
insert into user(id, username, password, name, email, status, role, version, created, updated) values (1, 'admin', '21232f297a57a5a743894a0e4a801fc3', 'JC Fortier', 'fortier.jc@gmail.com', 1, 0, 1, now(), now());

/* Ability */
INSERT INTO ability (id, name, description, abbreviation, version, created, updated) VALUES (1,'Force','Mesure le pouvoir physique.\n\nUn jet de Force peut modéliser toute tentative de soulever, pousser, tirer ou casser quelque chose, de faire passer votre corps à travers un espace, ou bien d''appliquer la force brute à une situation. La compétence Athlétisme reflète une aptitude à certains types de jets de Force.\n\nVous ajoutez votre modificateur de Force à votre jet d''attaque et de dégâts lors d''une attaque avec une arme de corps à corps comme une masse, une hache ou un javelot. Les armes de corps à corps sont utilisées pour faire des attaques de corps à corps, et certaines d''entre elles peuvent être jetées pour effectuer une attaque à distance.\n\nVotre Force détermine le poids que vous pouvez porter. Les termes suivants définissent ce que vous pouvez soulever ou transporter.\n\nCapacité de charge. Votre capacité de charge est votre valeur de Force multipliée par 15. C''est le poids (en livres) que vous pouvez porter, ce qui est suffisamment élevé pour que la plupart des personnages n''aient généralement pas à s''inquiéter à ce sujet.\n\nPousser, Tirer, Soulever. Vous pouvez pousser, tirer ou soulever un poids en livres jusqu''à deux fois votre capacité de charge (ou 30 fois votre valeur de Force). Pousser ou tirer un poids au-delà de votre capacité de charge fait passer votre vitesse à 5 pieds.','For',2,now(),now());
INSERT INTO ability (id, name, description, abbreviation, version, created, updated) VALUES (2,'Dextérité','Mesure l''agilité, les réflexes et l''équilibre.\n\nUn jet de Dextérité peut modéliser toute tentative de se déplacer rapidement ou tranquillement, ou pour éviter de tomber dans un piège. Les compétences Acrobaties, Escamotage et Discrétion reflètent une aptitude à certains types de jets de Dextérité.\n\nLe MD peut également demander un jet de Dextérité lorsque vous essayez de réaliser l''une des tâches suivantes :\n• Contrôler un chariot lourdement chargé sur une pente raide\n• Manœuvrer un chariot dans un virage serré\n• Crocheter une serrure\n• Désarmer un piège\n• Ligoter un prisonnier\n• Détacher ses liens\n• Jouer d''un instrument\n• Fabriquer un petit objet ou un objet avec de petits détails\n\nVous ajoutez votre modificateur de Dextérité à votre jet d''attaque et de dégâts lors d''une attaque avec une arme à distance, comme une fronde ou un arc. Vous pouvez également ajouter votre modificateur de Dextérité à votre jet d''attaque et de dégâts lors d''une attaque avec une arme de corps à corps qui a la propriété finesse, comme une dague ou une rapière.\n\nSelon l''armure que vous portez, vous pouvez ajouter tout ou partie de votre modificateur de Dextérité à votre classe d''armure.\n\nAu début de chaque combat, vous jetez l''initiative en faisant un jet de Dextérité. L''initiative détermine l''ordre des tours des créatures en combat.','Dex',2,now(),now());
INSERT INTO ability (id, name, description, abbreviation, version, created, updated) VALUES (3,'Constitution','Mesure la santé, l''endurance et la force vitale.\n\nLes jets de Constitution sont rares, et aucune compétence n''applique à un jet de Constitution, car l''endurance que cette caractéristique représente est généralement passive et n''implique pas un effort particulier de la part d''un personnage ou monstre. Un jet de Constitution peut toutefois modéliser votre tentative d''aller au-delà de vos limites normales.\n\nLe MD peut demander un jet de Constitution lorsque vous essayez d''accomplir des tâches comme : \n• Retenir votre souffle \n• Marcher ou travailler pendant des heures sans repos \n• Ne pas dormir\n• Survivre sans eau ni nourriture \n• Boire une chope de bière d''un trait\n\nPoint de vie\nVotre modificateur de Constitution contribue à vos points de vie. En général, vous ajoutez votre modificateur de Constitution à chaque Dé de vie jeté pour déterminer les points de vie.\n\nSi votre modificateur de Constitution change, vos points de vie maximums changent aussi, comme si vous aviez le nouveau modificateur dès le niveau 1. Par exemple, si vous augmentez votre valeur de Constitution lorsque vous atteignez le niveau 4 et que votre modificateur de Constitution passe de +1 à +2, vous ajustez vos points de vie maximums comme si le modificateur avait toujours été +2. Vous ajoutez donc 3 points de vie pour vos trois premiers niveaux, puis jetez le dé pour vos points de vie du niveau 4 en utilisant votre nouveau modificateur. Ou bien, si vous êtes de niveau 7 et qu''un effet réduit votre valeur de Constitution avec comme conséquence de réduire votre modificateur de Constitution de 1, vos points de vie maximums sont réduits de 7.','Con',2,now(),now());
INSERT INTO ability (id, name, description, abbreviation, version, created, updated) VALUES (4,'Intelligence','Mesure l''acuité mentale, la précision de la mémoire et la capacité à raisonner.\n\nUn jet d''Intelligence est nécessaire lorsque vous avez besoin de vous appuyer sur la logique, l''éducation, la mémoire, le raisonnement ou la déduction. Les compétences Arcanes, Histoire, Investigation, Nature, et Religion reflètent une aptitude à certains types de jets d''Intelligence.\n\nLe MD peut également demander un jet d''Intelligence lorsque vous essayez de réaliser l''une des tâches suivantes :\n• Communiquer avec une créature sans utiliser de mots \n• Estimer la valeur d''un objet précieux \n• Se déguiser pour tromper un garde de la ville \n• Falsifier un document \n• Connaître quelque chose à propos d''un métier ou d''un commerce \n• Gagner à un jeu de compétences\n\nCapacité de lancer de sorts\nLes magiciens utilisent l''Intelligence comme caractéristique pour lancer des sorts, ce qui permet de déterminer le degré de difficulté des jets de sauvegarde des sorts qu''ils lancent.','Int',2,now(),now());
INSERT INTO ability (id, name, description, abbreviation, version, created, updated) VALUES (5,'Sagesse','Reflète la façon dont vous êtes à l''écoute du monde autour de vous, ainsi que la perspicacité et l''intuition.\n\nUn jet de Sagesse peut refléter l''effort pour lire le langage du corps, comprendre les sentiments de quelqu''un, noter quelque chose dans l''environnement ou soigner une personne blessée. Les compétences Dressage, Intuition, Soin, Perception et Survie reflètent une aptitude à certains types de jets de Sagesse.\n\nLe MD peut également demander un jet de Sagesse lorsque vous essayez de réaliser l''une des tâches suivantes :\n• Avoir un pressentiment sur le plan d''action à suivre\n• Discerner si une créature apparemment morte ou vivante est un mort-vivant\n\nCapacité de lancer de sorts\nLes prêtres utilisent la Sagesse comme caractéristique pour lancer des sorts, ce qui permet de déterminer le degré de difficulté des jets de sauvegarde des sorts qu''ils lancent.','Sag',2,now(),now());
INSERT INTO ability (id, name, description, abbreviation, version, created, updated) VALUES (6,'Charisme','Mesure la force de la personnalité.\n\nUn jet de Charisme peut être nécessaire lorsque vous essayez d''influencer ou de divertir les autres, lorsque vous essayez de faire impression ou de dire un mensonge de manière convaincante, ou lorsque vous êtes au milieu d''une situation sociale difficile. Les compétences de Tromperie, Intimidation, Représentation et Persuasion reflètent une aptitude à certains types de jets de Charisme.\n\nLe MD peut également demander un jet de Charisme lorsque vous essayez de réaliser l''une des tâches suivantes :\n• Trouver la meilleure personne pour obtenir des informations, des rumeurs, des ragots \n• Se fondre dans la foule pour obtenir une idée générale des sujets de conversations\n\nCapacité de lancer de sorts\nLes bardes, paladins, ensorceleurs et sorciers utilisent le Charisme comme caractéristique pour lancer des sorts, ce qui permet de déterminer le degré de difficulté des jets de sauvegarde des sorts qu''ils lancent.','Cha',2,now(),now());

/* Alignment */
INSERT INTO alignment (id, name, abbreviation, playable, shortDescription, description, version, created, updated) VALUES (1,'Loyal Bon','LB',1,'Fait la bonne chose attendue de la société','On peut compter sur ces créatures pour faire le bien dans le sens ou la société l''entend. Les dragons d''or, les paladins et la plupart des nains sont d''alignement loyal bon.',2,now(),now());
INSERT INTO alignment (id, name, abbreviation, playable, shortDescription, description, version, created, updated) VALUES (2,'Neutre Bon','NB',1,'Fait de son mieux pour aider les autres selon ses besoins','Ces personnes font du mieux qu''elles peuvent pour aider les autres, en fonction de leurs besoins toutefois. Beaucoup des créatures célestes, certains géants des nuages et la plupart des gnomes sont neutre bon.',2,now(),now());
INSERT INTO alignment (id, name, abbreviation, playable, shortDescription, description, version, created, updated) VALUES (3,'Chaotique Bon','CB',1,'Agit selon sa conscience sans tenir compte des autres','Ces créatures agissent selon leur conscience, et ont peu d''égard pour ce que les autres attendent. Les dragons de cuivre, de nombreux elfes et les licornes sont d''alignement chaotique bon.',2,now(),now());
INSERT INTO alignment (id, name, abbreviation, playable, shortDescription, description, version, created, updated) VALUES (4,'Loyal Neutre','LN',1,'Agit en accord avec la loi, les traditions ou les codes personnels','Ces individus agissent conformément à la loi, aux traditions ou suivants des codes personnels. Beaucoup de moines et quelques magiciens sont d''alignement loyal neutre.',2,now(),now());
INSERT INTO alignment (id, name, abbreviation, playable, shortDescription, description, version, created, updated) VALUES (5,'Neutre strict','N',1,'Fait de son mieux en temps voulu sans prendre parti','Neutre strict est l''alignement de ceux qui préfèrent rester à l''écart des questions morales et ne prennent pas parti, faisant ce qui leur semble le mieux à un moment donné. Les hommes-lézards, la plupart des druides et beaucoup d''humains sont neutres.',2,now(),now());
INSERT INTO alignment (id, name, abbreviation, playable, shortDescription, description, version, created, updated) VALUES (6,'Chaotique Neutre','CN',1,'Agit selon ses caprices et sa liberté personnelle','Ces créatures suivent leurs caprices, pensant à leur liberté personnelle avant tout. Beaucoup de barbares, de roublards et de bardes sont d''alignement chaotique neutre.',2,now(),now());
INSERT INTO alignment (id, name, abbreviation, playable, shortDescription, description, version, created, updated) VALUES (7,'Loyal Mauvais','LM',1,'Prend ce qu''il veut dans les limites de la loi et des traditions','Ces créatures font méthodiquement ce qu''elles veulent, dans les limites d''un code de tradition, de la loyauté ou d''un ordre. Les diables, les dragons bleus et les hobgobelins sont d''alignement loyal mauvais.',2,now(),now());
INSERT INTO alignment (id, name, abbreviation, playable, shortDescription, description, version, created, updated) VALUES (8,'Neutre Mauvais','NM',1,'Fait ce qu''il peut sans compassion ni scrupule','L''alignement de ceux qui font ce qu''ils veulent, sans aucune compassion ni aucun scrupule. Beaucoup d''elfes noirs, certains géants des nuages​, et les yugoloths sont d''alignement neutre mauvais.',2,now(),now());
INSERT INTO alignment (id, name, abbreviation, playable, shortDescription, description, version, created, updated) VALUES (9,'Chaotique Mauvais','CM',1,'Agit avec violence stimulé par l''avidité, la haine et la soif de sang','Ces créatures agissent avec une violence arbitraire, stimulées par la cupidité, la haine ou la soif de sang. Les démons, les dragons rouges et les orques sont d''alignement chaotique mauvais.',2,now(),now());
INSERT INTO alignment (id, name, abbreviation, playable, shortDescription, description, version, created, updated) VALUES (10,'Aucun','A',0,'Sans capacité de raisonnement ou de choix moral','',1,now(),now());

/* DamageType */
insert into damagetype(id, name, description, version, created, updated) values (1, 'Acide', 'Le souffle corrosif d''un dragon noir ou les enzymes disolvantes d''un estomac de troll.', 1, now(), now());
insert into damagetype(id, name, description, version, created, updated) values (2, 'Contandant', 'La force de frappe d''un marteau ou la chute d''une construction.', 1, now(), now());
insert into damagetype(id, name, description, version, created, updated) values (3, 'Feu', 'Le souffle brulant d''un dragon rouge ou les flammes d''un sort.', 1, now(), now());
insert into damagetype(id, name, description, version, created, updated) values (4, 'Froid', 'Le souffle gelé d''un dragon blanc ou la pointe de lance d''un diable des glaces.', 1, now(), now());
insert into damagetype(id, name, description, version, created, updated) values (5, 'Force', 'Pure énergie magique concentré pour faire des dégâts. Plusieurs sorts comme missiles magiques utilisent la force.', 1, now(), now());
insert into damagetype(id, name, description, version, created, updated) values (6, 'Électricité', 'Le souffle électrisant d''un dragon bleu ou un sort d''éclair.', 1, now(), now());
insert into damagetype(id, name, description, version, created, updated) values (7, 'Nécrotique', 'Dommage causé par les morts-vivants et certains sorts de nécromancie.', 1, now(), now());
insert into damagetype(id, name, description, version, created, updated) values (8, 'Perforant', 'Attaque de perforation et empalement incluant les lances et morsures.', 1, now(), now());
insert into damagetype(id, name, description, version, created, updated) values (9, 'Poison', 'Dards venimeux et le souffle toxique d''un dragon noir.', 1, now(), now());
insert into damagetype(id, name, description, version, created, updated) values (10, 'Psychique', 'Abileté mentale comme les flagelleurs mentaux qui utilisent la salve psionique.', 1, now(), now());
insert into damagetype(id, name, description, version, created, updated) values (11, 'Radiant', 'Pouvoir divin comme l''épée d''un ange ou la colonne de flamme d''un clerc.', 1, now(), now());
insert into damagetype(id, name, description, version, created, updated) values (12, 'Tranchant', 'Épées, haches et griffes causent des dommages tranchants.', 1, now(), now());
insert into damagetype(id, name, description, version, created, updated) values (13, 'Tonnerre', 'Éclat violent de son.', 1, now(), now());

/* Level */
insert into level (id, maxExperience, proficiencyBonus, version, created, updated) values (1, 300, 2, 1, now(), now());
insert into level (id, maxExperience, proficiencyBonus, version, created, updated) values (2, 900, 2, 1, now(), now());
insert into level (id, maxExperience, proficiencyBonus, version, created, updated) values (3, 2700, 2, 1, now(), now());
insert into level (id, maxExperience, proficiencyBonus, version, created, updated) values (4, 6500, 2, 1, now(), now());
insert into level (id, maxExperience, proficiencyBonus, version, created, updated) values (5, 14000, 3, 1, now(), now());
insert into level (id, maxExperience, proficiencyBonus, version, created, updated) values (6, 23000, 3, 1, now(), now());
insert into level (id, maxExperience, proficiencyBonus, version, created, updated) values (7, 34000, 3, 1, now(), now());
insert into level (id, maxExperience, proficiencyBonus, version, created, updated) values (8, 48000, 3, 1, now(), now());
insert into level (id, maxExperience, proficiencyBonus, version, created, updated) values (9, 64000, 4, 1, now(), now());
insert into level (id, maxExperience, proficiencyBonus, version, created, updated) values (10, 85000, 4, 1, now(), now());
insert into level (id, maxExperience, proficiencyBonus, version, created, updated) values (11, 100000, 4, 2, now(), now());
insert into level (id, maxExperience, proficiencyBonus, version, created, updated) values (12, 120000, 4, 2, now(), now());
insert into level (id, maxExperience, proficiencyBonus, version, created, updated) values (13, 140000, 5, 2, now(), now());
insert into level (id, maxExperience, proficiencyBonus, version, created, updated) values (14, 165000, 5, 2, now(), now());
insert into level (id, maxExperience, proficiencyBonus, version, created, updated) values (15, 195000, 5, 2, now(), now());
insert into level (id, maxExperience, proficiencyBonus, version, created, updated) values (16, 225000, 5, 2, now(), now());
insert into level (id, maxExperience, proficiencyBonus, version, created, updated) values (17, 265000, 6, 2, now(), now());
insert into level (id, maxExperience, proficiencyBonus, version, created, updated) values (18, 305000, 6, 2, now(), now());
insert into level (id, maxExperience, proficiencyBonus, version, created, updated) values (19, 355000, 6, 2, now(), now());
insert into level (id, maxExperience, proficiencyBonus, version, created, updated) values (20, 999999, 6, 2, now(), now());

/* Language */
INSERT INTO language (id, name, script, playable, version, created, updated) VALUES (1,'Commun','Commun',1,1,'2016-11-28 11:37:38','2016-11-28 11:38:12');
INSERT INTO language (id, name, script, playable, version, created, updated) VALUES (2,'Nain','Nain',1,1,'2016-11-28 11:37:38','2016-11-28 11:38:23');
INSERT INTO language (id, name, script, playable, version, created, updated) VALUES (3,'Elfique','Elfique',1,1,'2016-11-28 11:37:38','2016-11-28 11:38:26');
INSERT INTO language (id, name, script, playable, version, created, updated) VALUES (4,'Géant','Nain',1,1,'2016-11-28 11:37:38','2016-11-28 11:38:29');
INSERT INTO language (id, name, script, playable, version, created, updated) VALUES (5,'Gnome','Nain',1,1,'2016-11-28 11:37:38','2016-11-28 11:38:31');
INSERT INTO language (id, name, script, playable, version, created, updated) VALUES (6,'Gobelin','Nain',1,1,'2016-11-28 11:37:38','2016-11-28 11:38:33');
INSERT INTO language (id, name, script, playable, version, created, updated) VALUES (7,'Halfelin','Commun',1,1,'2016-11-28 11:37:38','2016-11-28 11:38:40');
INSERT INTO language (id, name, script, playable, version, created, updated) VALUES (8,'Orque','Nain',1,1,'2016-11-28 11:37:38','2016-11-28 11:38:43');
INSERT INTO language (id, name, script, playable, version, created, updated) VALUES (9,'Abyssal','Infernal',1,1,'2016-11-28 11:37:38','2016-11-28 11:38:45');
INSERT INTO language (id, name, script, playable, version, created, updated) VALUES (10,'Céleste','Céleste',1,1,'2016-11-28 11:37:38','2016-11-28 11:38:48');
INSERT INTO language (id, name, script, playable, version, created, updated) VALUES (11,'Draconique','Draconique',1,1,'2016-11-28 11:37:38','2016-11-28 11:38:51');
INSERT INTO language (id, name, script, playable, version, created, updated) VALUES (12,'Profondeur','Elfique',1,1,'2016-11-28 11:37:38','2016-11-28 11:37:38');
INSERT INTO language (id, name, script, playable, version, created, updated) VALUES (13,'Infernal','Infernal',1,1,'2016-11-28 11:37:38','2016-11-28 11:38:55');
INSERT INTO language (id, name, script, playable, version, created, updated) VALUES (14,'Primordial','Nain',1,1,'2016-11-28 11:37:38','2016-11-28 11:39:01');
INSERT INTO language (id, name, script, playable, version, created, updated) VALUES (15,'Sylvestre','Elfique',1,1,'2016-11-28 11:37:38','2016-11-28 11:39:03');

INSERT INTO region (id, name, description, version, created, updated) VALUES (1,'Valbise', 'Valbise, la plus septentrionale des terres habitées par des humains, est composée de dix villes et villages peuplés d''anciens nomades, de barbares de la toundra, de rôdeurs, d''artisans, de pêcheurs des glaces, de nains vivant sous la glace et de marchands désirant acheter l''ivoire et les gemmes introuvables au sud. Les rennes, les ours polaires et les yétis y sont plus nombreux que les hommes. Les dragons blancs sont heureusement peu présents mais bien plus dangereux.',1,'2016-09-12 09:04:56','2016-09-12 09:04:56');
INSERT INTO region (id, name, description, version, created, updated) VALUES (2,'Côte des Épées Septentrionale', 'Région de montagnes côtières, de forêts et de villes couronnées de volutes de fumée, la Côte des épées septentrionale est dominée par Eauprofonde à son extrémité sud. L''Alliance des seigneurs, une ligue instable de gouvernants partageant les mêmes opinions, réunit les principales cités et communautés de la vallée du fleuve Dessarin. La Confrérie des arcanes de Luskan et L''Association des krakens s''opposent quant à elles pour le contrôle de la région par la magie, les armes et le commerce.\nCoincée entre Eauprofonde et l''Épine dorsale du monde, la Côte des épées septentrionale s''étend sur près mille kilomètres du nord au sud et de cinq cents kilomètres d''est en ouest. Aux pieds de l''extrémité ouest de l''Épine dorsale du monde se trouve Valbise, la colonie la plus au nord de cette partie de Faerûn, coincée entre la Mer des glaces flottantes et le Glacier Regh. La Longue route qui s''étend d''Eauprofonde à Mirabar délimite la partie orientale de la Côte des épées septentrionale.',1,'2016-09-12 09:11:09','2016-09-12 09:11:09');
INSERT INTO region (id, name, description, version, created, updated) VALUES (3,'Côte des Épées', 'Les terres qui s''étendent le long de la Mer des épées au sud d''Eauprofonde et au nord, à l''embouchure de la rivière Chionthar à la Porte de Baldur sont connues sous le nom de Côte des épées. Ce nom provient de la ressemblance de ces blanches falaises avec des lames éclatantes s''élevant depuis le rivage jusqu''à des hauteurs atteignant huit cents mètres et coupant la mer du reste du territoire sur des centaines de kilomètres de côtes depuis la Porte de Baldur au sud jusqu''au fleuve Dessarin juste en dessous d''Eauprofonde. Le fait que les deux plus importantes cités de la Côte des épées soient situées chacune de part et d''autre de ces hautes falaises n''est pas le fruit du hasard, car ce sont les seuls points d''ancrage praticables sur des centaines de kilomètres.',1,'2016-09-12 09:11:49','2016-09-12 09:11:49');
INSERT INTO region (id, name, description, version, created, updated) VALUES (4,'Eauprofonde', 'Eauprofonde est une puissance cosmopolite majeure de Faerûn. Elle bénéficie d''un excellent port, d''un régime sage et tolérant, et d''une solide tradition magique qui produit de puissants magiciens du bien, plus que du mal. Eauprofonde abrite au moins un exemplaire de tout et n''importe quoi. Le surnom de la ville, la cité des splendeurs, n''est jamais dit avec sarcasme. Tout le monde sait qu''Eauprofond est une merveille et que la vie y est meilleure (ou du moins plus excentrique). Eauprofonde contrôle la région sur cinquante à soixante kilomètres à la ronde. Eauprofonde est divisée en quartiers qui contiennent eux-mêmes d''innombrables commerces, habitations et bâtiments.',1,'2016-09-12 09:16:34','2016-09-12 09:16:34');
INSERT INTO region (id, name, description, version, created, updated) VALUES (5,'Amn', 'L''Amn est une nation de marchands, un lieu d''où partent les caravanes et où elles arrivent, d''où les bateaux prennent la mer pour des Contrées exotiques et où ils reviennent chargés d''or et d''objets étranges. Les Voleurs de l''ombre y ont la mainmise sur tout et ses dirigeants sont un groupe anonyme connu seulement sous le nom de Conseil des Six. Les jeteurs de sorts de magie divine y sont respectés si leur travail rapporte de l''argent à l''Amn alors que les utilisateurs de magie profane y sont universellement rejetés et craints. L''Amn est une grande plaine située entre deux chaînes de montagne parallèles. Quatre fleuves larges et calmes coulent à travers ses basses plaines, chargés de marchandises.',1,'2016-09-12 09:19:14','2016-09-12 09:19:14');
INSERT INTO region (id, name, description, version, created, updated) VALUES (6,'Téthyr', 'Le Téthyr a récemment émergé d''une guerre civile de dix ans avec deux nouveaux monarques. Le règne fort de la reine gouvernante Zaranda Étoile Rhindaun et du roi Haedrak III (qui servit à Valombre des années durant comme scribe pour l''archimage Elminster sous le nom de Lhaco) est en train de faire renaître l''espoir sur une terre cynique, suspicieuse et dévastée par la guerre. Le Téthyr est en train de prospérer, établissant des liens avec des voisins hésitants, et repoussant les monstres hors de ses frontières. Sa situation politique connaît encore de nombreuses intrigues et le peuple ne fait pas confiance aux organisations qui admettent se mêler des affaires des autres (telles que les Ménestrels). Les elfes des bois restent prudents vis-à-vis des nouveaux dirigeants, en effet les trois derniers rois ont pensé s''occuper de la forêt avec des haches, du feu et des épées. En termes de superficie, le Téthyr est l''un des plus grands royaumes de Faerûn. La majorité de ses vastes plaines et de ses forêts étendues n''est que peu habitée.',1,'2016-09-12 09:21:21','2016-09-12 09:21:21');
INSERT INTO region (id, name, description, version, created, updated) VALUES (7,'Calimshan', 'Le Calimshan est un pays obsédé par la richesse et que la magie n''impressionne pas. Ses habitants, sont les héritiers d''un vieil empire fondé par les génies ; ils craignent les créatures de ce genre et les bannissent de leurs terres. Familiers des démonstrations de magie, ils perçoivent l''Art comme une compétence parmi d''autres que l''on peut apprendre. Certains disent que le sang des éfrits coule dans les veines de certains Calishites, leur donnant des pouvoirs d''ensorceleur et un talent certain pour la magie du feu.\nLe Calimshan est renommé pour son chauvinisme, ses marchés exotiques, ses guildes de voleurs, ses harems décadents, ses paysages désertiques et sa riche classe dirigeante, de même que pour son énorme population et ses nombreux esclaves. Le Calimshan s''étend le long de la côte nord de la Mer étincelante sur plus de huit cents kilomètres et inclut toutes les terres au sud du fleuve Agis et des Montagnes mouvantes.',1,'2016-09-12 09:22:44','2016-09-12 09:22:44');
INSERT INTO region (id, name, description, version, created, updated) VALUES (8,'Iles Nélanthères', 'Les îles Nélanthères sont un groupe dispersé d''environ un millier d''îles éparpillées depuis Amn jusque dans la Mer inviolée. Plus de la moitié de ces îles ne possède aucune source d''eau potable et n''accueille donc que des épaves de bateaux. Les quelques centaines d''îles qui possèdent des sources d''eau potable et qui peuvent accueillir la vie se trouvent au centre des combats qui opposent les pirates s''attaquant aux navires marchands d''Amn, de Calimshan, de la Côte des épées et des îles Moonshae.\nMis à part leur dépendance à la violence et au vol, les îles Nélanthères ont étonnamment peu de choses en commun avec les îles pirates de la Côte des dragons. Les îles pirates sont majoritairement peuplées par les humains, tandis que les pirates des îles Nélanthères sont des non humains comme des orques, des hommes-lézards, des ogres et des minotaures. Les différentes races ou factions des pirates des Nélanthères se font aussi souvent la guerre qu''ils la font aux étrangers. À l''exception de la mer elle même et des innombrables îles rocheuses des Nélanthères, il n''existe ici aucun lieu géographique particulier. Aucune île n''est suffisamment grande ou colonisée pour mériter une description spécifique.',1,'2016-09-12 09:24:36','2016-09-12 09:24:36');
INSERT INTO region (id, name, description, version, created, updated) VALUES (9,'Iles Moonshae', 'Les îles Moonshae sont un groupe d''îles rocheuses enveloppé par les brumes, recouvert par des bois touffus et composé de marécages et de montagnes élevées sur lesquelles vivent de nombreux animaux ainsi que deux races d''humains qui-se les partagent. La partie nord des îles est dirigée par des marins nordiques qui descendent des pillards de Ruathym. Une race humaine aux cheveux et à la peau sombres, le peuple, vit sur les îles depuis très longtemps et contrôle la partie sud. Le peuple prospère dans une dizaine de petits royaumes dirigés par une Haute Reine.\nLes nordiques et le peuple passaient autrefois leur temps à s''attaquer, en particulier à cause de la tendance au pillage sanguinaire des nordiques, L''ascension du Haut Roi Tristan Kendrick permit d''unifier les deux peuples des îles Moonshae. La fille de Tristan, la Haute Reine Alicia, a réussi à conserver son royaume en dépit des guerres intestines opposant les petits seigneurs. En comparaison des nations du continent de Faerûn, les îles Moonshae ont vécu plusieurs décennies de paix relative.',1,'2016-09-12 09:26:07','2016-09-12 09:26:07');
INSERT INTO region (id, name, description, version, created, updated) VALUES (10,'Cormyr', 'Fondé il y a plus d''un millier d''années, le royaume du Cormyr s''est enrichi grâce à une monarchie éclairée, des habitants travailleurs et un emplacement géographique avantageux. Le Cormyr est une région civilisée entourée de montagnes, de forêts et de colonies de créatures humanoïdes malfaisantes. Réputé pour son armée bien entraînée et pour son dynamique groupe de jeteurs de sorts consacré par le gouvernement, le Cormyr se targue de posséder une gastronomie délicate, un peuple honnête, d''étranges mystères et de: nombreux liens avec les autres pays du monde. Récemment mis à rude épreuve par de perfides familles nobiliaires, des armées de gobelins et d''orques, la famine, un vénérable dragon rouge en maraude et la mort de son monarque bien-aimé, le Cormyr lutte aujourd''hui pour conserver ses possessions. Avec l''une de ses cités en ruine et un grand nombre de créatures humanoïdes errant dans la campagne, cette nation a aujourd''hui besoin d''individus pleins de ressources désireux de défendre la couronne et de s''opposer à ses ennemis. Le Royaume forestier est un pays vallonné, vert et agréable, encadré par des montagnes et bien nourri par ses propres fermes et ses communautés agricoles. Des forêts anciennes, profondes et verdoyantes dominent le paysage et sont l''élément remarquable du pays.',1,'2016-09-12 09:28:07','2016-09-12 09:28:07');
INSERT INTO region (id, name, description, version, created, updated) VALUES (11,'Contrées du Mitan Occidentales', 'Les Contrées du Mitan Occidentales couvrent une vaste région comprise entre les Cornes des tempêtes de Cormyr et la Côte des épées au sud d''Eauprofonde, depuis les Marécage du lézard au nord-ouest jusqu''à la Lande isolée au bord de l''Anauroch au nord-est. Bérégost au sud, les Arpents verts au sud-ouest, et Estant à la frontière de la Côte des dragons au sud-est en constituent les limites méridionales.\nPour les conducteurs de caravanes d''Amn et de Sembie, les Contrées du Mitan Occidentales sont réputées pour s''étendre sur « des kilomètres et des kilomètres et des kilomètres ». Ses plaines herbeuses battues par les vents longent d''infranchissables tourbières, terres stériles, collines à perte de vue, de hautes landes et des forets isolées, grouillant de monstres. Les fermiers, les peuples frontaliers, les habitants dés villes fortifiées et autres âmes courageuses qui vivent ici sont suffisamment forts et indépendants pour survivre sur un territoire où les compétences et l''intelligence se montrent bien plus utiles que l''appartenance à une certaine lignée. Les Contrées du Mitan Occidentales forment le foyer de dizaines de cités fortifiées distinctes, d''enclaves raciales, de villes agricoles, de monastères, de bastions fortifiés et de domaines défendus par les armes.\nLes Contrées du Mitan Occidentales accueillent favorablement les aventuriers ambitieux. Une dizaine d''empires en pièces ont tenté de conquérir et de dominer la région, laissant derrière eux les murailles bâties par les vagues successives de monarques en puissance. D''autres y abandonnèrent des trésors, une magie élaborée et dangereuse ou les deux. Contrairement aux régions surpeuplées des Contrées du Mitan et du Nord, relier chaque agglomération des Contrées du Mitan Occidentales nécessite de longs voyages par voie de terre - mais, au moins, nul ne risque de mourir de froid au cours du périple.',1,'2016-09-12 09:29:52','2016-09-12 09:29:52');
INSERT INTO region (id, name, description, version, created, updated) VALUES (12,'Côte des Dragons', 'La Côte des dragons représente les terres et îles situées sur le rivage sud d''une partie de la Mer des étoiles déchues. Elle est davantage l''appellation d''un style de vie que d''une région géographique aux yeux de ses trois puissantes cités-états, de ses quelques sept guildes de voleurs principales, de ses dizaines de groupes de pirates et des agents des sociétés secrètes les plus sombres de Faerûn qui y vivent et y travaillent.\nAux yeux des étrangers qui ne connaissent pas les règles de la Côte des dragons, celle-ci est un nid de vautours et de voleurs situé au centre même de routes commerciales idéales. Pour les initiés (les marchands sembiens rusés, les roublards malins et les chefs de caravane qui n''ont pas peur de graisser quelques pattes^ la Côte des dragons est l''endroit parfait pour faire avancer les choses... pour faire avancer toutes les choses. Comme les Sembiens ont coutume de dire : « Tout le monde a un prix, et ce prix est bien plus raisonnable sur la Côte des dragons ». Ici, personne ne méprise personne - mais personne ne fait confiance à personne.',1,'2016-09-12 09:31:26','2016-09-12 09:31:26');
INSERT INTO region (id, name, description, version, created, updated) VALUES (13,'Sembie', 'La Sembie est une contrée de marchands expérimentés bien accrochés aux rênes du pouvoir et de jeunes négociants intriguant pour en prendre le contrôle. Les Seinbiens adorent l''art du commerce qui consiste à remporter un marché par la négociation plutôt que par le mensonge et la tricherie. Bien que la Sembie ne contrôle pas une part aussi importante du commerce faerûnien que l''Amn, le commerce contrôle la Sembie bien plus qu''il n''exerce d''influence sur l''Amn.\nContrairement aux brigands des cités de la Mer de lune et des îles pirates, les Sembiens respectent généralement les contrats, dettes et autres intérêts. Habituellement, ils observent également les lois, exploitant les failles qui se présentent à eux et que d''autres n''auraient jamais découvertes.\nLa Sembie se voit comme une nation jeune, dynamique et expansionniste. Elle a déjà coopté l''un des Vaux, anciennement nommé Valune et en a même fait sa nouvelle capitale : la cité d''Ordulin. Mais l''élite sembiene ne cherche que trop à tirer la couverture à elle pour s''unir derrière une ligne politique étrangère ou quelque seigneur de guerre, La Sembie profite de sa position géographique (côte nord-ouest de la Mer des étoiles déchues) pour faire office de courtier de commerce entre le nord et le sud de Faerûn. Les Zhents de la Mer de lune commercent également avec d''autres pays, mais les Sembiens ne les voient guère comme de réels concurrents. En effet, une bonne partie du commerce des Zhents passe à un moment ou un autre par les ports sembiens, en général Ordulin. Les Sembiens ne considèrent pas les Zhents comme une menace magique. Ceci dit, le plus gros souci des Sembiens est le mercantilisme magique des Magiciens Rouges de Thay. Le Conseil de Sembie n''a guère d''intérêt à voir Thay se frayer un chemin sur d''anciens marchés sembiens en proposant,des articles magiques que les Sembiens ne sauraient dupliquer.',1,'2016-09-12 09:32:23','2016-09-12 09:32:23');
INSERT INTO region (id, name, description, version, created, updated) VALUES (14,'Vaux', 'Les Vaux sont de grandes vallées forestières composées de terres cultivées et vallonnées qui sont reliées entre elles par des routes marchandes traversant des bois splendides. Dotés d''un sol fertile et d''un climat tempéré (à l''exception des hivers extrêmement rudes), les Vaux sont le grenier des Contrées du Mitan. L''esprit d''indépendance des Vaux et leur longue alliance avec les elfes de Cormanthor ont fait de cet endroit le lieu de naissance historique ou la résidence préférée de nombreux des plus grands héros de Faerûn.\nOnze vaux différents existent aujourd''hui, chacun possédant son propre territoire, gouvernement (ou absence de gouvernement), milice, pactes commerciaux, ambitions et psychologie. Valarchen et Valherse privilégient par-dessus tout le commerce. Valmoisson privilégie l''industrie et l''artisanat. Valdague se retrouve seul face à un puissant ennemi, tandis que Valbalafre lutte pour recouvrer son indépendance après des années d''occupation. Pendant ce temps, les autres vaux continuent de respecter l''ancien Pacte des Vaux, préférant mener leur existence en solitaire.',1,'2016-09-12 09:33:17','2016-09-12 09:33:17');
INSERT INTO region (id, name, description, version, created, updated) VALUES (15,'Mer de Lune', 'La Mer de lune elle-même est un lac naturel profond situé au nord des Vaux et à l''ouest du Vaste, connecté à la Mer des étoiles déchues par le fleuve peu profond et marécageux de Lis. Le nom de « Mer de lune » s''applique tant au lac qu''à ses environs, qui s''étirent au sud jusqu''à l''embouchure du Lis où le fleuve coule vers le Bief du dragon ; à l''ouest jusqu''aux Montagnes de l''échine du dragon ; au nord jusqu''aux steppes glacées de la Chevauchée, à Thar et à la Terre torturée ; et à l''est jusqu''aux Montagnes des galènes et les Contreforts de la terre. La région de la Mer de lune contient une quantité immense de richesses minérales pour ceux qui sont suffisamment hardis pour braver ses périls. L''endroit est infâme que ce soit par ses mornes paysages, ses durs hivers, ses dragons ravageurs, ses pirates et ses gouvernements locaux rapaces. Certaines des cités les plus agressives de Faerûn se dressent sur la côte de la Mer de lune : Montéloy, Mulmastrc et Château-Zhentil.\nPartout où un gouvernement existe dans la région, il gouverne avec une poigne d''acier. Les tombes, les ruines et les repaires de monstres abondent, tout comme les intrigues complexes et les tyrans déloyaux. Le cri de guerre de la région est bien choisi : « Ose et méfie-toi ! ».',1,'2016-09-12 09:33:53','2016-09-12 09:33:53');
INSERT INTO region (id, name, description, version, created, updated) VALUES (16,'La chevauchée', 'Ces steppes exposées se trouvent entre les Montagnes de l''échine de dragon, la Forêt de l''orée et les terres grises de Thar. C''est la patrie de fières tribus de cavaliers barbares qui considèrent quiconque entre sur leurs terres comme un gibier raisonnable. Bien que les tribus se combattent souvent entre elles, elles s''unissent rapidement contre une menace extérieure comme lorsque le Zhentarim marcha sur Brillant en 1352 CV. Des mines parrainées par Château-Zhentil et Melvonte criblent les pentes montagneuses au nord des froides plaines.',1,'2016-09-12 09:34:27','2016-09-12 09:34:27');
INSERT INTO region (id, name, description, version, created, updated) VALUES (17,'Vaasie', 'Ces terres, désertiques de landes et de toundras gelées étaient le siège du pouvoir de. la liche maléfique Zhengyi le Roi-Sorcier jusqu''à ce qu''elle soit vaincue par un groupe d''aventuriers. La Vaasie est à nouveau un pays isolé où sont disséminées de vieilles fermes et de nombreux humanoïdes maléfiques et autres monstres. L''hospitalité quasi nulle du pays est contrebalancée par sa richesse inexploitée car les montagnes de Vaasie regorgent de métaux et de gemmes, en particulier des héliotropes. Des kilomètres de versants montagneux n''ont jamais été touchés par la civilisation et de nombreux prospecteurs bien armés s''y rendent en espérant découvrir des gemmes, aussi grosses que le poing d''un homme — et survivre suffisamment longtemps pour pouvoir les revendre. Entourée de montagnes et du Grand glacier, la Vaasie est virtuellement isolée du reste de Faerûn.',1,'2016-09-12 09:35:07','2016-09-12 09:35:07');
INSERT INTO region (id, name, description, version, created, updated) VALUES (18,'Plaines étincelantes', 'Vaste prairie d''herbe sèche, qui tient son nom des vagues de chaleur tremblante qui s''en élèvent durant presque toute l''année. C''est là que s''étendent les villes humaines d''Assam, de Lheshayl et d''Ormath, ainsi que les nombreuses tribus de centaures et de wemics, parmi lesquelles la tribu wemic Tcnpaw est la plus connue. La population totale du territoire atteint environ 423 000 habitants,',1,'2016-09-12 09:39:41','2016-09-12 09:39:41');
INSERT INTO region (id, name, description, version, created, updated) VALUES (19,'Chondath', 'En s''attardant sur le Chondath actuel, une poignée de cités-états et de villes disséminées le long de la côte méridionale de la Mer des étoiles déchues, il est difficile de croire que c''est la même nation qui a donné naissance aux marchands ayant fondé la très dynamique nation de Sembie. La plupart des autres cités du Bief de Vilhon faisaient autrefois partie de son empire ou subissaient la loi de ses cruelles armées. À présent, le Chondath n''est plus qu''une terre desséchée par sa déchéance, les ambitions dévorantes de ses dirigeants et les ennemis qui l''entourent.\nLes activités commerciales y entretiennent un flot constant de marchandises en provenance de lointains territoires et imposent une plus grande acceptation des différences de coutumes et des étrangers que ne pourraient l''espérer ses visiteurs.',1,'2016-09-12 09:40:44','2016-09-12 09:40:44');
INSERT INTO region (id, name, description, version, created, updated) VALUES (20,'Sespech', 'Le Sespech est une baronnie située à l''extrême sud-ouest du Bief de Vilhon. Autrefois compris dans le Chondath, le Sespech maintient son indépendance par sa puissance navale et ses talents diplomatiques.\nLe baron Aldorn Thuragar, quelquefois appelé « Broyeur d''ennemi », est à la tête du Sespech. Jadis un aventurier courageux, Thuragar s''appuie sur plusieurs de ses vieux compagnons de périple, l''Alliance de fer, pour gouverner le pays. Le Sespech s''étend depuis le fleuve Arran à l''est jusqu''au fleuve Naga à l''ouest et au sud jusqu''aux Plaines dorées.',1,'2016-09-12 09:41:22','2016-09-12 09:41:22');
INSERT INTO region (id, name, description, version, created, updated) VALUES (21,'Turmish', 'Le Turmish s''étend au nord-ouest du Bief de Vilhon. Il s''agit d''une terre agricole riche, fertile, ponctuée de villages et de quelques villes paisibles, civilisées et bien gérées. Les champs à perte de vue sont séparés par des haies ou des rangées serrées d''arbres, qui laissent toute latitude aux créatures sauvages. Les montagnes qui s''élèvent à l''ouest abritent des orques, des kobolds et d''autres monstres, mais ils s''attaquent rarement au Turmish, car des groupes de mercenaires bien organisés lui servent de milice locale.\nLes ressortissants du Turmish ont l''excellente réputation de se montrer très loyaux en affaires et sont les bienvenus partout autour de la Mer intérieure. Cette région est remarquablement populaire parmi les aventuriers malgré la rareté des monstres. Les trésors enfouis y abondent (du moins si on en croit les récits des bardes) et la région regorge de ruines et de territoires inviolés à explorer. La frontière occidentale du Turmish est constituée par les Orsraunes, celle au sud par les Montagnes Aphrunn et celle au nord par la Mer des étoiles déchues.',1,'2016-09-12 09:42:27','2016-09-12 09:42:27');
INSERT INTO region (id, name, description, version, created, updated) VALUES (22,'Vaste', 'Le Vaste est une région verdoyante propice à la chasse et aux cultures, sur la rive orientale du Bief du dragon, connu principalement pour ses ports prospères : le dangereux Calaunt, le versatile Tantras, Corbentre, le refuge des aventuriers et le strict Procampur. Les orques et les nains luttent pour la suprématie sur les montagnes proches. Les raids lancés par des orques dans les vallées sont rares mais suffisamment dévastateurs pour que la population humaine se concentre le long de la côte. Les intrigues entre factions rivales et l''abondance des ruines laissées par les nains attirent les aventuriers.\nGrâce à la Mer des étoiles déchues, le Vaste bénéficie d''un climat tempéré tout au long de l''année, les étés y étant longs et frais et les hivers courts et doux. La majeure partie du Vaste est composée de terres cultivées à perte de vue, les champs étant divisés par des murs bas de rocaille. De petites portions boisées apparaissent au milieu des fermes. Des dizaines de ruisseaux et de torrents s''entrecroisent, mais ils rejoignent rarement un cours d''eau supérieur. Ils aboutissent le plus souvent à des mares qui s''infiltrent dans le sous-sol et forment de petites rivières souterraines convergeant au niveau de la Mer intérieure. La configuration en puzzle des cours d''eau est due à l''inclinaison et à la brisure des plaques de roche qui tapissent le sous-sol du Vaste. Les petits trous d''eau, les cavernes et les crevasses y sont nombreux. La Mer des étoiles déchues borde le Vaste par l''ouest et le sud. Les Contreforts de la terre délimitent les frontières orientales et septentrionales du pays.',1,'2016-09-12 09:43:23','2016-09-12 09:43:23');
INSERT INTO region (id, name, description, version, created, updated) VALUES (23,'Impiltur', 'L''impiltur est un royaume peuplé de marchands amicaux, résolument pacifistes, mais qui ne rechignent pas à se livrer à des actes de guerre intéressés, si nécessaire. Tandis que les Impilturiens défendent vigoureusement leurs frontières, le gouvernement demeure traditionnellement neutre et n''entretient aucune alliance tactique avec les nations voisines. Les Impilturiens accueillent dans leurs ports toutes sortes de matières premières en provenance des nations voisines du nord et de produits exotiques.\nL''impiltur est souvent appelé « le Royaume oublié » par les autres Faerûniens. Comme les royaumes nordiques, il est ponctué de mines et de pinèdes, mais aucun tyran ou sorcière n''envoie d''armée pour attaquer les pays voisins. Son commerce par voie fluviale passe par l''intermédiaire soit de la Sembie soit de Telflamme, ce qui fait que l''origine impilturiene des objets en cuivre et des barres defer ou d''argent n''est pas connue de leurs acquéreurs. L''Impiltur constitue également la voie d''accès vers la prospère Damarie et une terre exploitée de plus en plus intensivement par des fermiers, qui commencent à exporter de la viande fumée, du fromage et de l''étouffeu (un vin de table à la saveur forte et aigre aux grands pouvoirs enivrants)\nL''Impiltur est en paix avec ses voisins, mais ses armées sont constamment sur le qui-vive, du fait des raids permanents lancés par des orques, des bandits et des hobgobelins depuis les Contreforts de la terre, des monstres attirés par les mines et la prospection du sous-sol et des intrigues fomentées dans les cités locales par des agents de Thay et le nouveau et impétueux clergé de Shar. L''impiltur s''étend entre la Mer des étoiles déchues et les Contreforts de la terre.',1,'2016-09-12 09:44:11','2016-09-12 09:44:11');
INSERT INTO region (id, name, description, version, created, updated) VALUES (24,'Damarie', 'Au nord d''Impiltur et à l''est de la Mer de lune se trouve le royaume autrefois puissant de Damarie qui se reconstruit aujourd''hui peu à peu après des décennies de guerre contre ses voisins, les orques et les gnolls vivant dans les montagnes. Tolérant à l''égard de toutes les races et de la majorité des religions, ce pays se montre amical avec les visiteurs, en particulier ceux qui possèdent des facultés pour tuer les monstres. Les individus intéressés par la politique et l''aventure trouveront ici de grandes opportunités pour les satisfaire.\nLa Damarie entretient des relations amicales avec ses voisins et son commerce de gemmes, qui repose sur ses généreuses mines de calcédoines (la plus connue étant l''héliotrope, une gemme verte à taches rouges), est florissant. Les dirigeants de la Damarie se méfient cependant du pays voisin de Vaasie et ils se sont préparés à affronter toute étrange menace qui pourrait y apparaître. \nLes quelques routes de Damarie sont généralement impraticables en hiver, mais les fleuves permettent de relier les terres isolées à la capitale. Au cours des mois estivaux, les navires équipés de quilles et les barges naviguent sur les eaux froides et rapides des fleuves, tandis qu''en hiver les fleuves gelés servent de routes pour les luges et les traîneaux tirés par des chevaux.',1,'2016-09-12 09:45:13','2016-09-12 09:45:13');
INSERT INTO region (id, name, description, version, created, updated) VALUES (25,'Narfell', 'Pays où ne survivent que les plus forts, Narfell est une terre stérile recouverte uniquement d''herbes difformes. Les gens de Narfell sont regroupés en tribus que l''on appelle les Nars, de féroces cavaliers croyant que tous les individus sont jugés sur leurs actions. Leur devise, « par les actes et non par le sang », proclame leur mépris envers les personnes s''attendant à de la déférence envers leur « noble » naissance. Certaines de ces tribus se sont montrées hostiles envers les étrangers, mais elles oublient leurs différences une fois l''an pour leur grand rassemblement commercial.\nOutre ses cavaliers, Narfell abrite également des yetis de la toundra (des gorilles sanguinaires) et des hordes de hobgobelins vivant dans les montagnes. L''ancienne Narfell était une puissante nation dirigée par des magiciens qui périrent dans les guerres contre l''empire aujourd''hui déchu de Raumathar. Les barbares de l''actuelle Narfell se souviennent peu de leur passé civilisé, mais il arrive parfois que les Nars découvrent d''anciennes cités englouties, ''chacune contenant de puissants objets magiques guerriers.',1,'2016-09-12 09:45:46','2016-09-12 09:45:46');
INSERT INTO region (id, name, description, version, created, updated) VALUES (26,'Grand-Val', 'Ne représentant guère plus que deux vastes forêts et une bande de terre comprise entre elles deux, cette région est occupée par des fermiers isolés, d''hostiles et inamicaux druides et des rôdeurs réservés. Le peuple du Grand-Val entretient peu de rapports avec l''extérieur et leurs échanges se limitent à se procurer les quelques objets de fer qu''ils ne peuvent forger eux-mêmes en échange d''herbes médicinales, d''ustensiles d''alchimie et d''objets en bois de qualité exceptionnelle. Le sol y est fertile et adapté à l''agriculture, mais rares sont ceux, en dehors des druides, qui y résident.\nLe mystérieux Xentyarch, un puissant druide ou ensorceleur, vit dans son château d''arbres vivants et met à mort tout visiteur éventuel. Aucun étranger ne connaît la nature de ses activités ou s''il gouverne la région, et le peuple du Grand-Val n''offre pour toute réponse à ce type de question qu''un haussement d''épaules gêné. Les druides tolèrent le passage de la voie commerciale entre leurs forêts uniquement parce que les caravaniers qui l''empruntent savent que s''ils perturbent la quiétude de la forêt, ils risquent la mort et, par conséquent, ne s''y aventurent pas. Grand-Val s''étend depuis le Bief oriental de la Mer intérieure jusqu''au grand Lac Cendrane à la frontière du Rashemen.',1,'2016-09-12 09:46:52','2016-09-12 09:46:52');
INSERT INTO region (id, name, description, version, created, updated) VALUES (27,'Rashemen', 'Le Rashemen est une terre froide et au relief accentué, peuplée d''habitants robustes et farouchement indépendants. Ce sont des guerriers impétueux, dédaignant le port de l''armure et combattant à l''aide de haches, de lances, d''épées et d''arcs. Les femmes maîtrisent une puissante magie liée à la terre, formant ceux qui sont dotés d''un potentiel magique à servir la terre et la race rashemi. Bien que le Rashemen soit ostensiblement dirigée par un guerrier puissant, appelé le Seigneur de fer, le véritable pouvoir derrière le trône est celui des Sorcières, qui choisissent le Seigneur de fer.\nLa terre regorge d''esprits de la nature, qui peuvent individuellement entretenir une jalousie ou de l''agressivité envers ceux qui les offensent. Les lois rashemi sont simples et fondées sur le code de l''honneur. Ceux-ci méprisent les pièges de la civilisation. Le peuple est dévoué à l''idéal du guerrier, se mesurant dans des tournois athlétiques ou d''autres disciplines physiques très exigeantes comme la nage en eau glaciale. Ainsi entretiennent-ils leur force, car la faiblesse les condamnerait à une mort certaine, sous les griffes des nombreux monstres qui hantent leur pays.',1,'2016-09-12 09:48:46','2016-09-12 09:48:46');
INSERT INTO region (id, name, description, version, created, updated) VALUES (28,'Thesk', 'Thesk est une terre de fourbes, mais amicaux, marchands et de fermiers de talent. La voie commerciale qui mène au territoire lointain de Kara-Tur permet aux Theskiens de côtoyer toutes sortes de peuples et d''interagir avec de nombreuses cultures, faisant de Thesk l''une des nations les plus tolérantes de Faerûn. Après avoir été décimé par la horde tuigane, le peuple de Thesk reconstruisit ses cités et ses villes et a même accueilli l''armée des orques abandonnée par le Zhentarim.\nLa familiarité des Theskiens avec les produits de qualité et d''origine indéterminées leur donne la faculté de jauger précisément les objets. Le fait que la magie profane soit rare sur le territoire, combiné à l''influence des Maîtres de l''ombre (une guilde de voleurs soutenue par l''Église de Mask) procure à Thesk une autre envergure que celle d''un simple royaume de marchands parmi tant d''autres.',1,'2016-09-12 09:49:25','2016-09-12 09:49:25');
INSERT INTO region (id, name, description, version, created, updated) VALUES (29,'Aglarond', 'Le respect qu''inspire l''Aglarond tient au rôle actif qu''il joue dans la préservation de la partie civilisée de Faerûn contre les Magiciens Rouges et à son potentat ensorceleur, la puissante Simbule. Ces particularités mises à part, il y a peu à dire de l''Aglarond, si ce n''est qu''il s''agit d''une terre baignée d''ancienne magie et qui abrite l''une des plus vastes communautés demi-elfes au monde. Son armée défend ses frontières contre Thay et ses adroits rôdeurs parcourent ses confins en quête de troubles éventuels. Les anses qui bordent les côtes rocheuses de l''Aglarond sont ponctuées de villages de pêcheurs et, depuis que la Simbule a déclaré que tous les pirates devaient être considérés comme des agents de Thay (et mis à mort en cas de capture), les eaux qui baignent l''Aglarond sont devenues très sûres. C''est l''un des rares royaumes à interdire aux Magiciens Rouges l''établissement d''enclaves à l''intérieur de ses frontières. L''Aglarond forme une péninsule boisée s''étendant à l''ouest jusqu''au milieu de la Mer des étoiles déchues. Il sépare le Bief oriental de la Mer d''Alambre.',1,'2016-09-12 09:49:58','2016-09-12 09:49:58');
INSERT INTO region (id, name, description, version, created, updated) VALUES (30,'Chessenta', 'Ce groupe de villes considéré comme une seule nation par le reste de Faerûn, est en fait tout sauf uni. Les cités se font la guerre les unes les autres à propos de vieux affronts, de philosophies divergentes ou de systèmes économiques différents. Les aventuriers et les compagnies de mercenaires ont la belle vie ici, embauchés par divers gouvernements pour participer à des attaques furtives, planifier des stratégies ou organiser des protections. La culture de Chessenta est empreinte du concept de conflit physique. Les héros de guerre sont hautement estimés. Cette nation est amicale avec les nains et les demi-orques mais mal à l''aise avec les elfes. Les Chessentiens apprécient l''art et sont de grands admirateurs du théâtre. En nombre, la profession de barde vient donc juste après celle de guerrier. Chessenta occupe un plateau, une plaine fertile entourant la grande Baie de Chessenta, dans le sud-ouest de la Mer des étoiles déchues. Des montagnes escarpées et des hautes terres accidentées délimitent les frontières orientale, australe et occidentale.',1,'2016-09-12 09:50:47','2016-09-12 09:50:47');
INSERT INTO region (id, name, description, version, created, updated) VALUES (31,'Lac de Vapeur', 'Avec des cités-états indépendantes sur ses côtes septentrionales et une succession de petits pays fondés ou conquis par des individus aux races, croyances et objectifs variés au sud, le Lac de vapeur est un mélange confus d''intérêts variés, de marchés animés et de frontières sans cesse changeantes. La majorité des cités du nord faisait autrefois partie du Calimshan et elles ont hérité de leurs lointains parents un goût pour la richesse, le confort et l''influence ; de même qu''un fort sentiment d''indépendance. Les intrigues qui se trament autour de ces cités amènent les observateurs à surnommer la rive nord « la Mer de lune méridionale ».\nLes Royaumes frontaliers de. la côte méridionale abritent de puissants aventuriers venus de divers horizons. Chacun cherche à se tailler une part/de terre et à, la gouverner de la façon qu''il pense être la bonne... tout du moins jusqu''à ce que le souverain suivant décide de prendre les rênes. Des tours de magiciens, des monastères, des forteresses et des temples sont disséminés le long des Royaumes frontaliers, leurs propriétaires changeant sans cesse.\nAu sud du Lac de vapeur, sur les côte orientales de la Mer étincelante, se trouve le royaume de Lapaliiya, un carrefour entre les plaines du Shaar, les jungles de Chult et le verdoyant Lac de vapeur. Le lac lui-même et la Mer étincelante située au sud du Lac de vapeur, ainsi que les forêts l''entourant, constituent les principales particularités géographiques de la région.',1,'2016-09-12 09:51:55','2016-09-12 09:51:55');
INSERT INTO region (id, name, description, version, created, updated) VALUES (32,'Shaar', 'Le Shaar est une gigantesque prairie onduleuse s''étendant de la Mer étincelante aux lointaines contrées orientales. Le civilisation n''a quasiment aucune prise sur l''endroit. Les nomades humains (la douzaine de tribus environ) et inhumains, comme les centaures, gnolls et wemics, peuplent le Shaar. Les wemics chassent, les Shaaricns humains élèvent des rothés et chevaux et les gnolls se livrent au pillage. La terre fournit de magnifiques fourrages mais ne convient guère à l''agriculture. Il ne s''agit pas d''un désert, mais la région cuit le jour et gèle la nuit\nLes Shaariens humains s''écartent rarement en grand nombre de leurs plaines ancestrales, principalement parce que leurs chevaux chéris ne vont pas bien en dehors du Shaar. En effet, les chevaux shaariens sont plus forts et rapides que ceux des autres régions de Faerûn, du moins tant qu''ils parcourent leurs prairies natales. Les grands chevaux tombent malades et meurent quand ils ne paissent pas l''herbe qui ne pousse que dans les vastes plaines du Shaar. Les Shaariens l''ont compris et peu acceptent de laisser derrière eux leur culture d''origine pour sillonner Faerûn. D''autres types de paysages viennent parfois rompre la monotonie des plaines ondulées, parmi lesquels de petites dunes de sable et des vallées regorgeant de lacs minuscules et de vie sauvage. Des oasis miniatures renferment les vestiges de civilisations disparues. Nombre d''entre elles abritent également des campements de nomades.',1,'2016-09-12 09:53:20','2016-09-12 09:53:20');
INSERT INTO region (id, name, description, version, created, updated) VALUES (33,'Chult', 'Située à l''extrémité ouest de la péninsule de Chult, Chult est une jungle montagneuse abritant des monstres primitifs, d''imposants dinosaures et des marais infestés par les maladies. Des tribus humaines recluses, de féroces gobelins et d''étranges individus monstrueux hantent ces terres dangereuses. Malgré ces nombreux dangers, Chult attire les aventuriers en quête de richesses légendaires. La divinité Ubtao est vénérée sous divers aspects à travers le pays car les puissances divines de Faerûn lui donnèrent les terres de Chult en échange de sa promesse de surveiller le danger provenant des Pics enflammés. Les célèbres jungles recouvrent la majorité de l''extrémité ouest de la péninsule de Chult Seules quelques hautes montagnes parviennent à se dresser au-dessus de la canopée verdoyante, mais il existe tout de même de grandes clairières et de vastes prairies marécageuses autour des grands lacs occupant le centre des jungles.',1,'2016-09-12 09:54:26','2016-09-12 09:54:26');
INSERT INTO region (id, name, description, version, created, updated) VALUES (34,'Tashalar', 'Plus civilisée que Chult et plus amicale que Calimshan, Tashalar est une contrée exotique où se mêlent d''étranges aliments, de belles gens et de grandes richesses. De talentueux artisans y fabriquent des arcs superbes et de rapides navires. Les chasseurs accomplis conservent les trophées de leurs chasses les plus dangereuses. Les habitants de Tashalar vivent sur le littoral bordant la Mer étincelante au sud. Ils évitent les Jungles noires et se rendent occasionnellement dans les Montagnes Hazuk pour y extraire de l''or ou du fer.\nLes grappes de raisin de Tashalar sont si parfaites que les pires vignobles produisent tout de même des vis se vendant jusqu''à une centaine de pièces d''or à Eauprofonde. Cette richesse et cette splendeur sont dominées par le consortium du Rundeen qui contrôle le commerce et l''activité malfaisante des yuan-tis hantant les jungles. Tashalar est un pays au climat chaud mais venteux, et ses terres sont recouvertes de jardins potagers, d''oliveraies et de vignes.',1,'2016-09-12 09:56:50','2016-09-12 09:56:50');
INSERT INTO region (id, name, description, version, created, updated) VALUES (35,'Mulhorande', 'Un des seuls anciens empires ayant survécu jusqu''à nos jours. Pendant des millénaires, la Mulhorande a été gouvernée par les manifestations physiques de ses divinités. Le pouvoir est maintenant détenu par les descendants mortels de ces divinités. La Mulhorande a entrepris de se transformer et de s''adapter au reste du monde, s''ouvrant au commerce et aux idées des autres.\nAvec la disparition du gouvernement d''Unther, la Mulhorande a conquis la plupart des territoires de ses rivaux historiques et pourrait entreprendre de reconstruire son empire. Elle est encore impopulaire dans certains pays de l''Ouest car elle accepte l''esclavage. La Mulhorande reste une terre exotique dotée de magies puissantes, de technologies anciennes et d''un clergé fort. La Mulhorande est un vaste royaume courant du lac salé d''Azulduth au travers des États satellites de Semphar et Murghôm jusqu''aux Terres de la Horde.',1,'2016-09-12 09:57:45','2016-09-12 09:57:45');
INSERT INTO region (id, name, description, version, created, updated) VALUES (36,'Terres de la Horde', 'Souvent considérées comme une région aride, les Terres de la Horde abritent une végétation clairsemée, quelques oasis et les querelleuses tribus tuiganes. Ces cavaliers nomades sont célèbres pour avoir envahi Faerûn il y a plus d''une décennie. Féroces cavaliers maîtrisant des arcs courts composites, ces nomades sont divisés entre un minimum de dix tribus, vivant sous la tente et se nourrissant de viande et de lait. Leurs rares colonies permanentes sont installées autour des oasis car l''eau est leur denrée la plus précieuse.\nLe peuple local superstitieux se méfie des étrangers, en particulier depuis leur défaite contre les armées occidentales. Il faudra attendre au minimum une génération avant que les Tuigans ne représentent à nouveau une menace significative pour Faerûn. Considérées comme sans importance pendant des années, les Terres de la Horde voient aujourd''hui grandir l''activité commerciale entre Faerûn et l''empire de Shou Lung de Kara-Tur situé dans l''est lointain. Les marchands transportent de nombreuses marchandises exotiques entre les deux pays, remplissant ainsi les poches de nombreuses personnes.',1,'2016-09-12 10:00:02','2016-09-12 10:00:02');
INSERT INTO region (id, name, description, version, created, updated) VALUES (37,'Thay', 'La nation de Thay est dirigée par de cruels magiciens qui s''appuient sur l''esclavage pour s''approvisionner en richesses et en produits de luxe dont ils ont besoin pour nourrir leurs recherches arcanes et leurs rêves de conquête. Le territoire est régenté par huit zulkirs, les magiciens les plus puissants du royaume. Les zulkirs à leur tour choisissent les tharchions du pays, des gouverneurs civils qui s''occupent des faits divers du royaume et suivent le bon vouloir des Magiciens Rouges. Le pouvoir de ces derniers s''étend bien au-delà des frontières thayenes. Ils possèdent des dizaines d''enclaves dans les cités les plus importantes des terres côtières de la Mer intérieure, échangeant des objets magiques contre les produits, les richesses et dans certains cas, les esclaves de dizaines de nations. Les Thayens inspirent détestation et méfiance à la plupart, mais leur mainmise croissante sur le commerce d''objets magiques les rend pratiquement indispensables à bon nombre de leurs clients.\nLes zulkirs qui reviennent au pays gagnent en opulence à mesure que leur sinistre commerce prospère. Ils passent leur temps à comploter et à imaginer des stratagèmes à l''encontre de leurs voisins. Les armées thayenes se sont abattues sur l''Aglarond et le Rashemen à de nombreuses reprises et il est communément admis que le temps viendra où les Thayens reprendront leurs anciennes habitudes de s''accaparer l''objet de leur convoitise par la force et les sorts mortels.',1,'2016-09-12 10:01:12','2016-09-12 10:01:12');
INSERT INTO region (id, name, description, version, created, updated) VALUES (38,'Dambrath', 'Aux yeux des étrangers, le Dambrath est une terre de contrastes. Ses habitants vivent dans de grandes plaines, sous un soleil brûlant et un ciel d''un bleu immaculé, mais ils ont prêté allégeance aux drows, qui fuient la lumière. Bien que la majorité de la population soit humaine, le Dambrath est gouverné par les Crinti, des descendants d''humains, d''elfes et de drows. La nation tire ses richesses de la terre et de la mer. Le Dambrath reste une véritable énigme pour la plupart des Faerûniens car il mène une politique étonnamment pacifique envers ses voisins et n''aime guère voir les étrangers s''enfoncer en son cœur. Cette situation semble convenir parfaitement à la noblesse du pays.\nAllant de la Paroi Orientale, qui lui sert de frontière avec l''Halruaa à l''ouest, au Lluirbois Méridional à l''est, le Dambrath fait plus de 1 000 kilomètres de large. Ses côtes sont deux fois plus longues car la baie du Ballet Cétacé s''enfonce profondément dans les terres. En partant de la côte, le pays s''étend sur près de 450 kilomètres vers le nord, jusqu''à la forêt d''Amtar. Mais l''ensemble des terres habitées se situent au sud des montagnes du Guet des Gnolls et des collines des Défunts Rois, qui divisent la nation en deux régions, une au nord et l''autre au sud. Le Dambrath possède également des terres à l''est de la forêt d''Amtar, sur la route commerciale qui mène à Delzimmer. Le Rethild, également connu sous le nom de Marais Supérieur, fait soi-disant partie du pays, mais ses souverains le possèdent sur le papier seulement, car les hommes-lézards et les nagas qui y vivent en empêchent tout contrôle.\nLe climat dambrathien est excessivement chaud, sauf durant la saison des pluies, qui débute mi-Uktar et dure deux ou trois mois. Au sud de la chaîne du Guet des Gnolls, les journées sont torrides, mais les nuits sont agréables car la brise venue de la Grande Mer fait rapidement chuter les températures. Au nord des montagnes, les températures sont encore plus élevées et l''air est étouffant. Les pluies y sont plus fréquentes, ce qui fait de la forêt d''Amtar une région aussi humide que les jungles de la péninsule de Chult. Les gens qui vivent dans l''arrière-pays n''ont jamais vu de neige et les gelées matinales sont quasi inexistantes, sauf dans les montagnes.\nLe gros du Dambrath est constitué de vastes plaines couvertes d''herbes hautes convenant particulièrement à l''élevage des chevaux. Cette mer de plaines ondoyantes s''étend jusqu''à l''horizon, quelle que soit la direction dans laquelle on regarde. A intervalles réguliers, on trouve des ranchs de chevaux, de minuscules communautés autonomes qui élèvent les meilleures montures de Faerûn. La plupart des citadins vivent dans les ports commerciaux de la côte, plus particulièrement sur les rives de la baie du Ballet Cétacé. Les eaux cristallines de la baie expliquent la présence de nombreux pêcheurs de poisson et de perles toute l''année, une industrie des plus lucratives pour le pays.',1,'2016-09-12 10:02:34','2016-09-12 10:02:34');
INSERT INTO region (id, name, description, version, created, updated) VALUES (39,'Halruaa', 'Entourée de montagnes et située dans le sud lointain, l''Halruaa est une nation de magiciens. Les Halruéens sont les descendants de réfugiés venus de l''influente Nétheril, un royaume de magiciens humains qui ne surent contenir leur puissance, corrompirent leurs âmes et signèrent la destruction de leurs œuvres. l''Halruaa a conservé cette fascination pour la magie qui obsédait les Nétherisses, s''adonnaiit à l''Art avec une fervente dévotion et considérant toutes les autres études comme fort mineures. Jusqu''à présent, les Halruéens n''ont pas fait montre de cet aveuglement qui sonna le glas de Nétheril.\nLes magiciens halruéens sont suffisants. Ils s''intéressent davantage à leurs recherches, dans l''intimité de leurs laboratoires personnels, qu''à l''exploration et l''exploitation du reste de Toril. Ceux qui décident de quitter leur terre natale sont des marchands ou agents en quête de composantes inhabituelles. Parfois, de tels agents sont assez importants pour voyager dans l''un des fabuleux navires volants halruéens. Cependant, ces embarcations volantes sont fragiles et si précieuses qu''on ne les sort d''Halruaa que pour les missions les plus importantes.',1,'2016-09-12 10:03:44','2016-09-12 10:03:44');
INSERT INTO region (id, name, description, version, created, updated) VALUES (40,'Anauroch', 'L''Anauroch est une région désertique qui s''est peu à peu agrandie pour finalement séparer la partie septentrionale de Faerûn en une moitié orientale et une moitié occidentale. Egalement surnommé le Grand désert ou la Grande mer de sable, l''Anauroch a englouti l''ancien empire de Nétheril il y a plus de mille cinq cents ans, puis avalé les royaumes prospères qui s''étaient développés après la chute de cet empire. Pendant des générations, l''avancée incessante de l''Anauroch a détruit des royaumes et chassé les monstres vers les régions frontalières.\nL''Anauroch est le plus grand des déserts de Faerûn, mais il est loin d''être véritablement désert. Une race de nobles barbares nomades, les bédouins parcourent ses étendues. Des garnisons et des patrouilles du Zhentarim contrôlent plusieurs oasis le long de la Route noire, la route commerciale serpentant depuis les ruines de Valtesh jusqu''à Llorkh en passant sous les crêtes des Pics gris. Enfin - et ce qui est peut-être le plus important - l''Empire des ombres s''est fixé au-dessus de l''enclave que l''on appelait autrefois la Mer de la soif. Pénombre, une cité nétherisse ayant échappé à la chute de Nétheril en disparaissant dans le Plan de l''Ombre, est finalement réapparue à Faerûn ; ses maîtres actuels observent attentivement la situation présente du monde et réfléchissent aux conquêtes futures qu''ils pourraient entreprendre.',1,'2016-09-12 10:06:20','2016-09-12 10:06:20');
INSERT INTO region (id, name, description, version, created, updated) VALUES (41,'Luiren', 'Luiren est le seul royaume de Faerûn peuplé et dirigé presque exclusivement par des halfelins. Il s''agit de la terre natale des halfelins vaillants, comme la Grande Faille est le pays des nains d''or. Quelques halfelins pieds-légers et sagespectres y vivent également, mais les neuf dixièmes de la population de halfelins sont constitués de vaillants. A ce sujet, le terme « halfelin de Luiren » se réfère communément au peuple vaillant, bien que cela ne soit pas totalement fondé.\nLes gens de Luiren sont des fermiers, des artisans et des marchands, comme dans nombre d''autres pays. Les champs fertiles de Luiren nourrissent la Grande faille.Ses vergers produisent des oranges, limes et citrons très prisés dans les pays du nord. Les sculptures sur bois de Luiren sont splendides, égalant celles de Téthyr, et des œuvres en bois sont également à vendre. Bien que peu d''individus imaginent les halfelins dotés de quelque tradition militaire que ce soit, les gens de Luiren disposent de milices parfaitement organisées, conduites par les moines et prêtres des temples locaux, et soutenues par une puissante magie divine. Les prêtres et archers halfelins ne reculant pas d''une semelle ont repoussé plus d''une invasion d''humains, d''orques et de gnolls venus de Shaar. Hormis les formes d''autorité locale, la contrée de Luiren ne possède aucun gouvernement. Cependant, les temples du panthéon halfelin constituent le ciment de la société et gouvernent ensemble le pays, habituellement sous l''égide du culte de Yondalla. La Voix dévote de Yondalla, Faran Ferromar, est le leader prééminent de la foi et donc le guide de Luiren.\nLes halfelins de Luiren ne se considèrent pas comme des semi-personnes et se qualifient généralement de « hins ».',1,'2016-09-12 10:07:51','2016-09-12 10:07:51');
INSERT INTO region (id, name, description, version, created, updated) VALUES (42,'Lapaliiya', 'La Ligue de Lapai est une confédération de cités-états qui borde la côte sud-est de la mer Étincelante. Plus pu moins gouvernés par le roi de Sheirtalar, ces petits royaumes sont parfois connus sous lé nom de cités de la brise marine, mais d''un point de vue purement technique, ce surnom inclut également Narubel, Tashluta, Ormpur et les ruines de Procalith. Lapaliiya s''étend de l''est des montagnes Dauphines à la péninsule de Sheir, et du rivage de la mer Étincelante au nord des jungles de Mhair, de la grande muraille d''Halruaa, des désolations Rapines et des pics des collines Brunes.',1,'2016-09-12 10:08:57','2016-09-12 10:08:57');
INSERT INTO region (id, name, description, version, created, updated) VALUES (43,'Marches d''Argent', 'Lunargent est le joyau du Nord, une cité pensée comme un centre d''apprentissage. Elle symbolise la grandeur qui rayonnait autrefois de la capitale elfique de Myth Drannor. Après de longs débats, les diverses places naines, les campements humains et demi-elfes ainsi que les cités humaines décidèrent de s''allier dans le cadre d''un pacte de protection mutuelle dirigé par Alustriel. Cette dernière abandonna le trône de Lunargent afin de superviser la nouvelle confédération des Marches d''argent.\nLes membres actuels des Marches d''argent sont : Castelmithral, la citadelle d''Adbar, la citadelle de Felbarr, Everlund, Jalanthar, Lunargent, Mortencige, Quaervarr et Sundabar. Les Marches d''argent incluent d''une façon générale les terres occidentales de l''Anauroch, l''est de la rivière Surbrin et le nord de la rivière Rauvin. De vastes étendues de forêt et de montagnes à l''intérieur de ces frontières restent sauvages et inoccupées.',1,'2016-09-12 10:11:43','2016-09-12 10:11:43');

/* Skill */
INSERT INTO skill (id, name, shortDescription, description, keyAbilityId, version, created, updated) VALUES (1,'Athlétisme','Utiliser dans les situations difficiles pour grimper, sauter ou nager.','Un jet de Force (Athlétisme) couvre les situations difficiles que vous rencontrez en grimpant, en sautant ou nageant. Cela inclut les activités suivantes :\n• Vous essayez de grimper une falaise abrupte ou glissante, d''éviter les pièges tout en escaladant un mur, ou de vous accrocher à une surface alors que quelque chose essaie de vous faire lâcher.\n• Vous essayez de sauter une distance inhabituellement longue\n• Vous luttez pour nager ou rester à flot en présence de courants contraires, de vagues houleuses ou dans une zone avec d''épaisses algues. Ou bien une autre créature essaie de vous noyer ou de vous sortir de l''eau, ou toute autre chose qui peut interférer avec votre nage.',1,2,'2016-09-13 09:55:49','2016-09-13 10:04:20');
INSERT INTO skill (id, name, shortDescription, description, keyAbilityId, version, created, updated) VALUES (2,'Acrobatie','Rester sure ses pieds dans les situation difficiles.','Un jet de Dextérité (Acrobatie) couvre votre tentative pour rester sur vos pieds dans une situation délicate, comme lorsque vous essayez de courir sur de la glace, de tenir en équilibre sur une corde raide, ou de rester debout sur le pont d''un navire chahuté. Le MD peut également demander un jet de Dextérité (Acrobatie) pour voir si vous pouvez effectuer des acrobaties, comme un plongeon, une roulade ou un saut périlleux.',2,2,'2016-09-13 09:55:49','2016-09-13 10:04:53');
INSERT INTO skill (id, name, shortDescription, description, keyAbilityId, version, created, updated) VALUES (3,'Escamotage','Utiliser sa dextérité pour cacher, déplacer ou voler quelque chose sans être repéré.','Chaque fois que vous tentez une manipulation ou une fourberie, comme prendre quelque chose à quelqu''un ou dissimuler un objet sur vous-même, faites un jet de Dextérité (Escamotage). Le MD peut également demander un jet de Dextérité (Escamotage) pour déterminer si vous pouvez dérober une bourse ou glisser quelque chose dans la poche de quelqu''un.',2,2,'2016-09-13 09:55:49','2016-09-13 10:05:09');
INSERT INTO skill (id, name, shortDescription, description, keyAbilityId, version, created, updated) VALUES (4,'Discrétion','Se cacher de ses ennemis ou se déplacer sans être vu.','Faite un jet de Dextérité (Discrétion) lorsque vous essayez de vous cacher des ennemis, de vous glisser entre des gardes, filer sans vous faire remarquer, ou vous échapper sans être vu ou entendu.',2,2,'2016-09-13 09:55:49','2016-09-13 10:05:23');
INSERT INTO skill (id, name, shortDescription, description, keyAbilityId, version, created, updated) VALUES (5,'Arcane','Connaitre un sort, un plan d''existence, un symbole ou un objet magique.','Un jet d''Intelligence (Arcane) évalue votre aptitude à vous rappeler des choses à propos de sorts, d''objets magiques, de symboles occultes, de traditions magiques, de plans d''existence ou des habitants de ces plans.',4,2,'2016-09-13 09:55:49','2016-09-13 10:05:54');
INSERT INTO skill (id, name, shortDescription, description, keyAbilityId, version, created, updated) VALUES (6,'Histoire','Connaitre l''histoire des royaumes et ses habitants.','Un jet d''Intelligence (Histoire) évalue votre aptitude à vous rappeler des choses à propos d''événements historiques, de personnages légendaires, d''anciens royaumes, de conflits passés, de guerres récentes et de civilisations perdues.',4,2,'2016-09-13 09:55:49','2016-09-13 10:06:11');
INSERT INTO skill (id, name, shortDescription, description, keyAbilityId, version, created, updated) VALUES (7,'Investigation','Recherche d''indices pour trouver quelque chose.','Lorsque vous regardez autour de vous pour trouver des indices et faire des déductions sur la base de ces indices, vous faites un jet d''Intelligence (Investigation). Vous pouvez en déduire l''emplacement d''un objet caché, discerner en fonction de l''apparence d''une blessure le type d''arme utilisé, ou déterminer le point faible dans un tunnel pour causer son effondrement. Se pencher sur d''anciens manuscrits à la recherche d''informations cachées peut aussi demander un jet d''Intelligence (Investigation).',4,2,'2016-09-13 09:55:49','2016-09-13 10:06:17');
INSERT INTO skill (id, name, shortDescription, description, keyAbilityId, version, created, updated) VALUES (8,'Nature','Connaitre les plantes, animaux, terrains et climats.','Un jet d''Intelligence (Nature) évalue votre aptitude à vous rappeler des informations sur un type de terrain, des plantes ou des animaux, la météo et les cycles naturels.',4,2,'2016-09-13 09:55:49','2016-09-13 10:06:35');
INSERT INTO skill (id, name, shortDescription, description, keyAbilityId, version, created, updated) VALUES (9,'Religion','Connaitre les dieux, rites, prières, pratiques et symboles.','Un jet d''Intelligence (Religion) évalue votre aptitude à vous rappeler des choses à propos des dieux, des rites et des prières, la hiérarchie religieuse, les symboles sacrés et les pratiques de cultes secrets.',4,2,'2016-09-13 09:55:49','2016-09-13 10:06:44');
INSERT INTO skill (id, name, shortDescription, description, keyAbilityId, version, created, updated) VALUES (10,'Dressage','Utiliser pour calmer ou monter un animal.','Quand il est question de savoir si vous pouvez calmer un animal domestique, faire qu''une monture ne s''effraye pas, ou deviner les intentions d''un animal, le MD peut demander un jet de Sagesse (Dressage). Vous pouvez également faire un jet de Sagesse (Dressage) pour contrôler votre monture lorsque vous tentez une manœuvre risquée.',5,2,'2016-09-13 09:55:49','2016-09-13 10:07:06');
INSERT INTO skill (id, name, shortDescription, description, keyAbilityId, version, created, updated) VALUES (11,'Intuition','Déterminer les intentions, prédire la prochaine action','Un jet de Sagesse (Intuition) détermine si vous pouvez déceler les véritables intentions d''une créature, comme lorsque vous tentez de savoir si elle ment ou pour prévoir son prochain mouvement. Cela implique de lire le langage du corps, détecter ses habitudes de langage et les changements dans ses manières.',5,2,'2016-09-13 09:55:49','2016-09-13 10:07:19');
INSERT INTO skill (id, name, shortDescription, description, keyAbilityId, version, created, updated) VALUES (12,'Soin','Stabiliser l''état de quelqu''un ou diagnostiquer une maladie.','Un jet de Sagesse (Soin) permet d''essayer de stabiliser un compagnon mourant ou de diagnostiquer une maladie.',5,2,'2016-09-13 09:55:49','2016-09-13 10:07:36');
INSERT INTO skill (id, name, shortDescription, description, keyAbilityId, version, created, updated) VALUES (13,'Perception','Voir, entendre ou détecter une présence','Un jet de Sagesse (Perception) permet de repérer, entendre ou détecter la présence de quelque chose. Il mesure votre conscience de l''environnement et l''acuité de vos sens. Par exemple, vous pouvez essayer d''entendre une conversation à travers une porte fermée, espionner par une fenêtre ouverte, ou entendre des monstres se faufiler dans la forêt. Vous pouvez aussi essayer de repérer des choses qui sont cachées ou difficiles à déceler, que ce soient des orques en embuscade sur une route, des voyous cachés dans l''ombre d''une ruelle ou la lueur d''une chandelle sous une porte secrète fermée.',5,2,'2016-09-13 09:55:49','2016-09-13 10:07:49');
INSERT INTO skill (id, name, shortDescription, description, keyAbilityId, version, created, updated) VALUES (14,'Survie','Pister, chasser, guider dans un endroit peu familier.','Le MD peut vous demander de faire un jet de Sagesse (Survie) pour suivre des traces, chasser du gibier sauvage, guider votre groupe sur un terrain gelé, identifier des traces indiquant qu''un ours-hibou vit à proximité, prévoir le temps ou éviter des sables mouvants et autres catastrophes naturelles.',5,2,'2016-09-13 09:55:49','2016-09-13 10:07:58');
INSERT INTO skill (id, name, shortDescription, description, keyAbilityId, version, created, updated) VALUES (15,'Tromperie','Cacher la vérité, tromper quelqu''un.','Un jet de Charisme (Tromperie) détermine si vous pouvez cacher la vérité avec efficacité, soit verbalement, soit par vos actions. La tromperie peut englober beaucoup de choses, depuis l''ambiguïté de ses dires jusqu''au mensonge pur et simple. Des situations typiques sont d''essayer d''embobiner un garde, duper un commerçant, gagner de l''argent au jeu, vous faire passer pour quelqu''un d''autre à l''aide d''un déguisement, apaiser les soupçons de quelqu''un avec une fausse assurance, ou maintenir un visage impassible tout en racontant un mensonge flagrant.',6,2,'2016-09-13 09:55:49','2016-09-13 10:08:12');
INSERT INTO skill (id, name, shortDescription, description, keyAbilityId, version, created, updated) VALUES (16,'Intimidation','Influencer par l''hostilité.','Lorsque vous essayez d''influencer les gens par des menaces ouvertes, des actions hostiles, ou de la violence physique, le MD peut vous demander de faire un jet de Charisme (Intimidation). Cela peut appliquer pour essayer de soutirer des informations à un prisonnier, convaincre des voyous de renoncer à une confrontation, ou utiliser un tesson de bouteille pour convaincre un vizir sarcastique de réexaminer sa décision.',6,2,'2016-09-13 09:55:49','2016-09-13 10:08:27');
INSERT INTO skill (id, name, shortDescription, description, keyAbilityId, version, created, updated) VALUES (17,'Performance','Capter l''audience par le divertissement.','Un jet de Charisme (Performance) détermine la façon dont vous pouvez enchanter un public par la musique, la danse, le théâtre, le conte ou toute autre forme de divertissement.',6,2,'2016-09-13 09:55:49','2016-09-13 10:09:01');
INSERT INTO skill (id, name, shortDescription, description, keyAbilityId, version, created, updated) VALUES (18,'Persuasion','Influencer par le tact, les bonnes manières.','Lorsque vous essayez d''influencer quelqu''un ou un groupe de personnes avec tact, grâce, ou de bonnes manières, le MD peut vous demander de faire un jet de Charisme (Persuasion). En règle générale, vous utilisez la persuasion lorsque vous agissez de bonne foi, afin de favoriser l''amitié, faire des demandes cordiales, ou utiliser l''étiquette appropriée. Vous pouvez utiliser la persuasion pour convaincre un chambellan de laisser votre groupe voir le roi, négocier la paix entre deux tribus en guerre, ou motiver une foule de citadins.',6,2,'2016-09-13 09:55:49','2016-09-13 10:09:14');

/* DivineDomain */
insert into divinedomain (id, name, description, version, created, updated) values (1,'Connaissance', 'Les dieux de la connaissance valorisent l''apprentissage et la compréhension avant tout. Certains enseignent que la connaissance doit être recueillie et partagée dans les bibliothèques et les universités, ou de promouvoir la connaissance pratique de l''artisanat et de l''invention. Certaines divinités amassent des connaissances et gardent leurs secrets pour eux-mêmes. Et certains promettent leurs partisans qu''ils gagneront un pouvoir énorme s''ils découvrent les secrets du multivers. Les adeptes de ces dieux étudient la connaissance ésotérique, recueillent des anciens tomes, plongent dans le lieux secrets et apprennent tout ce qu''ils peuvent. ',1, now(), now());
insert into divinedomain (id, name, description, version, created, updated) values (2,'Vie', 'Le domaine de la vie se concentre sur la dynamique d''énergie positive, une des forces fondamentales de l''univers, qui soutient toute la vie. Les dieux de la vie favorisent la vitalité et la santé grâce à la guérison des malades et des blessés, prendre soin des personnes dans le besoin et chassant les forces de la mort et de la mort-vie. Presque toute divinité non-mauvaise peut prétendre influence sur ce domaine.',1, now(), now());
insert into divinedomain (id, name, description, version, created, updated) values (3,'Lumière', 'Les dieux de la lumière promeuvent les idéaux de la renaissance et du renouveau, de la vérité, la vigilance et la beauté, souvent en utilisant le symbole du soleil. Certains de ces dieux sont dépeints comme le soleil lui-même ou comme un chariot qui guide le soleil à travers le ciel. D''autres sont des sentinelles infatigables dont les yeux percent chaque ombre et voient à travers toutes les tromperies. Certains sont des divinités de la beauté et de l''art, qui enseignent que l''art est un véhicule pour l''amélioration de l''âme. Les clercs d''un dieu de la lumière sont des âmes éclairées infusés avec éclat de la puissance de la vision perspicace de leurs dieux, chargé de chasser les mensonges et brûlant les ténèbres.',1, now(), now());
insert into divinedomain (id, name, description, version, created, updated) values (4,'Nature', 'Les dieux de la nature sont aussi variés que le monde naturel lui-même, des dieux impénétrables des forêts profondes aux divinités amicales associés à des oasis et des bosquets. Les druides vénèrent la nature dans son ensemble et pourraient servir une de ces divinités, pratiquant des rites mystérieux et réciter des prières oubliées dans leur langue secrète. Mais beaucoup de ces dieux ont des clercs aussi, champions qui prennent un rôle plus actif pour faire avancer les intérêts d''un dieu de la nature. Ces clercs chassent les monstruosités du mal qui dépouillent les forêts, bénissent la récolte des fidèles, ou dépérissent les cultures de ceux qui engendrent la colère de leur dieu.',1, now(), now());
insert into divinedomain (id, name, description, version, created, updated) values (5,'Tempête', 'Les dieux de ce domaine régissent les tempêtes, la mer et le ciel. Ils comprennent des dieux de la foudre et le tonnerre, des tremblements de terre, du feu, de la violence, de la force physique et du courage. Les dieux du domaine de la tempête envoient leurs clercs pour inspirer la peur dans les gens du commun, que ce soit pour garder les gens sur le chemin de la justice ou de les encourager à offrir des sacrifices pour conjurer la colère divine.',1, now(), now());
insert into divinedomain (id, name, description, version, created, updated) values (6,'Duperie', 'Les dieux de la duperie sont corrupteurs et les instigateurs qui se tiennent comme un défi constant à l''ordre accepté parmi les les dieux et les mortels. Ils sont les patrons de voleurs, canailles, joueurs, rebelles et libérateurs. Leurs clercs sont une force perturbatrice dans le monde, prônant la fierté, se moquant des tyrans, volant les riches, libérant les captifs et méprisant les traditions. Ils préfèrent les subterfuges, farces, la tromperie et le vol plutôt que la confrontation directe.',1, now(), now());
insert into divinedomain (id, name, description, version, created, updated) values (7,'Guerre', 'La guerre a de nombreuses manifestations. Elle peut faire des héros des gens ordinaires. Elle peut être désespérée et terrible, avec actes de cruauté et de lâcheté éclipsant les instances d''excellence et courage. Dans les deux cas, les dieux de la guerre veillent sur les guerriers et les récompensent pour leur grand actes. Les clercs de ces dieux excellent dans la bataille, inspirant les autres pour combattre  ou offrant des actes de violence comme prières. Les dieux de la guerre incluent des champions d''honneur et de la chevalerie ainsi que les dieux de la destruction et le pillage et dieux de conquête et de domination. D''autres dieux de guerre prennent une position plus neutre, promeuvent la guerre dans toutes ses manifestations et supportent les guerriers dans toute circonstance.',1, now(), now());
insert into divinedomain (id, name, description, version, created, updated) values (8,'Mort', 'Le domaine de la mort est concerné par les forces qui causent la mort et l''énergie négative qui crée les créatures mortes-vivantes. Les dieux du domaine de la mort sont les patrons des nécromanciens, liches et vampires. Ils promeuvent la meurtre, la douleur, la maladie et le poison. D''autre dieux sont neutres et considèrent la mort comme une étape à franchir.', 1, now(), now());

/* Deity */
INSERT INTO deity (id, name, shortDescription, description, alignmentId, symbol, image, version, created, updated) VALUES (1,'Aurile','Déesse de l''hiver','Aurile est une divinité du Mal capricieuse et orgueilleuse. Elle a un cœur de pierre et s''assure l''adoration de ses disciples en entretenant le règne de la terreur. Elle ne connaît ni l''amour ni les nobles sentiments ni l''honneur. Elle aime jouer avec ceux qui l''offensent, les piégeant au milieu de tempêtes de neige avant de les rendre fous en leur offrant des visions d''un foyer chaud et confortable. Elle affiche une beauté froide et mortelle, en quelque sorte celle d''une femme insensible, à jamais préservée dans un bloc de glace.\n\nDogme\n\nRecouvrez toutes les terres de glace. Éteignez tous les feux que vous voyez. Accueillez les vents et le froid à bras ouverts. Abattez les brise-vent, percez les murs et les toits pour laisser entrer mon souffle. Déchaînez les ténèbres pour que le soleil maudit soit voilé et que le froid d''Aurile tue. Ne prenez la vie d''une créature arctique qu''en cas d''absolue nécessité, mais terrassez les autres sans retenue. Faites en sorte que Faerûn craigne la Vierge de Glace. Vénérez la Déesse du Froid et chantez ses louanges lorsque souffle une brise hivernale. Ne levez pas la main sur les autres prêtres d''Aurile.',8,'Flocon de neige à six pointe',NULL,3,'2016-09-15 13:58:18','2016-09-15 13:59:15');
INSERT INTO deity (id, name, shortDescription, description, alignmentId, symbol, image, version, created, updated) VALUES (2,'Azuth','Dieu des magiciens','Azouth se préoccupe essentiellement de la sauvegarde et de l''évolution du grand Art de la magie. Adoré par toutes sortes de lanceurs de sorts, quoique principalement des magiciens, ce dieu avisé conseille depuis longtemps la divinité en charge de la magie brute. Sa relation avec Mystra est amicale, de l''ordre de celle d''un maître et de son meilleur étudiant. Les autres dieux le trouvent susceptible, ne comprenant pas son humour à froid ou sa volonté incessante de collecter tout ce qui se rapporte à la magie. Il a l''apparence d''un vieil homme à la longue barbe blanche, habillé d''une façon élégante et vieillotte. Il tient en main le puissant Vieux Bâton orné d''une pierre précieuse.\n\nDogme\n\nLa raison est le meilleur moyen de parvenir à appréhender la magie. Il est possible de l''examiner et de la diviser en parties plus facilement compré­hensibles par l''intermédiaire de la méditation et de l''étude. Il faut conserver son calme et s''entourer de maintes précautions avant de lancer un sort ou d''utiliser toute autre forme de magie. Cela pour éviter de commettre des erreurs que même la magie ne pourra pas réparer. Utilisez l''Art sagement et gardez l''esprit ouvert afin de savoir quand il est important d''avoir recours, ou de ne pas avoir recours, à la magie. Enseignez l''Art et faites circuler les objets qui permettront son apprentissage à travers tout Faerûn. Ce n''est qu''ainsi que la connaissance de la magie pourra croître. Vivez avec l''idée que le pouvoir de contrôler la magie s''accompagne d''une énorme responsabilité. Enseignez aussi cette idée à tous les lanceurs de sorts que vous rencontrerez. Apprenez tout nouveau sort que vous découvrirez et faîtes en une copie pour les bibliothèques du temple. Ne gardez pas vos découvertes et vos connaissances secrètes. Dans le domaine de la magie, encouragez la créativité dès que vous en avez l''occasion.',4,'Main gauche pointée vers le haut en feu',NULL,2,'2016-09-15 13:58:18','2016-09-15 14:01:08');
INSERT INTO deity (id, name, shortDescription, description, alignmentId, symbol, image, version, created, updated) VALUES (3,'Bane','Dieu de la tyrannie','Dans les couloirs sinueux de Château-Zhentil résonnent les échos des messes maléfiques célébrées partout sur Faerûn au cœur de temples camouflés dans la pénombre, Bane, le Seigneur des Ténèbres, a vaincu la mort elle-même pour amener au monde la sombre inspiration nécessaire à milles intrigues, pour dompter la peur et la haine au sein des nations civilisées et pour prouver aux Simples mortels que la tyrannie, malgré une défaite temporaire, ne meurt jamais.\n\nDogme\n\nNé servez nul autre que Bane. Craignez-le toujours et assurez-vous que les autres le craignent encore plus. La Main Noire parvient toujours à frapper ceux qui cherchent à s''opposer à elle. Défiez Bane et vous trouverez la mort - ou par la mort prouvez votre loyauté, car c''est parfois ce qu''il peut exiger de vous. Soumettez-vous aux ordres que Bane transmet par l''intermédiaire de son clergé. Ce n''est que par l''obéissance aveugle que vous pourrez accéder à la véritable puissance. Répandez la sombre terreur de Bane. Ceux qui ne le vénèrent pas sont condamnés à voir leur échapper la véritable puissance. Ceux qui osent s''opposer à la Main noire sont condamnés à mourir précocement et plus douloureusement que les imbéciles qui vénèrent les autres dieux.',7,'Main droite noire avec les doigts fermés sur pouce',NULL,3,'2016-09-15 13:58:18','2016-09-15 14:06:04');
INSERT INTO deity (id, name, shortDescription, description, alignmentId, symbol, image, version, created, updated) VALUES (4,'Beshaba','Déesse du malheur','Beshaba est une déesse bien plus crainte que vénérée, car elle est méchante, mesquine et malicieuse. La Vierge de l''Infortune cède à des comportements aléatoires et à des crises de jalousie quant à sa sœur, car elle exige qu''on la vénère autant (même si cela est peu sincère) que Tymora. Bien qu''une simple allusion à Beshaba glace le sang de la plupart des gens, elle est toujours bienvenue et invitée lors d''allocutions et de cérémonies officielles (comme les mariages et les couronnements), d''épreuves sportives ou encore du baptême des enfants. Quand on ne l''invite pas, elle s''offusque et frappe de malchance éternelle ceux qui l''ont mise au banc.\n\nDogme\n\nLe mauvais sort frappe tout le monde et ce n''est qu''en suivant l''exemple de Beshaba qu''on peut l''éviter. Trop de chance est une mauvaise chose, et pour rétablir l''équilibre, le sage doit œuvrer contre le nanti. Quoiqu''il arrive, tout ne peut qu''empirer. Apprenez à craindre la Vierge de l''Infortune et à la vénérer. Faites en sorte que Faerûn sache qu''il faut obéir à Beshaba et lui adresser des offrandes pour l''apaiser. Dans le cas contraire, tous connaîtront la malédiction qui balaye Faerûn : « Beshaba y pourvoit !» (synonyme de misère et malheur). Poussez votre prochain à vénérer Beshaba afin que la malchance ne le frappe pas. Ne conseiller jamais faussement qui que ce soit quant à sa manière de vénérer Beshaba, sans quoi vous serez banni et maudit jusqu''à la fin de vos jours.',9,'Ramures noires',NULL,2,'2016-09-15 13:58:18','2016-09-15 14:07:23');
INSERT INTO deity (id, name, shortDescription, description, alignmentId, symbol, image, version, created, updated) VALUES (5,'Bhaal','Dieu du meurtre','Bhaal faisait partie des Dieux Noirs. C''était le dieu du meurtre, de la mort violente et des assassinats. Il fut un temps où son culte était particulièrement puissant dans les Royaumes Oubliés. Le Seigneur du Crime était alors vénéré par un grand nombre d''assassins, mercenaires sans foi ni loi et autres meurtriers. Bien que rivales, Talona et Loviatar le servaient, tout comme lui obéissait à Bane. Perpétuellement violent, cruel et haïssable, Bhaal ne vivait que pour chasser et tuer. Il pouvait être froid et calculateur ou, au contraire, enragé. La présence de créatures vivantes réveillait immanquablement ses instincts de meurtre et de destruction. \n\nDogme\n\nFais en sorte que tout le monde craigne Bhaal. Arrange-toi pour que tes meurtres soient élégants et qu''ils paraissent abominables ou extrêmement aisés, afin que quiconque voit les victimes en éprouve une grande teneur. Dis à tous que l''or offert au culte détourne l''attention de Bhaal... du moins pour aujourd''hui.',8,'Crâne humain entouré de larmes de sang',NULL,3,'2016-09-15 13:58:18','2016-09-15 14:17:43');
INSERT INTO deity (id, name, shortDescription, description, alignmentId, symbol, image, version, created, updated) VALUES (6,'Chauntea','Déesse de l''agriculture','Chauntea est aussi vieille que Toril. Elle y a apporté l''étincelle divine qui a engendré la vie sur le monde, son esprit énergique et dévoué était en phase avec la planète lors de sa création. Chauntea était, à l''origine, une déesse de la nature sauvage et de la faune, mais elle grandit en même temps que son monde, changeant et s''adaptant selon ses développements. Les millénaires lui ont appris la patience — parfois au point d''être taxée d''indolence. Chauntea aime les habitants de Toril et n''apprécie rien de plus que de leur apprendre comment la terre elle-même peut les enrichir. C''est sous ses encouragements que les mortels ont abandonné la cueillette et ses aléas pour les champs et sa constance. Aujourd''hui, Chauntéa est vénérée en tant que Grande Mère de l''agriculture, la bienfaitrice au grand cœur a qui l''on doit de bonnes récoltes, une nourriture saine et un mode de vie robuste au sein de la nature.\nChauntea se manifeste rarement sous sa forme physique, préférant disperser son essence à la surface des terres vivantes de Toril. Les icônes la représentent sous l''apparence d''une matrone d''âge moyen, à la chevelure blanchie et au sourire accueillant. Elle porte un solide épi de blé, qui lui sert tout autant de canne pour la marche et d''arme, lors des rares occasions où elle participe à une bataille.\nVénérée par les fermiers, les jardiniers, les serfs et tous ceux qui vivent de la terre, Chauntea est perçue par les Faerûniens comme un élément essentiel du cycle naturel de la vie. Les riches propriétaires terriens comme les simples fermiers consultent les prêtres de la Mère Nourricière pour obtenir des conseils sur la préparation de la moisson ou les semailles des grains de la prochaine saison, Quand le mauvais temps ou la maladie frappe les champs, les paysans tournent le regard et leurs prières vers Chauntea dans l''espoir que ses attentions pourront sauver la moisson de cette saison. Ceux qui détournent une récolte à des fins malhonnêtes ont tout à craindre des serviteurs de Chauntea, qui prennent leur rôle de gardiens des champs à cœur.\n\nDogme\n\nFaire pousser et moissonner sont des éléments du cycle éternel et ils sont une partie essentielle de la vie. Il faut anathématiser toute destruction sans but et sans volonté de reconstruction. Ne laissez jamais passer un jour sans aider une chose vivante à se développer. Soignez, entretenez et ensemencez des plantes des que vous en avez l''occasion. Protégez les arbres et les plantes.. Sauvez leurs graines de manière à faire en sorte que ce qui a été détruit puisse repousser. Préoccupez-vous de la fertilité de la terre, laissez les humains s''occuper de leur propre fertilité. Évitez le feu. Plantez une graine ou une petite plante au moins une fois toutes les dizaines.',2,'Liasse de grain ou une rose sur du grain',NULL,2,'2016-09-15 13:58:18','2016-09-15 14:19:46');
INSERT INTO deity (id, name, shortDescription, description, alignmentId, symbol, image, version, created, updated) VALUES (7,'Cyric','Dieu des mensonges','Cyric est un dieu mesquin, égoïste et mégalomane qui se passe au-dessus de toutes les autres divinités. Son culte est largement répandu sur Faerûn : l''éclat malfaisant du Soleil Noir attire à lui les mortels avides de pouvoir comme une flamme attire les mouches avant les consumer inexorablement, Cyric a subi une crise de folie divine qui s''est finalement achevée et il ne pense plus être plus puissant que toutes les autres divinités. Le Prince des Mensonges se réjouit lorsqu''il tisse l''écheveau de ses intrigues qui mène les mortels comme les dieux à leur perte et brise les liens de l''amitié et de l''amour. Il a pris de nombreuses formes depuis sa divine ascension : un spectre sanglant, un nuage de vapeurs délétères ou encore un amas soudain de ténèbres contenant les images fantomatiques de crânes humains et deux yeux noirs au regard scrutateur. Néanmoins, on suppose que sa véritable apparence est celle d''un homme mince aux yeux noirs et perçants et à la peau d''albâtre.\n\nDogme\n\nQue la mort s''abatte sur tous ceux qui s''opposent à Cyric. Inclinez-vous devant son pouvoir suprême et apportez-lui le sang de ceux qui ne croient pas en sa supériorité absolue. Craignez et obéissez à ceux qui détiennent l''autorité. Tuez les faibles, les individus bienveillants et les faux prophètes. Donnez la mort à ceux qui cherchent à contrecarrer les plans du culte ou à ceux qui cherchent à rétablir l''ordre, la paix et la loi. Cyric est la seule autorité, le seul ordre, la seule loi. Faites en sorte de ne pas déclencher de guerres ouvertes, car de faux dieux récupéreraient alors le fruit de vos actes. Abattez un adversaire à.la fois et maintenez une ambiance malsaine de peur et de conflits. Souvenez-vous que la fin justifie tous les moyens.',9,'Crâne sans mâchoire sur soleil noir ou pourpre',NULL,2,'2016-09-15 13:58:18','2016-09-15 14:23:22');
INSERT INTO deity (id, name, shortDescription, description, alignmentId, symbol, image, version, created, updated) VALUES (8,'Deneir','Dieu de l''écriture','Dans le domaine de l''idéal, un simple texte déverrouillera les secrets du multivers et conférera à son lecteur un statut divin. La rédaction.de-cette œuvre, appelée le Texte Suprême, dévore le dieu Deneir et ses fidèles. On dit que Deneir, l''un des serviteurs d''Oghma, prit place parmi les dieux en entrevoyant une infime partie de ce texte et que le besoin de lire l''œuvre dans son intégralité donne un sens à son existence. Deneir pense que le Texte Suprême se reflète dans le plan Matériel par le biais de bribes de tous les textes jamais couchés sur le papier. Un mot ici, une juxtaposition de lettres là, et (plus rarement) des phrases entières extraites d''écrits particulièrement illuminés, tout cela se fait l''écho du texte idéal. En qualité de divinité tutélaire des artistes, des enlumineurs, des cartographes et des scribes, le Seigneur de Tous les Glyphes et Icônes veille aux créations écrites, traquant désespérément le texte qui lui échappe.\n\nDogme\n\nQuelles que soient les circonstances, celui qui dispose des meilleures organisations, stratégie et tactique gagne à coup sûr la guerre. N''importe quel imbécile peut tirer la défaite des mâchoires de la victoire avec l''aide de la chance. Seul un grand stratège peut s''assurer une victoire durable. La guerre est une série de batailles. Le fait d''en perdre une ne signifie pas nécessairement que la guerre est perdue. Cherchez les faiblesses de vos adversaires et reconnaissez les vôtres. Contournez les forces de votre adversaire et exploitez pleinement les vôtres. Ce n''est qu''en concentrant ses forces sur les faiblesses d''un ennemi qu''on peut le vaincre à coup sûr. En temps de guerre, préparez-vous à la paix. En temps de paix, préparez-vous à la guerre. Faites-vous des ennemis de vos ennemis des alliés, et acceptez de transiger. La vie est une suite sans fin d''escarmouches parfois espacées de guerres. Soyez prêt et prévoyez un plan de secours.',2,'Bougie allumée au dessus d''un oeil ouvert',NULL,2,'2016-09-15 13:58:18','2016-09-15 14:25:10');
INSERT INTO deity (id, name, shortDescription, description, alignmentId, symbol, image, version, created, updated) VALUES (9,'Eldath','Déesse de la paix','Eldath est la gardienne des bosquets et sa présence est ressentie partout où règne le calme. C''est une pacifiste qui évite tout geste hostile, même quand on la menace. Bien qu''elle soit réservée, discrète et énigmatique, Eldath présente une grande volonté et une détermination sans faille. Elle aborde les défis en commençant par effectuer une retraite stratégique, une manœuvre qui finit toujours par mettre ses adversaires dans une position intenable quand leurs renforts se rangent du côté de la déesse.\n\nDogme\n\nLa paix ne peut venir que de l''intérieur, et nul ne saurait l''enseigner ou l''imposer. Cherchez la quiétude et la paix. Plantez des arbres et veillez sur eux, où qu''ils se trouvent. Nourrissez et aidez votre prochain, ne le punissez pas. N''usez de violence que pour vous défendre. Ne tuez aucun être vivant de la foret, sauf si cela est absolument nécessaire. Jurez de ne pas prendre de vie consciente, sauf si les circonstances l''exigent. Partagez avec votre prochain tout ce qui pousse ou vient d''un cours d''eau afin que chacun connaisse Eldath et chante ses louanges.',2,'Chute d''eau plongeant dans l''eau stagnate',NULL,2,'2016-09-15 13:58:18','2016-09-15 14:26:15');
INSERT INTO deity (id, name, shortDescription, description, alignmentId, symbol, image, version, created, updated) VALUES (10,'Gond','Dieu de l''invention','Gond est un robuste forgeron qui, installé dans sa forge, derrière son enclume et son puissant marteau à la main, pourrait recréer les étoiles elles-mêmes. Vénéré par les humains et par les gnomes (ces derniers l''appelant Nebelun), Gond donne une forme matérielle aux idées et insuffle aux mortels le désir de créer. Il ne s''intéresse qu''à l''acte de la création en lui-même, sans songer aux conséquences que peuvent avoir ses inventions une fois laissées sans surveillance à la surface du monde. Bien que certains membres de l''Église de Mystra s''opposent à Gond en raison de la préférence qu''il affiche pour la technologie en défaveur de l''Art, en vérité. Gond ne voit en la magie qu''un outil comme un autre grâce auquel il peut créer de nouvelles merveilles.\n\nDogme\n\nSeuls les actes comptent. Les intentions et les pensées sont une part importante de l''être mais, au final, c''est le résultat qui a une véritable importance. Les autres parlent, les serviteurs de Gond agissent. Concevez de nouvelles choses qui fonctionnent. Devenez expert du travail de la forge ou dans divers artisanats et entraînez-vous à fabriquer des objets, à les assembler et à les relier jusqu''à parvenir à créer de nouveaux outils pour chaque situation et chaque endroit. Défiez l''inconnu en créant la nouveauté, l''originalité. Les nouvelles inventions doivent, tout à la fois, être élégantes et utiles. Pratiquez l''innovation et l''expérimentation, que ce soit dans la fabrication d''outils ou la mise en œuvre de processus Encouragez ces vertus chez ceux que vous rencontrez en mettant la main à la pâte, en les finançant ou par votre soutien diplomatique. Gardez des archives de vos recherches, de vos idées et de vos travaux afin que d''autres puissent suivre votre travail et le poursuivre lorsque vous disparaitrez. Encouragez les autres, comme les fermiers et les chasseurs, à imaginer de nouveaux outils, de nouvelles façons de faire les choses. Observez, achetez et conservez en sûreté les créations des autres et répandez cette connaissance parmi les Consacrés de Gond. Discutez de vos idées et faites-les s''épanouir afin que tous puissent percevoir la lumière divine qu''est le Porteur de Merveilles.',5,'Bouclier denté avec 4 pointes',NULL,2,'2016-09-15 13:58:18','2016-09-15 14:27:45');
INSERT INTO deity (id, name, shortDescription, description, alignmentId, symbol, image, version, created, updated) VALUES (11,'Heaume','Dieu de la protection','Heaume est le gardien ultime, celui qui ne se détourne jamais de son devoir. Souvent considéré comme froid et sans émotion, il apparaît comme un géant en armure de plate. En fait, il est une personne ultra disciplinaire qui met le devoir au-dessus de tout. Il adore les enfants et leur pardonne très facilement leur infraction mineure. Beaucoup pensent que Heaume pourrait donner sa vie pour ce qu’il garde, mais il ne parle jamais de cela.\n\nDogme\n\nNe trahis jamais tes promesses. Attends, et surveille attentivement. Protège le faible, le pauvre et le jeune et ne les sacrifient pas pour les autres ou pour toi-même. Anticipe les attaques et reste prêt. Connais tes ennemis. Obéis aux ordres tant qu’ils ne contredisent pas les principes de Heaume. Montre l’existence de la loyauté et de la pureté dans ton rôle de gardien et de protecteur.',4,'Oeil ouvert sur un gantelet droit',NULL,2,'2016-09-15 13:58:18','2016-09-15 14:29:56');
INSERT INTO deity (id, name, shortDescription, description, alignmentId, symbol, image, version, created, updated) VALUES (12,'Ilmater','Dieu de l''endurance','Doux et bienveillant, Ilmater est un dieu calme et circonspect, qui porte sans broncher le poids des souffrances et des peines d''un monde qui souffre depuis longtemps. Bien qu''il ne se mettre pas facilement en colère, la fureur du Dieu Brisé est intense lorsqu''il est confronté à une grande cruauté ou'' à des atrocités. Il r)rend particulièrement soin de rassurer et de protéger les enfants et jeunes créatures, et considère comme une offense injustifiable le fait de les blesser. 1-e Dieu Qui Pleure a l''apparence d''un homme au corps mutilé par une longue exposition au supplice de la roue, portant des traces de tortures et dont les articulations ont été frappées jusqu''à être brisées. Il est petit, épais, dégarni, et porte de simples braies, mais son visage affable et agréable est avenant et réconfortant.\n\nDogme\n\nAidez ceux qui souffrent, quelle que soit leur nature. Les véritables saints acceptent de se charger de la souffrance des autres. Si vous souffrez en son nom, Ilmater sera à vos côtés pour vous soutenir. Soyez fidèle à votre cause si elle est juste, quels que soient les périls ou la douleur. Il n''y a pas de honte à mourir pour une cause juste. Dressez-vous face aux tyrans et ne tolérez pas que l''injustice existe sans que personne ne s''y oppose. Prenez soin de favoriser la nature spirituelle de la vie plus que l''existence du corps matériel.',1,'Mains jointes aux poignets avec de la corde rouge',NULL,2,'2016-09-15 13:58:18','2016-09-15 14:31:04');
INSERT INTO deity (id, name, shortDescription, description, alignmentId, symbol, image, version, created, updated) VALUES (13,'Kelemvor','Dieu des morts','La mort est une partie naturelle du cycle de vie, et ne dois pas être crainte. Elle est obligatoire pour tous. Seuls les menteurs et ceux qui ne croient en rien craignent le mort. Il voit les morts-vivants comme des abominations, ordonnant à ses servants de les détruire. Il est plutôt taciturne et manque parfois de confiance en lui, préférant alors les actions directes qui donnent tout de suite des résultats. Les clercs de Kelemvor sont accueillis amicalement par les gens.\n\nDogme\n\nReconnais que la mort est une partie naturelle du cycle de la vie. Ce n’est pas une fin, mais un commencement, pas une punition mais une nécessité. Aide les autres à mourir dignement, au bon moment et pas plus tôt. Va contre ceux qui veulent prolonger non naturellement la vie, comme les morts-vivants. Honore les morts, les oublier est oublié qui tu es, et pourquoi. Ne laisse pas un humain dans tout Faerun mourir naturellement sans un clerc de Kelemvor à ses cotés.',4,'Bras droit squelettique tenant une balance',NULL,3,'2016-09-15 13:58:18','2016-09-15 14:32:34');
INSERT INTO deity (id, name, shortDescription, description, alignmentId, symbol, image, version, created, updated) VALUES (14,'Lathandre','Dieu de la naissance et du renouveau','Lorsque des humains entament un nouveau voyage, signent un contrat ou s''engagent dans une relation amoureuse ou politique, il est probable qu''ils murmurent une prière à Lathandre, le dieu de l''aube du renouveau et de la vigueur. Bien qu''il soit parmi les plus anciens du panthéon faerûnien, le Seigneur de l''Aube a conservé l''enthousiasme exubérant de la jeunesse qui fait de lui le parfait symbole des commencements. Toujours prêt à oublier les défaites d''aujourd''hui pour se concentrer sur les victoires de demain, Lathandre prêche une doctrine de travail bénévole militant et la réévaluation perpétuelle dès us et coutumes imposés par la société. Il prône aussi la destruction des morts-vivants, qu''il considère comme étant une abjecte corruption et une caricature de la création et de la vraie vie.\n\nDogme\n\nMettez tout en œuvre afin d''aider à rassembler de nouvelles idées et de nouveaux espoirs, pour permettre le développement de la prospérité de l''humanité et de ses alliés. Protéger et permettre le développement de toute chose vivante est un devoir sacré. Cherchez à vous perfectionner et à améliorer votre corps.comme votre esprit. Où que vous alliez, semez l''espoir en un avenir souriant et participez-y en aidant l''éclosion de nouvelles idées. Évitez les pensées négatives car de la mort vient la vie et il y a toujours une nouvelle-journée pour transformer un revers en succès. Accordez une plus grande importance aux activités qui aident les autres qu''à une stricte obéissance aux règles et aux traditions imposées par les anciens.',2,'Route menant au levé du soleil',NULL,2,'2016-09-15 13:58:18','2016-09-15 14:34:04');
INSERT INTO deity (id, name, shortDescription, description, alignmentId, symbol, image, version, created, updated) VALUES (15,'Leira','Déesse de l''illusion',NULL,6,'Triangle vers le bas contenant un tourbillon de brouillard',NULL,1,'2016-09-15 13:58:18','2016-09-15 13:58:18');
INSERT INTO deity (id, name, shortDescription, description, alignmentId, symbol, image, version, created, updated) VALUES (16,'Loviatar','Déesse de la douleur','Loviatar est la déesse belliqueuse, dominatrice et intrépide des bourreaux, des sadiques et autres brutes. On la représente sous les traits d''une jeune femme extrêmement pâle, vêtue d''une armure plissée blanche et armée d''une baguette de même couleur, d''un fouet ou d''un chat à neuf queues qu''elle utilise comme une arme contre ses ennemis. Elle est vénérée par les tortionnaires, les sadiques et tous les êtres maléfiques et pervertis, ce qui inclut certaines créatures qui adorent tourmenter les autres.\nAgressive et dominatrice, Loviatar ignore ce qu''est la peur. Elle est froide, cruelle et totalement dénuée d''émotions (qu''elles soient positives, comme l''amour, ou même négatives, comme la haine ou la peur). Ce serait un véritable exploit si un mortel (ou même un dieu) parvenait à entailler la gangue de glace qui entoure son cœur. Son instinct ne la trompe jamais dès qu''il s''agit d''infliger une souffrance physique ou morale, à tel point qu''elle sait toujours ce qu''il faut dire pour blesser ses interlocuteurs et semer le doute dans leur esprit, fussent-ils dieux ou mortels. Contrairement à la plupart des tourmenteurs, elle ne craint pas de se faite blesser dans l''affrontement et se moque ouvertement des tentatives faites pour la meurtrir, tant physiquement que moralement. Son unique faiblesse est peut-être sa nature extrêmement calculatrice, qui repose sur la certitude que tous les mortels sont profondément égoïstes. En conséquence, ceux qui se comportent en héros ou qui n''hésitent pas à se sacrifier peuvent parfois faire échouer ses plans concoctés avec soin.\n\nDogme\n\nLe monde n''est que douleur et tourment, et le mieux que vous puissiez faire est d''encaisser les coups que vous ne pouvez pas éviter et de rendre autant de souffrance que possible à ceux qui vous blessent. La bonté est la meilleure des compagnes qui mérite de souffrir et elle augmente d''ailleurs l''intensité de la douleur. A l''occasion, faites montre de pitié et accordez vos soins pour offrir l''espoir aux gens et accroître davantage le mystère de la miséricorde de Loviatar. Si vous faites preuve d''une cruauté permanente, vous vous mettrez tout le monde à dos. Apprenez à vous montrer séduisant. Offrez douleur et tourment à ceux qui aiment cela, mais également à ceux qui le méritent ou qui en souffriront le plus. Le fouet, le feu et le froid sont les trois douleurs qui ne font jamais défaut aux fidèles. Enseignez les préceptes de Loviatar lorsqu''une punition est assignée. La douleur est le meilleur des tests, mais elle offre une force spirituelle et un véritable plaisir aux justes et aux courageux. Il n''existe nulle sanction réelle quand le punisseur ne connaît pas la discipline. Où que l''on trouve un fouet, on trouve également Loviatar. Craignez-la -mais désirez-la également.',7,'Fouet à 9 queues',NULL,2,'2016-09-15 13:58:18','2016-09-15 14:35:51');
INSERT INTO deity (id, name, shortDescription, description, alignmentId, symbol, image, version, created, updated) VALUES (17,'Malar','Dieu de la chasse','Malar est un dieu archaïque et sauvage qui se repaît des sensations de la chasse et du sang de la mise à mort. Il a l''apparence d''un fauve svelte et souple, dont la fourrure noire comme l''ébène est constellée de sang- Malar se réjouit de la peur qu''il provoque chez ses victimes, car il est capable de littéralement sentir et goûter le parfum de leur terreur. Le Seigneur Bestial est connu sous des noms différents selon l''endroit, par exemple, le Tourmenteur le long des côtes de bief de Vilhon, l''Eventreur sur la Glace sans fin et le Grand glacier, l''Ours Bleu parmi les Uthgardts et Herne pour les orques de la Haute-Forêt Dans les régions civilisées, l''Église de Malar est universellement méprisée, car ses membres — souvent de maléfiques lycanthropes — font partie des plus grandes menaces à l''encontre des habitants. Cependant, sur les frontières et dans les régions plus sauvages, ceux.qui doivent chasser pour obtenir leur nourriture rendent à contrecœur hommage au Seigneur Bestial, par crainte de sa cruauté. Les étrangers font parfois une différence entre les «Meutes», c''est-à-dire les groupes d''adorateurs de Malar qui agissent ouvertement, et ceux qui profitent du couvert de la nuit. Certains royaumes, comme le Cormyr, reconnaissent officiellement aux premières toute autorité sur les affaires de chasse, mais considèrent les seconds comme des prédateurs nuisibles qu''il faut chasser ou abattre.\n\nDogme\n\nLa survie des plus forts par l''éradication des plus faibles est le don de Malar aux mortels. Une mort ou un meurtre brutal et sanglant a une grande signification. Le point culminant de la vie est la confrontation entre le chasseur et sa proie, le moment précieux où l''on détermine qui vit et qui meurt. Considérez toute chose importante comme une chasse. Restez toujours alerte et vif. Progressez dans la nature sauvage sans précipitation et ne montrez aucune peur au cours de la chasse. La sauvagerie et les émotions fortes provoquent la perte de toute raison et de toute prudence. Goûtez le sang de ceux que vous avez tués et n''abattez jamais une proie à distance. Œuvrez contre ceux qui s''en prennent à la foret et qui tuent des animaux uniquement parce qu''ils sont dangereux. Ne tuez pas les jeunes, les femelles enceintes ou les petits, de manière à ce que les proies restent nombreuses.',9,'Main griffue',NULL,2,'2016-09-15 13:58:18','2016-09-15 14:38:08');
INSERT INTO deity (id, name, shortDescription, description, alignmentId, symbol, image, version, created, updated) VALUES (18,'Mailikki','Déesse des forêts','Mailikki est une déesse de bonne composition, au sourire facile et toujours sûre de sa manière d''agir. Elle est farouchement loyale et protectrice à l''égard- de ceux qu''elle considère comme ses amis, mais elle est lente et exigeante à jauger quelqu''un avant de le compter parmi eux. Bien qu''elle sache que la mort fait partie du cycle de la vie, elle n''a pas le cœur aussi dur que Silvanus et elle intervient souvent pour guérir les blessures des créatures qu''elle trouve difficiles à supporter. Mailikki prend l''apparence d''une femme robuste aux cheveux roux et aux yeux noisette, à la silhouette galbée mais svelte, vêtue d''une armure de cuir dans les tons vert et brun sourds.\n\nDogme\n\nLes êtres intelligents peuvent vivre en harmonie avec le monde sauvage. Ils n''ont pas besoin d''avoir recours à la destruction pour espérer construire la paix. Sachez apprécier la nature sauvage sans la craindre car la voie de la nature est la voie du bien. Trouvez et conservez votre propre équilibre et apprenez les secrets de la vie. Sachez percevoir et accepter les bons côtés de la vie sauvage. Ne permettez pas que les arbres morts restent inutilement étendus au sol et faites en sorte que les arbres vivants ne soient pas inutilement brûlés. Vivez dans la forêt et apprenez à faire partie d eaà forêt. Ne vous engagez pas dans d''inutiles batailles contre la forêt. Protégez la vie de la forêt, défendez chaque arbre. Plantez un nouvel arbre là où la mort en a fait tomber un. Faites en sorte de restaurer l''harmonie brisée par les utilisateurs du feu et les bûcherons. Ne faites plus qu''un avec les bois et apprenez aux autres à faire de même. Punissez et abattez ceux qui chassent pour le plaisir ou qui torturent les animaux sauvages.',2,'Tête de licorne',NULL,2,'2016-09-15 13:58:18','2016-09-15 14:37:19');
INSERT INTO deity (id, name, shortDescription, description, alignmentId, symbol, image, version, created, updated) VALUES (19,'Myrkul','Dieu de la mort',NULL,8,'Crâne humain blanc',NULL,1,'2016-09-15 13:58:18','2016-09-15 13:58:18');
INSERT INTO deity (id, name, shortDescription, description, alignmentId, symbol, image, version, created, updated) VALUES (20,'Mask','Dieu des voleurs','Mask est un dieu égocentrique et confiant qui aime à concevoir et à mettre en œuvre des complots compliques, qui sont à l''origine de beaucoup de ses propres problèmes. Le Seigneur des Ombres est prudent mais calme, n perd jamais son sang-froid et donne toujours l''impression de devoir retenir une remarque moqueuse. Le choix de Mask de toujours modifier son apparence est payant : personne ne connaît son véritable visage.\n\nDogme\n\nTout ce qui advient au cœur des ténèbres est lié à Mask. La propriété constitue les neuf dixièmes de ce qui est juste et la propriété se définit par la possession. Le monde appartient aux individus rapides, à la langue habile et aux doigts agiles. La prudence et la discrétion sont de grandes vertus, tout comme le sont l''éloquence et la capacité de dire une chose tout en en pensant une autre. Apprenez à plier toute situation à votre avantage. Les richesses appartiennent à ceux qui peuvent les acquérir. Faites en sorte que chaque soir vous soyez un peu plus riche qu''au matin. Mais prenez aussi soin de ne voler que ce qui est vital et non tout ce qui vous passe sous la main. ''honnêteté est pour les imbéciles, mais une honnêteté apparente est la clef qui ouvre toutes les portes. Faites en sorte que tous vos mensonges soient plausibles et ne mentez jamais lorsque vous pouvez dire la vérité (mais laissez éventuellement croire que vous êtes en train de mentir). Tout doit être subtilité. La manipulation est bien plus efficace que la force, tout particulièrement lorsque vous parvenez à faire croire aux gens qu''ils agissent de leur propre initiative. N''agissez jamais de manière évidente, sauf si cela vous permet de dissimuler quelque chose. Ayez confiance dans les ténèbres, la lumière ne fera de vous qu''une cible facile pour vos ennemis.',6,'Masque noir',NULL,2,'2016-09-15 13:58:18','2016-09-15 14:39:21');
INSERT INTO deity (id, name, shortDescription, description, alignmentId, symbol, image, version, created, updated) VALUES (21,'Mystra','Déesse de la magie','Mystra est l''incarnation de la Toile, dont elle autorise l''utilisation et qu''elle entretient. La Toile est le conduit qui permet aux lanceurs de sorts mortels et aux créateurs d''objets d''accéder sans danger à la force brute de la magie. Mystra est aussi la déesse de tout ce que la magie peut apporter, ce qui fait d''elle l''un des êtres les plus puissants qui s''intéressent à Toril, Même si elle penche en faveur du Bien, elle a appris qu''en tant que divinité de la magie, elle doit préserver l''Équilibre. Quoiqu''elle puisse s''opposer à la création de nouveaux sorts ou objets magiques qui s''opposent à sa philosophie, elle utilise rarement ce droit de veto, à moins que la Toile ou la magie en général ne soit menacé. Mystra a l''apparence d''une belle femme humaine aux cheveux libres et sombres et à la peau éclatante.\n\nDogme\n\nAimez la magie pour elle-même. Ne la considérez pas comme une simple arme vous permettant de modeler le monde à votre volonté. La véritable sagesse est de savoir quand ne pas utiliser la magie. Tandis que vos pouvoirs se développent, tentez de vous servir moins soi vent de la magie, car il arrive que les menaces ou les promesses de son utilisation surpassent ses possibilités. La magie est un Art, le don de la Dame, et ceux qui peuvent la manipuler sont des individus bénis du plus grand des privilèges. Comportez-vous humblement plutôt que fièrement. Faites attention à la manière dont vous allez l''utiliser. Manipulez l''Art avec prudence et de manière efficace et non pas sans but et de manière impulsive. Cherchez toujours à apprendre et à créer de nouvelles formes de magie.',2,'Cercle de 7 étoiles',NULL,2,'2016-09-15 13:58:18','2016-09-15 14:56:47');
INSERT INTO deity (id, name, shortDescription, description, alignmentId, symbol, image, version, created, updated) VALUES (22,'Oghma','Dieu de la connaissance','La domination d''Oghma sur le domaine des idées perdure de nos jours. Le Seigneur de la Connaissance est le juge de toute idée, décidant si elles peuvent se propager ou doivent s''éteindre avec leur créateur. Dans ce rôle, l''Archiviste est extrêmement prudent, car les souvenirs des âges passés pèsent lourdement sur ses épaules. Il préfère suivre le principe de précaution et être conservateur pour ce qui est des idées, en espérant qu''aucune pensée nouvelle ne vienne perturber l''équilibre délicat qu''il s''évertue à maintenir depuis le début des temps. Malgré cela, extérieurement, Oghma respire la bonne humeur, profitant de sa beauté, de ses qualités oratoires et de son charme sans pareil pour faire pencher ses adversaires les plus farouches en sa faveur. \n\nDogme\n\nLa connaissance, particulièrement celle des idées, est chose suprême. Une idée n''a aucun poids, mais elle peut déplacer des montagnes. Il s''agit du plus grand trésor de l''humanité, car une idée vaut plus que tout ce qui a pu être créé par des mains mortelles. La connaissance est le pouvoir et-il est nécessaire de l''utiliser précautionneusement. Toutefois, ce n''est pas une bonne chose de la dissimuler. Ne rejetez aucune nouvelle idée,-même si elle paraît stupide ou folle. Au contraire, prenez le temps de l''écouter et d''y réfléchir. Ne tuez jamais un chanteur et ne côtoyez pas ceux qui le font. Répandez la connaissance partout où il est prudent de le faire. Affrontez et détruisez le mensonge, la rumeur et les histoires fausses lorsque vous y ''êtes confronté. Archivez ou copiez les connaissances de grande valeur au moins une fois dans l''année avant de les transmettre. Financez les bardes, les scribes, les archivistes et enseignez leur votre savoir de manière à ce qu''ils puissent le transmettre à d''autres. Répandez la vérité et la connaissance autour de vous. Ne délivrez jamais un message incomplet ou erroné. Enseignez gratuitement la lecture et l''écriture à ceux qui en font la demande.',5,'Parchemin vide',NULL,2,'2016-09-15 13:58:18','2016-09-15 14:58:33');
INSERT INTO deity (id, name, shortDescription, description, alignmentId, symbol, image, version, created, updated) VALUES (23,'Seluné','Déesse le la lune','Séluné est une représentation des pouvoirs mystérieux de la lune, la force céleste qui provoque les marées, transforme les lycanthropes, rythme les cycles reproductifs et aiguillonne la folie en chacun de nous. En tant que divinité indicible-ment âgée, Séluné envisage l''existence avec le calme tranquille de la douce lumière lunaire. Comme la lune elle-même, la paisiblement mystique Dame d''Argent a plusieurs visages. Parfois, elle semble distante, drapée dans le chagrin de drames et d''échecs passés. D''autres fois, elle danse joyeusement, sa silhouette gracieuse brillant d''un éclat majestueux. Séluné est un être chaotique habitué au changement, mais elle possède malgré tout une constante : son combat acharné et permanent contre son ennemie juré, Shar. Ensemble, elles ont créé Toril, y ont amené la vie, et depuis, elles se disputent le destin de leur création.\n\nDogme\n\nQue tous ceux sur qui tombe la lumière de Séluné soient les bienvenus s''ils le désirent. De la même manière que la lumière de la lune croît et décroît, la vie fluctue sans cesse. Ayez confiance dans la radiance de Séluné et sachez qu''elle bénira tout amour sincère baigné par sa lumière. Tournez-vous vers la lune et elle vous guidera. Les plus importantes vertus sont l''acceptation et la tolérance. Considérez tous les autres êtres comme vos égaux. Aidez les autres sélunites comme s''ils étaient vos plus chers amis.',3,'Pair d''yeux surmontés de 7 étoiles',NULL,2,'2016-09-15 13:58:18','2016-09-15 14:59:33');
INSERT INTO deity (id, name, shortDescription, description, alignmentId, symbol, image, version, created, updated) VALUES (24,'Shar','Déesse de la noirceur et de la perte','Après que le Seigneur Ao ait crée l''univers, surgissent deux déesses : Séluné, la lumière et Shar, les ténèbres. Paradoxalement, les actes destructifs de Shar ne peuvent rien sans les actes créatifs de de Séluné... Shar représente les ténèbres primaires, le vide et la fin de la création. Son coeur ne contient que le calme du vide et des ténèbres. Elle est représentée comme une sphère noire luisant en violet ou comme une belle femme les cheveux noir corbeau, les yeux violets et les vêtements noirs. Ses batailles contre Séluné continuent encore, même si elles ont connus leur apogée au début de la création. Elle adore les secrets et les subterfuges, utilisant ses fidèles dans ses jeux cruels ou dans ses guerres sans fin.\nShar est aussi la maîtresse de la Toile des Ombres, une toile de magie corrompue et mauvaise. Shar cherche à gagner un pouvoir sur la magie elle-même et cherche des alliés dans ce but.',8,'Disque noir bordé de violet',NULL,2,'2016-09-15 13:58:18','2016-09-15 15:03:30');
INSERT INTO deity (id, name, shortDescription, description, alignmentId, symbol, image, version, created, updated) VALUES (25,'Silvanus','Dieu de la nature sauvage','Même s’il est sage et bénéfique, le paternel Silvanus peut être émotionnellement distant quand cela devient nécessaire et défend l’équilibre de la nature face à ceux qui maltraitent les lieux sauvages. Le clergé de Silvanus est réparti sur tout Faerun et est plus puissant qu’on ne le pense. La plus part des personnes voient Silvanus comme l’opposé de Chauntéa, déesse de l’agriculture et des terres civilisées, comme un ennemi sauvage de l’avancée de la civilisation. Cela n’est pas vraiment correct, surtout que ceux qui prient les Dieux de la Furie voient plutôt l’inverse.\nComme Oghma, Silvanus est un dieu ancien ayant des relations sur d’autres plans. Il est allié à Chauntéa et est servie directement et indirectement par Eldath, Mailikki, Lurue et Shallia. Il est opposé au Seigneur des Bêtes Malar pour sa soif de sang et son envie de chasser tout animal vivant. Même s’il considère que la destruction et la maladie font partie de l’équilibre, Silvanus hait Talona et Talos pour leur envie de destruction.\nDogme\n\nSylvanus voit et équilibre tout, mélangeant le feu et la glace, la vie et la mort. Garde tes distances et regarde la situation globale plutôt que de croire qu’une idée locale est la meilleure. Tout est dans un cycle, justement équilibré. Il est du devoir du dévot de voir et respecter ce cycle. N’utilise la violence et la confrontation qu’en cas de défense ou de problème de temps.',5,'Feuille de chêne',NULL,2,'2016-09-07 09:17:22','2016-09-15 15:07:25');
INSERT INTO deity (id, name, shortDescription, description, alignmentId, symbol, image, version, created, updated) VALUES (26,'Sunie','Déesse de l''amour et de la beauté','La plus belle d''entre les déesses, Sunie est bienveillante et parfois fantasque. Elle apparaît comme une femme rousse à la beauté resplendissante et au charme incroyable. Elle passe constamment d''une passion intense à un flirt sans conséquence et elle s''est trouvée engagée dans des relations romantiques avec de nombreuses autres divinités faerûniennes. Sunie apprécie les attentions et les flatteries sincères. Elle fait tout son possible pour éviter de se retrouver en compagnie d''individus horribles et ennuyeux. La Dame au Cheveux de Feu aime et protège ses fidèles, qui à leur tour magnifient et protègent la beauté du monde.\n\nDogme\n\nLa beauté n''est pas que superficielle. Elle vient du cœur des choses. Elle révèle le véritable visage des êtres, leur lumière intérieure ou leurs ténèbres cachées. Croyez dans le pouvoir de l''amour, car il peut triompher de tout. Suivez les inclinations de votre coeur, il est le meilleur des guides. N''aimez personne plus que vous-même à l''exception de Sunie, et laissez-vous engloutir par cet amour. Accomplissez un acte d''affection chaque jour et tentez d''éveiller l''amour dans le coeur de ceux que vous rencontrez. Faites en sorte d''acquérir toutes sortes de beaux objets et soutenez les individus qui créent de telles choses. Entretenez la beauté de votre corps et mettez-le autant en valeur que la situation le permet. Choisissez votre coiffure et vos vêtements selon votre style personnel, de façon à être attirant et à susciter des émotions chez ceux qui vous regardent. Surtout, ne soyez pas discret, mais tâchez de vous présenter à ceux qui vous entourent avec des tenues et des activités variées pour les remplir d''amour et de désir. Aimez ceux qui vous montrent leur intérêt et laissez grandir la fleur de l''amitié et de l''admiration là l''amour ne peut ou ne doit être.',3,'Visage d''une belle femme rousse',NULL,2,'2016-09-07 09:18:13','2016-09-15 15:08:08');
INSERT INTO deity (id, name, shortDescription, description, alignmentId, symbol, image, version, created, updated) VALUES (27,'Talona','Déesse de la maladie et du poison','Talona fait partie des Dieux Noirs. On la représente souvent sous les traits d''une vieille sorcière toute rabougrie au visage couvert de tatouages. Là où elle passe, l''infortune et la mort la suivent de près. C''est une divinité hors norme et plusieurs sages affirment que sa personnalité est celle d''une enfant égoïste, piégée dans l''enveloppe charnelle d''une femme qui était autrefois très belle mais dont le corps a depuis été dévasté par la maladie et le passage des ans. Son comportement est extrêmement lunatique : elle peut tout aussi bien être avide d''attention, comme une enfant en manque d''affection, ou hautaine comme une femme abandonnée par l''homme qu''elle aimait.\n\nDogme\n\nÉlevez la douleur au rang de plaisir, car la vie et la mort s''équilibrent. Cependant, la mort est la plus puissante et il faut lui rendre hommage et la respecter. La mort est la véritable puissance, la grande égalisatrice et la leçon qui attend chacun. S''il vous revient de terrasser votre prochain, n''hésitez pas. La Mère de Tous les Maux œuvre de l''intérieur. La faiblesse et le dépérissement constituent ses forces. Le souffle de Talona vous accompagnera à jamais, qui que le reste du monde et vous serviez. Faites en sorte que tous les êtres vivants rendent hommage à Talona, en lui adressant prières et biens. S''ils s''exécutent, intervenez pour que Talona ne les emporte pas - du moins pas tout de suite. Allez et œuvrez au nom de Talona. Que vos agissements soient subtils ou spectaculaires, faites connaître la volonté de la Maîtresse des Maladies.',9,'3 larmes sur un triangle',NULL,2,'2016-09-07 09:20:32','2016-09-15 15:17:30');
INSERT INTO deity (id, name, shortDescription, description, alignmentId, symbol, image, version, created, updated) VALUES (28,'Talos','Dieu des tempêtes','Talos incarne les forces destructrices naturelles. C''est le dieu des tempêtes, des incendies de forêt, des tremblements de terre, des tornades, des ouragans, bref, de la destruction sous toutes ses formes. Il attire tous ceux qui aiment piller, voler et ravager. Ses actes semblent souvent mesquins et vengeurs; la plupart du temps, ils sont motivés par la colère et le désir de toujours paraître fort, ; ses fidèles qu''à ceux des autres dieux de Faerûn. Il aime casser, inonder ou détruire de quelque manière que ce soit. Il est comme un enfant malicieux et capricieux dont la colère n''a pas de limites et qui se prouve qu''il existe en faisant pleuvoir la dévastation sut ceux qui sont trop faibles pour s''opposer à lui.\nL''art religieux représente Talos sous la forme d''un rire colossal au beau milieu d''un ouragan. Parfois, cette marque d''hilarité s''accompagne de deux yeux qui ressemblent davantage à des braises géantes et qui sont entourés d''air tourbillonnant.\n\nDogme\n\nLa vie est une combinaison de chaos et de hasard, c''est pourquoi il faut vous saisir de toutes les occasions car Talos peut décider de s''emparer de-vous à n''importe quel moment. Prêchez la puissance de Talos et faites comprendre à tous l''étendue des forces qu''il contrôle - la fureur de tout Faerûn. Marchez sans peur à travers les tempêtes, les feux de forets, les tremblements de terre et tous les autres désastres car le pouvoir de Talos vous protège. Faites cela en public lorsque c''est possible, afin que tous sachent que seul Talos peut les protéger. Faites naître la peur de Talos dans le cœur de ceux que vous rencontrez. Montrez-leur les destructions dont Talos et ses serviteurs sont capables. Pour éviter de tâter de sa colère, priez-le énergiquement et dites à tous que cela, et cela seul, peut les protéger de la fureur des ouragans, de la grêle, des vents, des inondations, de la sécheresse, du blizzard, des tornades et des autres catastrophes naturelles. Lancez ces forces contre vos ennemis si Talos juge une personne ou un endroit digne d''être défendu. Nul ne peut ignorer Talos, et l''on doit s''agenouiller pour le vénérer. Proclamez ce message partout et montrez la destruction que peut provoquer le moindre serviteur de Talos.',9,'3 éclairs partant du même point',NULL,2,'2016-09-07 09:21:54','2016-09-15 15:17:30');
INSERT INTO deity (id, name, shortDescription, description, alignmentId, symbol, image, version, created, updated) VALUES (29,'Tempus','Dieu de la guerre','Perché sur ses montures jumelles - Veiros, une jument blanche et Deiros, un étalon noir — Tempus impose sa loi sur la guerre, distribuant ses faveurs au hasard, sa nature chaotique ne favorisant aucun camp à long terme. Le dieu de la guerre peut soutenir une arnica un jour, puis une autre le lendemain. Les soldats de tous les alignements le prient avant chaque bataille. Suprême et honorable au combat, Tempus est un dieu fort et robuste qui suit son propre code de l''honneur et qui ne recherche pas particulièrement les alliances durables. Il aime manger, boire et chasser, mais préfère par-dessus tout se battre. Il a toujours l''apparence d''un humain géant portant un harnois ensanglanté et usé par ses nombreuses batailles. Son heaume de guerre dissimule entièrement son visage. Il tient dans ses mains gantées une hache de bataille ou une épée noire ébréchée et salie par l''usage.\n\nDogme\n\nTempus ne gagne pas les batailles, il aide les guerriers dignes de son attention à remporter la victoire. La guerre st équitable puisqu''elle écrase et aide tous les peuples pareillement et que chaque bataille peut amener la mort ou un grand des-de chef. La guerre ne doit pas être crainte, elle est une force naturelle, une force humaine, une tempête issue de la civilisation. Armez tous ceux qui ont besoin de combattre, même vos adversaires. Battez la retraite si c''est nécessaire, mais n''évitez jamais le combat. Tuez les ennemis les plus valeureux et apprenez à mettre rapidement fin à un combat en éliminant les cibles décisives plutôt que de mener une longue guerre d''attrition. Souvenez-vous de ceux qui sont morts devant vous. Protégez ce en quoi vous croyez, pour éviter que ce ne soit balayé. Ne refusez aucun adversaire et respectez-les tous. La valeur se moque des distinctions liées à l''âge, au sexe ou à la race. Tempus apprécie ceux qui restent courageux et efficaces au combat sans avoir besoin de faire appel à des tours peu honorables, comme la destruction des foyers, des familles ou des troupeaux, ou les attaques à revers (à moins qu''elles soient l''œuvre d''une troupe en grande infériorité numérique). Pensez aux conséquences des violences engendrées par la guerre et ne provoquez donc pas de guerres inutiles- Sachez aussi que les beaux parleurs qui cherchent à tout prix à éviter le conflit peuvent provoquer de plus terribles dégâts que le plus énergique des tyrans, des pillards ou des chefs de horde.',5,'Épée emflammée',NULL,2,'2016-09-07 09:22:38','2016-09-15 15:18:21');
INSERT INTO deity (id, name, shortDescription, description, alignmentId, symbol, image, version, created, updated) VALUES (30,'Torm','Dieu du devoir et de la loyauté','Torm le Juste, patron des paladins et ennemi de la corruption et du mal, set le peuple de Faerun comme exemple de chevalerie. Un héros qui vie sa vie immortelle au service de la souveraineté juste, Torm défend le bien et les lois établis par des mortels honorables et justes. Torm a battu et tuer Bane non loin de Tantras lors du Temps des Troubles. Il augmenta alors sa popularité, devenant le héros au cœur pur sur tout le continent, un sauveur qui a délivré Faerun du dieu de la tyrannie.. Il devint un idéal pour de nombreux chevaliers, un exemple de personne prêt au sacrifice pour le bien.',1,'Gantelet droit',NULL,2,'2016-09-07 09:26:18','2016-09-15 15:21:38');
INSERT INTO deity (id, name, shortDescription, description, alignmentId, symbol, image, version, created, updated) VALUES (31,'Tymora','Déesse de la chance et de la bonne fortune','Deux facteurs expliquent l''impressionnante popularité de la douce et amicale Tymora. Déjà, son statut de déesse de la chance fait d''elle une patronne de choix pour les aventuriers, surtout les débutants, rêvant de gloire et espérant un coup de pouce de Tymora. Le second est facteur, est que Tymora a apporté bonheur et stabilité tout autour de Arabel durant le Temps des Troubles, augmentant à a fois la puissance de son clergé et celui de la ville. Les clercs de Tymora ont tendance à être calme et serein en toute circonstance, et ils n''hésitent pas à tenter leur chance en toute occasion.',3,'Pièce de monnaie coté face',NULL,2,'2016-09-07 09:27:18','2016-09-15 15:22:54');
INSERT INTO deity (id, name, shortDescription, description, alignmentId, symbol, image, version, created, updated) VALUES (32,'Tyr','Dieu de la justice','Dans les nations civilisées, avant chaque procès criminel, les magistrats intègres murmurent une prière à Tyr la Main Juste, pour qu''il leur accorde discernement, pondération et résolution. Tyr est un dieu immigrant arrivé sur Toril depuis un autre cosmos. Utopiste, il se veut le-père qui façonnera une société parfaite à partir dès peuples de Faerûn, qu''il considère comme ses enfants prodigues. La douleur de savoir que ses adorateurs mortels n''ont aucun espoir de réaliser et de protéger un monde ordonné, sans défaut et complètement juste, nuance sa philosophie d''un arrière-goût de tristesse. L''iconographie religieuse représente Tyr comme un guerrier vieillissant, ayant perdu une main, dont les blessures aux yeux sont souvent couvertes d''un bandage sanglant. Le Dieu Manchot a perdu sa main droite lors d''un combat contre l''entité avide appelée Kezef le molosse du chaos. La cécité de Tyr date des Temps des Troubles, quand Ao lui-même le frappa aux yeux en punition de n''avoir été témoin du vol des Tablettes du Destin et de n''avoir empêcher la discorde de naître entre les dieux de Toril. Ses adorateurs ont fait des stigmates de Tyr des symboles de la justice impersonnelle et du prix que les justes doivent payer pour parcourir le chemin du droit et de la défense stoïque de la loi.\n\nDogme\n\nRévélez la vérité, punissez les coupables, redressez les torts et soyez toujours droit et juste dans chacune de vos actions. Obéissez à la loi où que vous vous trouviez et punissez ceux qui répandent le mal en violant la loi Conservez les archives de vos décisions, de vos jugements et de vos actes. C''est ainsi que vos erreurs pourront être corrigées, que vous pourrez agir sur les lois des terres où vous vivez et que votre capacité à repérer ceux qui violent la loi s''améliorera. Soyez vigilant et sachez anticiper les actes de vos adversaires de manière à repérer ceux qui s''apprêtent à commettre des injustices avant qu''ils commencent a agir. Vous pourrez ainsi les contrer avant qu''ils ne menacent l''ordre et la loi Soyez le bras vengeur de ceux qui ne peuvent accomplir seuls cet acte.',1,'Balance reposant sur un marteau de guerre',NULL,2,'2016-09-07 09:31:40','2016-09-15 15:23:22');
INSERT INTO deity (id, name, shortDescription, description, alignmentId, symbol, image, version, created, updated) VALUES (33,'Umberlee','Déesse des mers','Méchante, cruelle et diabolique, Umberlee est la terreur des marins. Elle adore voir les gens mourir de la noyade, dévorés par les mâchoires des prédateurs des mers. Elle est la « mère » des requins-garous, les seuls êtres à l’admirer au lieu de la craindre. La Reine Garce est représenté comme une femme de couleur bleu-vert, les yeux comme des perles et les cheveux comme des algues. Malgré les promesses de la relativement faible église de Valkur, les marins donnent presque tous quelques gemmes en offrande à Umberlee.\n\nDogme\n\nLa mer est un lieu sauvage, et ceux qui souhaitent la traverser ferait mieux d’en payer le prix. Tous doivent connaître et craindre la Reine Garce, car le vent et les vagues peuvent les atteindre n’importe où si elle est en colère. Ceux qui ne payent pas le prix d’Umberlee verront que la mer est aussi froide que son cœur. Tue ceux qui associent les tempêtes et les vagues à Talos.',9,'Vague courbant à gauche et à droite',NULL,2,'2016-09-07 09:32:33','2016-09-15 15:24:32');
INSERT INTO deity (id, name, shortDescription, description, alignmentId, symbol, image, version, created, updated) VALUES (34,'Waukeen','Déesse du commerce','Waukeen est une déesse relativement jeune, intéressée par la richesse non pas pour elle même, mais pour ce qu''elle peut amener. Elle adore marchander dans les places de marché. Elle régit les transactions qui se passent sur la table mais aussi ceux qui sont sous la table, c''occupant autant des marchés légaux que du marché noir.',5,'Pièce de monnaie avec le profil de Waukeen regardant à gauche',NULL,2,'2016-09-07 09:33:58','2016-09-15 15:25:22');
INSERT INTO deity (id, name, shortDescription, description, alignmentId, symbol, image, version, created, updated) VALUES (35,'Abbathor','Dieu nain de la cupidité','Abbathor n''a pas toujours été mauvais. Il était au début un dieu de la beauté des gemmes et des métaux. Mais il se sentit rejeté par les autres dieux lorsque Moradin nomma Dumathoïn dieu des nains dorés, position que Abbathor souhaitait depuis sa naissance. Il est alors devenu de plus en plus renfermé sur lui même, et son amour des gemmes et des métaux se mua en avarice très forte. Les nains ayant une certaine proportion naturelle à l’avarice, beaucoup d''entre eux sont tombés sous l''appel de Abbathor.\nMême si Berronar le déteste, même si Dumathoïn lui retourne son dédain, les autres dieux nains n''ont rien spécifiquement contre lui, ce qui explique qu''il soit pas banni du panthéon. Ils le voient plutôt comme un frère désagréable et obsédé, mais capable quand on a besoin de lui.\nNéanmoins, il est surveillé de près par Moradin, et certains de ses espions gardent un oeil sur les temples de Abbathor. Mais jusque là, il est resté fidèles aux nains. Abbathor se moque totalement des dieux non-nains.',8,'Dague incrustée de joyaux',NULL,3,'2016-09-07 11:11:09','2016-09-15 15:26:13');
INSERT INTO deity (id, name, shortDescription, description, alignmentId, symbol, image, version, created, updated) VALUES (36,'Berronar Purargent','Déesse naine de la sécurité, vérité, foyer et soin.','Berronar Purargent est la matriarche du panthéon nain. Elle est la femme de Moradin et utilise ses compétences de négociatrices pour unir les clans nains. D''après la tradition naine, sans ses qualités, le panthéon nain n''aurait jamais survécu au lent déclin des puissants royaumes nains.\nBerronar a peu de véritable alliance en dehors du panthéon nain, même si elle entretient de bonne relation avec les déesses elfes, gnomes et halfelins. Elle travaille beaucoup avec Sharindlar pour ce qui concerne d''aspirer des actes d''amour entre les nains. Elle aimerait voir Abbathor bannit du panthéon, tout comme le sont Laduergar et Duerra. Sa haine des dieux orques et gobelins rivalise avec celle de son mari.',1,'2 anneaux d''argent entremêlés',NULL,3,'2016-09-07 11:19:56','2016-09-15 15:26:47');
INSERT INTO deity (id, name, shortDescription, description, alignmentId, symbol, image, version, created, updated) VALUES (37,'Clanggedin Barbedargent','Dieu nain de la bataille','Partout où les nains partent au combat, raisonnent les hymnes de Clanggeddin Barbedargent. Les nains qui sont des combattants, que ce soit par choix ou par profession, honorent le Seigneur des Haches Jumelles, prônant l''honneur dans la bataille, la maîtrise dans l''entraînement et la sagesse dans la guerre. Clanggeddin Barbedargent ne refuse jamais un défi, ne se rend jamais, ne fuit jamais même si tout semble perdu. Il hait particulièrement les géants, et le don des nains à pouvoir les battre serait un don de sa part. Si il est populaire parmi les communautés naines, les suivants de Clanggeddin Barbedargent sont mal vu parmi les autres races, les voyant juste comme des berserkers assoiffés de sang.',1,'2 haches d''arme croisées',NULL,3,'2016-09-07 11:21:29','2016-09-15 15:28:22');
INSERT INTO deity (id, name, shortDescription, description, alignmentId, symbol, image, version, created, updated) VALUES (38,'Dumathoin','Dieu nain de l''exploration minière connu sous le nom de Gardien des secrets sous la montagne.','Durant les Années de Silence, Dumathoïn a préparé les montagnes à la venu des nains des boucliers. Nommé par son patron Moradin, le dieu silencieux a mis des veines de métaux précieux et d''innombrables gemmes aux innombrables couleurs pour embellir son royaume. Mais les nains d’écu ont rapidement trouvés ces veines et les ont extrait, mettant Dumathoïn dans un état de colère. Néanmoins, il vit que les nains avaient fait de ces métaux et de ces gemmes de superbes objets d''art et des joyaux de grand raffinement. Cela calma le dieu et le remplit de fierté. Désormais, le Gardien des Secrets sous la Montagne assure la sécurité des mineurs et des mines. De part le néanmoins grand nombre d''accident dans les mines, il devint un peu malgré lui le dieu des morts des nains.',5,'Une gemme dans une montagne',NULL,2,'2016-09-07 11:26:35','2016-09-15 15:29:12');
INSERT INTO deity (id, name, shortDescription, description, alignmentId, symbol, image, version, created, updated) VALUES (39,'Moradin','Dieu nain de la création dit le Forgeur d''âme','Moradin est un dieu paternel, capable de devenir aussi dur que la pierre quand il défend sa race élue. Il est un juge dur, mais juste, la puissance et la force de volonté personnifiée. Il inspire les inventions naines et essaye constamment d''améliorer cette race, encourageant leur nature bonne, leur intelligence et leur bonne relation avec les autres races bonnes. Le temple de Moradin a un rôle actif important comme guide moral des communautés naines. L''un de ses principaux rôles est l''éducation des jeunes nains.\nD''après les mythes nains, le corps de Moradin serait né de pierre et de métal et son âme de flammes. Il a forgé le corps du premier nain à partir de métal et de gemmes puis leur a soufflé la vie. Il est le leader des dieux nains et a banni de la surface les dieux maléfiques des duergars et des duerros.',1,'Une flamme sur une enclume',NULL,3,'2016-09-07 11:29:52','2016-09-15 15:29:53');
INSERT INTO deity (id, name, shortDescription, description, alignmentId, symbol, image, version, created, updated) VALUES (40,'Sharindlar','Déesse naine des soins, de la pitié, de l''amour et de la fertilité','Quand un nain tombe malade ou qu''il est gravement blessé au combat, il offre souvent une prière à Sharindlar, la déesse naine du soin et de la pitié. Les nains ne font aucun secret de leur vénération pour cette bonne déesse qui protège son peuple avec sa gentillesse. Malgré tout, la plus part des nains ne parlent pas de cette dévotion aux autres races. Sharindlar représente ce que les nains cachent aux autres : quand ils quittent leur humeur taciturne pour une danse du soir ou quand le plus endurci des guerriers accepte les voeux de mariage de sa bien aimée.',3,'Cercle avec une cuillère en feu',NULL,2,'2016-09-07 11:33:28','2016-09-15 15:30:35');
INSERT INTO deity (id, name, shortDescription, description, alignmentId, symbol, image, version, created, updated) VALUES (41,'Corellon Larethian','Dieu elfe de l''art et de la magie','Corellon Larethian est le leader du panthéon elfique, et on dit que les elfes sont nés de son sang. Il représente l’idéal de la race elfe, travaillant comme une puissante déité de la guerre en cas de besoin et protégeant son peuple élu avec les mains attentionnées d’un artisan. Le clergé de Corellon préfère mettre en avant ses qualités de protecteur et d’artisan, plutôt que celle de chef des elfes. Ses clercs surveillent les frontières du domaine elfe, gardent les communautés elfes, et créent de beaux objets utiles pour la communauté ou le commerce. Il est rare de trouver un de ses clercs comme leader d’une communauté, bien que beaucoup sont trouvables à des postes importants.\n\nDogme\n\nLes elfes sont les sculpteurs des mystères sans fin de la magie. Combat ceux qui veulent détruire ce qu’ils ne peuvent créer. Communie avec la nature et les mystères du monde. Soit vigilant contre le retour des bannis et sois fort contre la Reine Araignée.',3,'Étoile à 8 branches',NULL,2,'2016-09-07 11:36:43','2016-09-16 07:58:53');
INSERT INTO deity (id, name, shortDescription, description, alignmentId, symbol, image, version, created, updated) VALUES (42,'Sashelas des Profondeurs','Dieu elfe de la mer','Sashalas des Abîmes est un leader charismatique et un créateur inspiré dont l''art est en perpétuelle mutation. Contrairement aux autres membres de la Seldarine, il se contente rarement de ce qu''il fait et cherche toujours à s''améliorer. Sashalas peut être capricieux et inconstant, et de nombreux mythes abordent ses exploits amoureux avec des sirènes, des elfes des mers mortelles, des humaines, voire des demi-déesses. Son épouse, Trishina tolère ses écarts, mais il n''a tout de même pas intérêt à pousser le bouchon trop loin. La Seldarine prend un malin plaisir à observer Trishina le suivre et déjouer ses efforts, généralement en donnant un avertissement à l''objet de son désir.\n\nDogme\n\nLivrez-vous aux grands courants et aux mers profondes. Réjouissez-vous dans la beauté et la vie du généreux monde sous-marin. Profitez de la joie de la création et accroissez-en la myriade d''aspects. Ne cherchez pas à retenir ce qui doit changer et apprenez à aimer le changement. Découvrez de nouvelles créatures aquatiques qui honorent les us du Seigneur du Monde Sous-Marin, et faites-vous en des alliés contre ceux qui ne distinguent que l''obscurité dans les profondeurs. Suivez la voie du dauphin. Servez la connaissance et l''utilisation de la mer par des peuples raisonnables. Combattez ceux qui souillent ou épuisent sa beauté et sa générosité.',3,'Dauphin',NULL,4,'2016-09-07 11:37:27','2016-09-16 08:01:07');
INSERT INTO deity (id, name, shortDescription, description, alignmentId, symbol, image, version, created, updated) VALUES (43,'Angharradh','Déesse elfe du printemps, fertilité et sagesse','Angharradh est l''aspect unifié d''un dieu, en fait constitué de trois déesses - Aerdrië Faenya, Hanali Celanil et Sehanine Archelune -, mais également une déesse à part entière qui reprend l''ensemble de leurs préceptes. Sa nature reflète donc les traits de personnalité de chacune des Trois, parmi lesquels la nature impulsive et capricieuse de la Mère Ailée, la nature romantique et affectueuse du Cœur d''Or, et la nature aussi sereine qu''éphémère de la Fille des Cieux de la Nuit. La fusion des Trois naquit de la trahison d''Araushnie (Lolth) et de la menace pour Arvandor et la Seldarine. De fait, la Triple Déesse affiche le sens de la protection et l''inflexible détermination de la Reine d''Arvandor. Malgré sa vigilance, la Retraite des Elfes, son annulation et le retour des drows dans le Cormanthor ont affaibli l''esprit même d''Angharradh. Du reste, les trois déesses sont de plus en plus souvent séparées.\n\nDogme\n\nL''unité et la diversité offrent la force. Soyez toujours vigilant face à Celle Qui Put Bannie et œuvrez à la protection des terres du Beau Peuple contre le Mal. Rendez hommage à l''Unique et aux Trois pour leur dessein collectif et leurs expressions personnelles de la vie. En mélangeant intérêts et talents variés, la créativité, la vie et l''art sont exaltés, dé nouvelles idées découvertes.',3,'3 cercles croisés dans un triangle vers le bas',NULL,2,'2016-09-07 11:43:14','2016-09-16 08:02:49');
INSERT INTO deity (id, name, shortDescription, description, alignmentId, symbol, image, version, created, updated) VALUES (44,'Garl Brilledor','Dieu gnome de la ruse, de l''humour et protection dit le Farceur','Garl Brilledor est un dieu doux et d''un abord facile. Il prise avant tout la vivacité d''esprit et ne reste jamais bien longtemps au même endroit. Bien que la vaillance physique et le pouvoir de l''esprit soient importants, il n''est pas nécessaire d''exagérer. Garl veille en permanence sur la coopération entre les gnomes. Il préfère la supercherie, l''illusion et la ruse à la confrontation physique directe, mais il n''en est pas moins un redoutable combattant. Souvent, Garl dérobe des armes maléfiques et des objets magiques destinés à de tristes fins pour en disposer comme bon lui semble. C''est aussi un escroc des plus espiègles, qui propose assurément la plus grande collection de blagues du multivers. Le Protecteur Vigilant reste en alerte face aux menaces capables de frapper le Peuple Oublié, et il veille personnellement sur les affaires de ce dernier. Quand il ne peut prévenir de tels dangers, il use de toutes les ressources disponibles pour s''en défendre. Bien que ses prouesses militaires s''attachent avant tout à la défense, Garl devient un seigneur de guerre dangereux et déterminé lorsque son peuple est menacé physiquement.\n\nDogme\n\nBien que la vie soit parfois difficile, il est important de conserver le sens de l''humour et de saisir au vol toutes les occasions de rire et de se divertir. Les communautés se lient au travers de la coopération et de l''esprit communautaire d''individus œuvrant et s''amusant ensemble. La force d''une communauté est la coopération qui lie les individus pour en faire davantage qu''une simple somme de contributions, Une bonne farce illumine les périodes difficiles et exalte les bons moments. Ne vous prenez jamais trop au sérieux, de peur de perdre contact avec ceux que vous protégez. Ne craignez pas le changement ou l''hétérodoxie car c''est là que réside le futur. Avant toute autre chose, faites ce qui marche.',1,'Pépite d''or',NULL,4,'2016-09-07 11:45:53','2016-09-16 08:04:03');
INSERT INTO deity (id, name, shortDescription, description, alignmentId, symbol, image, version, created, updated) VALUES (45,'Baervan Ermiterrant','Dieu gnome des forêts, des voyages et de la nature dit la Feuille Masquée','Baervan Ermiterrant est doux, bon et malicieux. D''ailleurs, son penchant pour les espiègleries bon enfant vaut celui de Garl Brilledor en personne. Bien que Baervan joue parfois des tours pendables à certaines créatures, il est difficile de ne pas l''apprécier. Ses farces sont davantage chargées de sens qu''elles ne relèvent du Peuple Oublié, et lorsqu''il souhaite délivrer un message, ce dernier prend souvent la forme d''une plaisanterie. Baervan est dieu tutélaire des gnomes des forêts, une espèce rare et farouche de gnomes des roches.\n\nDogme\n\nLes grandes forêts attendent les représentants du Peuple Oublié qui osent s''éloigner de leur terrier. Parcourez les forêts en quête de frisson et de sites sylvestres d''une incomparable beauté. Protégez les créatures des bois et leurs demeures forestières. Maintenez votre curiosité en éveil et suivez la voie de la vie, où qu''elle vous mène.',2,'Tête de raton laveur',NULL,4,'2016-09-07 13:16:09','2016-09-16 08:04:49');
INSERT INTO deity (id, name, shortDescription, description, alignmentId, symbol, image, version, created, updated) VALUES (46,'Callarduran Doucemains','Dieu gnome de la terre et de la roche dit Frère des Profondeurs. Il est le patron des svirfneblins.','Callarduran Doucemains est, par nature, solitaire et pensif, et il s''associe rarement aux autres dieux gnomes. Il s''agit d''une divinité bénigne mais secrète, qui se soucie uniquement de son peuple et de sa protection face aux drows et autres dangers de d''Outreterre. Il intervient donc pour défendre les siens contre ces dangers, et sa venue est généralement annoncée par un fort bourdonnement que l''on entend à travers la roche. Le plus souvent ignoré des autres espèces gnomes, le Frère des Profondeurs est principalement vénéré par les svirfneblins, qui en ont fait leur dieu tutélaire, et qui s''attachent avant tout à son aspect protecteur et à sa surveillance de la terre et des trésors qu''elle renferme.\n\nDogme\n\nCallarduran conduisit ses élus dans les profondeurs de la terre pour leur faire découvrir la beauté des rubis et des autres gemmes. Prenez garde aux dangers de l''Outreterre et protégez-vous contre les races maléfiques comme les drows, qui usent de tous les moyens possibles pour s''emparer de ce qui n''est pas légitimement leur. Protégez et servez votre communauté. Célébrez la beauté des minéraux et des gemmes, et n''oubliez pas leur valeur en artisanat, en art et en magie.',5,'Anneau doré orné d''un rubis étoilé',NULL,3,'2016-09-07 13:18:52','2016-09-16 08:06:17');
INSERT INTO deity (id, name, shortDescription, description, alignmentId, symbol, image, version, created, updated) VALUES (47,'Flandal Peaudacier','Dieu gnome des artisans, mineurs et forgerons.','Flandal Peaudacier est un véritable maître artisan. Il cherche toujours à tirer le meilleur de son travail et s''efforce constamment de bonifier davantage son talent. C''est également un tuteur patient, et seuls les artisans paresseux ou indifférents le font sortir de ses gonds. Le Maître du Métal voyage souvent en compagnie d''une ou deux autres divinités gnomes, à la recherche de nouveaux minerais et de veines de métaux utilisables dans une forge. Quand il ne voyage pas, il est dans son atelier, concevant ou fabriquant une nouvelle arme magique. Le combat ne lui fait pas peur et il sait pertinemment que les produits de sa forge le mènent à la victoire. Bien que Rhotidang, son marteau magique, soit capable de converser avec toutes les créatures utilisant le feu, cela ne signifie en rien que Flandal apprécie de tels êtres. Cependant, il discute généralement avant de passer à l''attaque. Parfois, Flandal apprend aux gnomes d''ingénieuses techniques de forge ou leur dévoile des ressources minières inexploitées. Il lui arrive également d''intervenir en qualité de médiateur entre gnomes et créatures du feu.\n\nDogme\n\nLés trésors de la vie sont inhumés au sein de l''étreinte de Flandal. Seuls le travail, le dévouement et l''artisanat qu''enseigne le Maître des Métaux sont capables de révéler cette beauté cachée. Creusez des mines, extrayez le minerai et forgez armes, armures et autres objets en métal. Efforcez-vous d''affiner les techniques connues, d''en inventer de nouvelles, et n''oubliez pas d''entretenir votre forme physique.',2,'Maillet de forgeron enflammé',NULL,3,'2016-09-07 13:23:57','2016-09-16 08:06:51');
INSERT INTO deity (id, name, shortDescription, description, alignmentId, symbol, image, version, created, updated) VALUES (48,'Vergadain','Dieu nain de la chance et de la richesse, le patron des marchands.','En apparence, Vergadain représente le dévouement bien connu des nains pour l''art du commerce. Il est l''incarnation même de l''affaire rudement conclue après de longues et solides négociations. Toutefois, les individus les plus perspicaces savent que le Roi Marchand présente un aspect qui, s''il n''est pas totalement sombre, emplit rarement de fierté l''esprit des nains respectueux des lois. En qualité de dieu de la chance et de la duperie, Vergadain supervise également les nains qui usent de recours illicites pour accroître leurs richesses. Il adore marchander, qu''il s''agisse de la vente de quelques chevaux ou d''un projet visant à pénétrer dans l''étable après cette vente, pour récupérer ces chevaux et les revendre dans la ville suivante.\n\nDogme\n\nLes individus véritablement bénis sont ceux dont l''entreprise et le zèle apportent richesse et chance. Travaillez dur, soyez malin, cherchez les meilleures affaires, et le Roi Marchand vous couvrira d''or. Traitez votre prochain avec respect, mais ne reculez pas devant vos responsabilités et faites passer vos intérêts avant les siens,',5,'Pièce d''or',NULL,2,'2016-09-07 13:26:53','2016-09-16 08:07:45');
INSERT INTO deity (id, name, shortDescription, description, alignmentId, symbol, image, version, created, updated) VALUES (49,'Segojan Hanteterre','Dieu gnome de la terre et de la nature','Segojan Hanteterre est un dieu pragmatique qui communique toujours de la façon la plus directe possible. Bien qu''il ait tendance à désamorcer les crises et à éviter les conflits quand c''est possible, l''Ami de la Terre devient un adversaire redoutable quand on s''en prend à ses disciples, plus particulièrement quand ils sont menacés jusque chez eux. Le Seigneur du Terrier n''intervient directement que lorsque les gnomes qui vivent sous terre sont en danger, le plus souvent quand cela implique les gnomes des roches, gnomes des profondeurs et autres races vivant dans l''Outreterre. Segojan est le patron des gnomes des roches.\n\nDogme\n\nLa terre est le cœur et l''âme du Peuple Oublié. De son étreinte nourricière naissent les enfants de Garl, à la surface et parmi les tunnels et cavernes abritant la vie. Sous son linceul silencieux, elle abrite la mort. Préservez et protégez la nature située sous les racines de ceux qui vivent à la surface. Creusez des terriers, percez des tunnels et partez à l''exploration, car le Blaireau accueille tous les gnomes en son domaine. Protégez-vous du mal qui prend au piège les individus aveuglés par l''avarice et les pulsions destructrices du Rampant d''en Dessous, et le Seigneur du Terrier protégera ceux qui vivent en son domaine, en harmonie avec ses préceptes.',2,'Gemme luisante en permanence de mille feux',NULL,2,'2016-09-07 13:31:40','2016-09-16 08:08:29');
INSERT INTO deity (id, name, shortDescription, description, alignmentId, symbol, image, version, created, updated) VALUES (50,'Urdlen','Dieu gnome de la cupidité et du sang','Urdlen anéantit la vie sans la moindre considération. Il n''y a rien qu''il ne souhaite gâter ou anéantir. Le Rampant d''en Dessous n''est qu''une pulsion aveugle et démente, pas même dotée de genre. Nul ne saurait dire quelle sera sa prochaine cible, son but étant de répandre la cause du Mal au sein du Peuple Oublié. Même les autres dieux gnomes ne saisissent pas la nature de ses plans visant à semer le Mal dans le cœur des gnomes. Les légendes prétendent simplement qu''Urdlen convoite les métaux précieux, les joyaux et le sang des humanoïdes.\n\nDogme\n\nAbandonnez-vous à la frénésie sanguinaire. Haïssez, convoitez, écrasez, gâtez et tuez. Délectez-vous des orgies de mort et de destruction. Tout ce qui vit ou crée la vie doit être abattu ou détruit. Les forts survivent et les faibles sont leurs proies. Apaisez le Rampant d''en Dessous pour qu''il ne vienne pas vous chercher.',9,'Taupe blanche albinos',NULL,2,'2016-09-07 13:34:13','2016-09-16 08:09:37');
INSERT INTO deity (id, name, shortDescription, description, alignmentId, symbol, image, version, created, updated) VALUES (51,'Gruumsh','Dieu orque de la création surnommé surnommé N''a-qu''un-œil, Celui-qui-ne-dort-jamais ou Celui-qui-observe.','Gruumsh est le chef obnubilé et belliqueux du panthéon orque. Affrontant continuellement d''autres dieux au sujet de biens qu''on lui aurait dérobés à l''aube de la création, il pousse l''ensemble des orques à suivre son exemple en conquérant et-en massacrant leurs ennemis. Sa grande lance est recouverte du sang des elfes et la lueur de sa torche qui brûle perpétuellement se reflète dans son unique œil.\n\nDogme\n\nLivrez une guerre perpétuelle à vos ennemis et tuez ou asservissez ceux qui s''opposent à vous. Annexez territoires et espaces vitaux. Anéantissez les elfes, leurs demeures et leurs contrées. Écrasez les nains et prenez possession de leurs profondes cavernes Soyez fort et préparez-vous à en faire la démonstration à tout moment. Les signes de faiblesse sont les pavés de la voie. qui mène à la mort. Ceux qui sont trop faibles pour combattre pour la tribu doivent être empalés. Celui Qu_i Veille fit un don formidable à la race orque. Il s''agit du pouvoir de survivre là où les races plus faibles périraient. Élevez votre force en ces cavernes et exploitez-la pour vaincre vos ennemis.',9,'Un oeil sans paupière',NULL,2,'2016-09-07 13:37:57','2016-09-16 08:10:22');
INSERT INTO deity (id, name, shortDescription, description, alignmentId, symbol, image, version, created, updated) VALUES (52,'Lolth','Déesse drow du chaos dite la Reine Araignée','Cruelle et capricieuse, Lolth est la représentation du mal absolu des drows. Malicieuse dans ses relations avec les autres, froide et vicieuse dans les combats, elle convoite le pouvoir des dieux de la surface. Elle peut être douce et aider ceux qu’elle apprécie, mais elle aime la mort, la destruction et la torture, les appliquant y compris à ses suivants qui lui ont déplu. Même si elle aime apparaître sous la forme d’une araignée géante à tête drow, sa vraie forme est celle d’une splendide femme elfe noir. Elle est crainte à la surface, et sa crainte est synonyme de la crainte des drows. Peu d’elfes de la surface parle d’elle en bien, la grande majorité d’entre eux la détestant.\n\nDogme\n\nLa peur est forte comme l’acier, alors que l’amour et le respect sont doux et inutiles. Convertis ou détruis tous les drows incroyants. Sacrifie les mâles, les esclaves et ceux des autres races qui ne croient pas en Lolth. Apprends aux enfants à prier et à craindre Lolth, que chaque famille engendre au moins un clerc.',9,'Araignée',NULL,2,'2016-09-07 13:41:31','2016-09-16 08:12:38');
INSERT INTO deity (id, name, shortDescription, description, alignmentId, symbol, image, version, created, updated) VALUES (53,'Eilistraée','Déesse du chant, la chasse, la lune et la beauté.','Elle est la patronne des drows d’alignement bon et de ceux qui veulent vivre dans les Royaumes. Elle est en colère que la majorité des drows soient mauvais, mais heureuse que certains d’entre eux souhaitent s’affranchirent de la Déesse Araignée. Eilistraée est une déesse de la beauté et de la paix, mais n’hésitera pas à repousser ceux qui souhaitent faire du mal à ses suivants. Le clergé d’Eilistraée est méconnu à la surface. Peu croie qu’il peut exister de bons drows. La possibilité qu’existe une telle déesse est donc nulle, ce ne serait qu’une rumeur. Les elfes de la surface ont majoritairement appris que les drows sont profondément mauvais. Seuls les groupes de drow qui sont dans le sillage de temples d’Eilistraée commencent à prendre espoir qu’il existe des drows bons. En particulier, les Ménestrels aident secrètement ce clergé. Fille de Corellon et de Lolth, sœur de Vhaeraun, Eilistraée fut bannie par la Seldarine avec les autres dieux drows. Même si elle a été absout de ses crimes, elle désire rester dans les profondeurs, considérant que les drows ont besoin d’elle là bas. Elle est alliée avec Seluné et la Seldarine, ainsi qu’à toutes les rares divinités non mauvaises d’Ombreterre. Ses ennemis sont le panthéon drows et les dieux mauvais d’Ombreterre.\n\nDogme\n\nSois toujours calme, excepté dans la bataille contre le mal. Encourage le bonheur partout. Apprends et enseigne de nouvelles chansons et danses. Promeus l’harmonie entre les races. Accueille les étrangers, ceux sans maisons et nourris les affamés.',3,'Une elfe noire tenant une épée et dansant sous la lune',NULL,3,'2016-09-07 13:45:06','2016-09-16 08:14:39');
INSERT INTO deity (id, name, shortDescription, description, alignmentId, symbol, image, version, created, updated) VALUES (54,'Ghaunadaur','Dieu drow des abominations, limons, bannis et rebelles dit Celui qui Rôde','Si l''on s''en tient aux normes humaines, Ghaunadaur est imprévisible. Parfois, il aide les fidèles qui se contentent d''observer ses rituels déployant même de grands efforts pour leur conférer quelque présent magique. D''autres fois, il les dévore ou les estropie sans crier gare. Ghaunadaur aime avant tout observer les grands monstres traquer et dévorer leur proie, sans rien négliger des souffrances qu''ils causent. Hors des plans intérieurs, Ghaunadaur est silencieux et terrifiant, mais d''antiques récits traitent du charabia bestial employé parmi sa cour de mares boueuses et gélatineuses. De son côté, le dieu communique uniquement par télépathie, usant de termes aussi simples que directs.\n\nDogme\n\nToutes les créatures ont un rôle à jouer, et toutes sont capables d''exercer l''autorité. Les chasseurs éliminent les faibles et renforcent le groupe. Les rebelles et les marginaux empruntent de nouvelles voies, se livrent à des expériences inédites et contribuent au progrès de leur race. Les créatures de pouvoir abritent parfaitement l''énergie de la vie, ce que Ghaunadaur respecte et incarne. Faites des sacrifices à l''Œil. Persuadez votre prochain de se sacrifier à Ghaunadaur ou de se mettre au service de l''Œil. Répandez le-culte de Ghaunadaur et la crainte qu''il inspire. Enfin, sacrifiez-vous oeil vous offrant à Ghaunadaur. Convertissez tous les êtres au culte de Ghaunadaur. Terrassez les prêtres des autres fois. Pillez leurs temples et demeures pour améliorer votre sort et faire connaître le culte de Ghaunadaur.',9,'Un oeil qui observe',NULL,2,'2016-09-07 13:49:21','2016-09-16 08:17:15');
INSERT INTO deity (id, name, shortDescription, description, alignmentId, symbol, image, version, created, updated) VALUES (55,'Vhaeraun','Dieu drow du chaos, le vol, la duperie et le mal. dit le Seigneur Masqué.','Vhaeraun est un dieu fier, vain et hautain. Il n''oublie jamais un affront, et toutes les méthodes sont bonnes pour le laver, surtout les pires. Mais si d''autres le traitent ainsi, lui ou un de ses fidèles, alors il subira bien pire. Il est très actif dans les affaires drows, n''hésitant pas à tout faire pour augmenter son influence et pour baisser celle de Lolth. Le clergé de Vhaeraun est composé uniquement de mâle et pratique une opposition passive à celui de Lolth.\nContrairement à elle, Vhaeraun prône l’unité de la race elfique et encourage ses fidèles à se rendre à la surface et à avoir des liens avec les autres elfes. Dans les communautés drows, la plus part cache pour des raisons évidentes leur véritable allégeance. Tous les prêtres oeuvrent à al création d’une enclave drow permanente à la surface, évidemment dirigé par les prêtres de Vhaeraun.\nVhaeraun est le fils de Corellon et Araushnee, frère d''Eilistraée. Contrairement à Lolth, et comme sa soeur, il passe beaucoup de temps à la surface,e t cherche le rapprochement avec les autres elfes, voulant les guider vers le mal.\n\nDogme\n\nLes ombres du Seigneur Masqué doivent repousser la tyrannie de la Reine Araignée et reprendre par la force qui leur revient légitimement dans la Nuit d''Au-Dessus.',9,'Un masque',NULL,2,'2016-09-07 13:51:46','2016-09-16 08:15:45');
INSERT INTO deity (id, name, shortDescription, description, alignmentId, symbol, image, version, created, updated) VALUES (56,'Yondalla','Déesse halfeline de la création, de la fertilité et protection','Yondalla a crée les halfelins à son image : charmants, amicaux loyaux, plein d''humour et de malice. En tant que matriarche du panthéon et de tous les halfelins, Yondalla la Bénie est adorée et respectée par tous les halfelins. Même ceux qui rejettent les valeurs traditionnelles halfelins la respectent. Yondalla est pour tous les halfelins un exemple. Elle garde de bonnes relations avec les créatures bonnes et défends les siens quand ils sont attaqués par des ennemis. C''est le voeu de Yondalla que tous les halfelins puissent pleinement vivre leur vie en toute sécurité. Yondalla est profondément gentille, et oublie souvent les erreurs des siens, mais elle est capable d''agir comme une guerrière courageuse et brave quand son peuple est menacé.',1,'Bouclier',NULL,2,'2016-09-07 13:54:17','2016-09-16 08:18:12');
INSERT INTO deity (id, name, shortDescription, description, alignmentId, symbol, image, version, created, updated) VALUES (57,'Arvoreen','Dieu halfelin de la protection, vigilance et de la guerre dit le Défenseur.','Quand un général est sur le champ de bataille, il compte rarement des halfelins parmi ses meilleurs hommes. Le petit peuple n''a que peu d''amour pour les marches forcés et les longues attentes entre deux combats qui caractérisent l''état de guerre. Néanmoins, quand un village halfelin est attaqué, les petites gens le défendent vaillamment comme une armée professionnelles, guidée par les suivants de Arvoreen qui suivent une doctrine de défense. Quand un ennemi attaque, les suivants d''Arvoreen répliquent comme une véritable armée. La philosophie de Arvoreen rend ses suivants parfois indésirable en temps de paix, mais indispensable en temps de guerre. Les halfelins ne se précipitent pas dans son clergé. Les clercs d''Arvoreen sont connus pour leur manque d''humour et leur intolérance, mais aussi pour leurs excellentes compétences au combat.',1,'2 épées croisées',NULL,2,'2016-09-07 13:56:42','2016-09-16 08:18:48');
INSERT INTO deity (id, name, shortDescription, description, alignmentId, symbol, image, version, created, updated) VALUES (58,'Cyrrollalee','Déesse de l''amitié, confiance et de l''hospitalité dite la Main de Camaraderie.','Depuis plus d''un millénaire, Cyrrollalee s''occupe des affaires courantes des halfelins, les poussant à la camaraderie et au respect mutuel. Elle veille aussi à la sécurité de chacun à son domicile. Mais elle étend aussi cela au niveau métaphysique. De nombreux savants considèrent que la race halfeline est jeune, et qu''elle attend encore une véritable culture. Cyrrollalee est tout à fait d''accord avec cela, que le temps est désormais venu, et les halfelins ont besoin d''un nouveau chez eux au-delà des frontières de Luiren. En résultat, nombre de ses clercs ont comme mission de chercher des lieux capables de convenir. Cyrrollalee est respectée par tous les halfelins. Ses clercs cherchent souvent à être pris comme des exemples de bonté et loyauté. Néanmoins, de par sa recherche d''un autre pays pour les halfelins que Luiren, ses clercs sont vus par les plus extrêmes des petites gens d''un sale oeil.',3,'Une porte ouverte',NULL,2,'2016-09-07 13:59:10','2016-09-16 08:19:54');
INSERT INTO deity (id, name, shortDescription, description, alignmentId, symbol, image, version, created, updated) VALUES (59,'Sheela Peryroyl','Déesse halfeline de la nature et de l''agriculture dit la Soeur Verte. ','La distante Sheela Peryroyl joue un rôle de premier plan dans la culture des halfelins sagespectres. Elle représente l''équilibre entre les terres cultivées par la civilisation et la verdoyante nature sauvage. Parfois vénérée parles halfelins pieds-légers des champs, le gros de ses adorateurs vit'' sous l''épaisse canopée de forêts retirées, comme le Bois de Chondal. Parmi les halfelins civilisés, Sheela représente l''équilibre relatif aux récoltes, car non seulement elle veille au travail dans les champs, mais elle fait en sorte que tous les halfelins s''amusent joyeusement une fois le labeur achevé. Patronne, des chants, de la danse et des idylles, les halfelins lui adressent leurs prières quand ils font la cour, mais également durant les galas et mariages. Les halfelins sagespectres lui rendent hommage en qualité de force nourricière du monde de la nature, ce qui en fait une personnalité plus importante encore que Yondalla dans leur obscure culture.\n\nDogme\n\nPour vivre en harmonie avec la nature, il faut entretenir un équilibre fragile entre les milieux sauvages et cultivés, entre les animaux sauvages et domestiques. La nécessité de préserver la nature est aussi grande que celle de protéger les récoltes. Bien que la nature sache s''adapter, il faut lui donner le temps et ne pas forcer les choses ; il faut œuvrer au sein du cadre existant.',5,'Marguerite',NULL,2,'2016-09-07 14:01:38','2016-09-16 08:20:29');
INSERT INTO deity (id, name, shortDescription, description, alignmentId, symbol, image, version, created, updated) VALUES (60,'Labelas Enoreth','Dieu elfe du temps et de la longévité','Labelas Enoreth est un dieu philosophe, un professeur et un instructeur patient. Il affiche un comportement calme et méditatif, et n''est guère porté sur les actions soudaines et les allocutions empressées. Selon la légende, il se défit de l''un de ses yeux contre le pouvoir de sonder le temps. Labelas s''attache aux changements entre les générations et à l''accroissement du savon et de la sagesse au sein des elfes. Il s''intéresse donc rarement à la vie des individus.\n\nDogme\n\nLa marche du temps est inexorable, mais les bénédictions du Fécond permettent aux enfants de Corellon de mener une existence longue et profitable, sans être diminués par le passage des années. Consignez et préservez les leçons de l''histoire. Tirez les enseignements du passé. Enfin, le soleil se couche toujours avant que ne débute une nouvelle journée.',3,'soleil couchant',NULL,1,'2016-09-16 08:26:39','2016-09-16 08:26:39');
INSERT INTO deity (id, name, shortDescription, description, alignmentId, symbol, image, version, created, updated) VALUES (61,'Rillifane Rallathil','Dieu elfe de la nature','Rillifane Rallathil a toujours été calme, réfléchi et stable C''est certainement le dieu le moins frivole de la Seldarine, le moins susceptible d''agir sur un coup de tête. Souvent, il adopte un air grave et semble perdu dans ses pensées. Le Seigneur des Arbres est le protecteur des bois et le gardien de l''harmonie de la nature. Ses prêtres le comparent généralement à un grand chêne s''élevanfau cœur d''Arvandor, si grand que ses racines se mêlent à celles de toutes les plantes du monde. Le grand arbre attire à lui le flux et le reflux des saisons et s''épanouit au sein des forêts des elfes verts. Dans le même temps, il protège et soutient leurs contrées contre les épidémies, les prédateurs et les agressions de toutes sortes. Rillifane Rallathil est le dieu tutélaire des elfes des bois.\n\nDogme\n\nLe Grand Chêne tire son énergie de toutes les créatures vivantes du monde. Il les nourrit et les protège des menaces extérieures. Vivez en harmonie avec la nature et faites en sorte que chaque être vivant puisse y jouer son rôle. À l''instar des innombrables branches du Seigneur des Arbres, ses fidèles constituent ses agents mortels au sein de la nature. Protégez les grandes forets de ceux qui dévastent leurs richesses et ne laissent que destruction dans leur sillage. Opposez-vous à l''anéantissement rapide ou lent de la bonté de Rillifane. Tel le grand chêne, tenez tête à ceux qui désirent assouvir leurs désirs immédiats.',3,'Un arbre en feuille',NULL,1,'2016-09-16 08:28:31','2016-09-16 08:28:31');
INSERT INTO deity (id, name, shortDescription, description, alignmentId, symbol, image, version, created, updated) VALUES (62,'Solonor Thelandira','Dieu elfe de la chasse','Solonor Thelandira est toujours en chasse, et reste rarement au même endroit. Contrairement à d''autres chasseurs, le Grand Archer se contente de respecter la balance entre les espèces et de chasser les aberrations mauvaises, particulièrement les drows. C''est un dieu souvent penseur, pris entre les forces de la nature et de la civilisation, de l''instinct et de la connaissance, de la sauvagerie et de la domestication. Solonor est rarement en combat rapproché, préférant utiliser son arc et ses talents de traqueur.',3,'Une flèche',NULL,1,'2016-09-16 08:32:02','2016-09-16 08:32:02');

/* DeityDomain */
INSERT INTO deitydomain (deityId, domainId) VALUES (2,1);
INSERT INTO deitydomain (deityId, domainId) VALUES (8,1);
INSERT INTO deitydomain (deityId, domainId) VALUES (10,1);
INSERT INTO deitydomain (deityId, domainId) VALUES (21,1);
INSERT INTO deitydomain (deityId, domainId) VALUES (22,1);
INSERT INTO deitydomain (deityId, domainId) VALUES (23,1);
INSERT INTO deitydomain (deityId, domainId) VALUES (34,1);
INSERT INTO deitydomain (deityId, domainId) VALUES (38,1);
INSERT INTO deitydomain (deityId, domainId) VALUES (39,1);
INSERT INTO deitydomain (deityId, domainId) VALUES (46,1);
INSERT INTO deitydomain (deityId, domainId) VALUES (47,1);
INSERT INTO deitydomain (deityId, domainId) VALUES (60,1);
INSERT INTO deitydomain (deityId, domainId) VALUES (6,2);
INSERT INTO deitydomain (deityId, domainId) VALUES (9,2);
INSERT INTO deitydomain (deityId, domainId) VALUES (11,2);
INSERT INTO deitydomain (deityId, domainId) VALUES (12,2);
INSERT INTO deitydomain (deityId, domainId) VALUES (14,2);
INSERT INTO deitydomain (deityId, domainId) VALUES (23,2);
INSERT INTO deitydomain (deityId, domainId) VALUES (26,2);
INSERT INTO deitydomain (deityId, domainId) VALUES (36,2);
INSERT INTO deitydomain (deityId, domainId) VALUES (40,2);
INSERT INTO deitydomain (deityId, domainId) VALUES (43,2);
INSERT INTO deitydomain (deityId, domainId) VALUES (53,2);
INSERT INTO deitydomain (deityId, domainId) VALUES (56,2);
INSERT INTO deitydomain (deityId, domainId) VALUES (58,2);
INSERT INTO deitydomain (deityId, domainId) VALUES (11,3);
INSERT INTO deitydomain (deityId, domainId) VALUES (14,3);
INSERT INTO deitydomain (deityId, domainId) VALUES (26,3);
INSERT INTO deitydomain (deityId, domainId) VALUES (41,3);
INSERT INTO deitydomain (deityId, domainId) VALUES (58,3);
INSERT INTO deitydomain (deityId, domainId) VALUES (1,4);
INSERT INTO deitydomain (deityId, domainId) VALUES (9,4);
INSERT INTO deitydomain (deityId, domainId) VALUES (17,4);
INSERT INTO deitydomain (deityId, domainId) VALUES (18,4);
INSERT INTO deitydomain (deityId, domainId) VALUES (25,4);
INSERT INTO deitydomain (deityId, domainId) VALUES (42,4);
INSERT INTO deitydomain (deityId, domainId) VALUES (43,4);
INSERT INTO deitydomain (deityId, domainId) VALUES (45,4);
INSERT INTO deitydomain (deityId, domainId) VALUES (46,4);
INSERT INTO deitydomain (deityId, domainId) VALUES (49,4);
INSERT INTO deitydomain (deityId, domainId) VALUES (59,4);
INSERT INTO deitydomain (deityId, domainId) VALUES (61,4);
INSERT INTO deitydomain (deityId, domainId) VALUES (1,5);
INSERT INTO deitydomain (deityId, domainId) VALUES (28,5);
INSERT INTO deitydomain (deityId, domainId) VALUES (33,5);
INSERT INTO deitydomain (deityId, domainId) VALUES (42,5);
INSERT INTO deitydomain (deityId, domainId) VALUES (51,5);
INSERT INTO deitydomain (deityId, domainId) VALUES (4,6);
INSERT INTO deitydomain (deityId, domainId) VALUES (7,6);
INSERT INTO deitydomain (deityId, domainId) VALUES (15,6);
INSERT INTO deitydomain (deityId, domainId) VALUES (20,6);
INSERT INTO deitydomain (deityId, domainId) VALUES (24,6);
INSERT INTO deitydomain (deityId, domainId) VALUES (31,6);
INSERT INTO deitydomain (deityId, domainId) VALUES (34,6);
INSERT INTO deitydomain (deityId, domainId) VALUES (35,6);
INSERT INTO deitydomain (deityId, domainId) VALUES (44,6);
INSERT INTO deitydomain (deityId, domainId) VALUES (48,6);
INSERT INTO deitydomain (deityId, domainId) VALUES (52,6);
INSERT INTO deitydomain (deityId, domainId) VALUES (55,6);
INSERT INTO deitydomain (deityId, domainId) VALUES (3,7);
INSERT INTO deitydomain (deityId, domainId) VALUES (29,7);
INSERT INTO deitydomain (deityId, domainId) VALUES (30,7);
INSERT INTO deitydomain (deityId, domainId) VALUES (32,7);
INSERT INTO deitydomain (deityId, domainId) VALUES (37,7);
INSERT INTO deitydomain (deityId, domainId) VALUES (50,7);
INSERT INTO deitydomain (deityId, domainId) VALUES (51,7);
INSERT INTO deitydomain (deityId, domainId) VALUES (57,7);
INSERT INTO deitydomain (deityId, domainId) VALUES (62,7);
INSERT INTO deitydomain (deityId, domainId) VALUES (5,8);
INSERT INTO deitydomain (deityId, domainId) VALUES (13,8);
INSERT INTO deitydomain (deityId, domainId) VALUES (16,8);
INSERT INTO deitydomain (deityId, domainId) VALUES (19,8);
INSERT INTO deitydomain (deityId, domainId) VALUES (24,8);
INSERT INTO deitydomain (deityId, domainId) VALUES (27,8);
INSERT INTO deitydomain (deityId, domainId) VALUES (49,8);
INSERT INTO deitydomain (deityId, domainId) VALUES (54,8);

/* ArmorType */
INSERT INTO armortype (id, name, description, proficiencyType, maxDexBonus, baseArmorClass, stealthDisavantage, minStrength, baseWeight, basePrice, version, created, updated) VALUES (1,'Matelassé','L''armure matelassée se compose de couches matelassées de tissu et ouate.','LIGHT',-1,1,1,1,8,5,3,'2016-09-09 08:54:20','2016-09-09 08:59:28');
INSERT INTO armortype (id, name, description, proficiencyType, maxDexBonus, baseArmorClass, stealthDisavantage, minStrength, baseWeight, basePrice, version, created, updated) VALUES (2,'Cuir','Le plastron et les épaules protecteurs de cette armure sont faits de cuir qui a été solidifié en étant bouilli dans de l''huile. Le reste de l''armure est constituée de matériaux plus doux et plus souples.','LIGHT',-1,1,0,1,10,10,3,'2016-09-09 08:54:20','2016-09-09 09:18:38');
INSERT INTO armortype (id, name, description, proficiencyType, maxDexBonus, baseArmorClass, stealthDisavantage, minStrength, baseWeight, basePrice, version, created, updated) VALUES (3,'Clouté','Fabriqué à partir de cuir solide mais flexible, l''armure de cuir clouté est renforcée avec des rivets ou des crampons.','LIGHT',-1,2,0,1,13,45,3,'2016-09-09 08:54:20','2016-09-09 09:20:24');
INSERT INTO armortype (id, name, description, proficiencyType, maxDexBonus, baseArmorClass, stealthDisavantage, minStrength, baseWeight, basePrice, version, created, updated) VALUES (4,'Peau','Cette armure brute se compose de fourrures épaisses et de peaux. Il est communément porté par les tribus barbares , les humanoïdes mauvais et d''autres gens qui n''ont pas accès aux outils et les matériaux nécessaires pour créer une meilleure armure.','MEDIUM',2,2,0,1,12,10,3,'2016-09-09 08:54:20','2016-09-09 09:21:48');
INSERT INTO armortype (id, name, description, proficiencyType, maxDexBonus, baseArmorClass, stealthDisavantage, minStrength, baseWeight, basePrice, version, created, updated) VALUES (5,'Chemise de cote de maille','Fait d''anneaux métalliques entrelacées, une chemise de cotte de maille est portée entre les couches de vêtements ou de cuir. Cette armure offre une protection modeste supérieure au porteur et permet au son des mailles d''être étouffé par les couches extérieures.','MEDIUM',2,3,0,1,20,50,3,'2016-09-09 08:54:20','2016-09-09 09:24:36');
INSERT INTO armortype (id, name, description, proficiencyType, maxDexBonus, baseArmorClass, stealthDisavantage, minStrength, baseWeight, basePrice, version, created, updated) VALUES (6,'Feuilleté','Cette armure se compose d''un manteau et des jambières de cuir recouvert de chevauchement des morceaux de métal, un peu comme les écailles d''un poisson. Le costume comprend gantelets.','MEDIUM',2,4,1,1,45,50,3,'2016-09-09 08:54:20','2016-09-09 09:26:38');
INSERT INTO armortype (id, name, description, proficiencyType, maxDexBonus, baseArmorClass, stealthDisavantage, minStrength, baseWeight, basePrice, version, created, updated) VALUES (7,'Plastron de plate','Cette armure est constituée d''un métal ajusté à la poitrine porté avec cuir souple. Bien qu''elle laisse les jambes et les bras relativement non protégés, cette armure fournit une bonne protection pour les organes vitaux tout en laissant le porteur relativement non-encombré.','MEDIUM',2,4,0,1,20,400,3,'2016-09-09 08:54:20','2016-09-09 09:28:53');
INSERT INTO armortype (id, name, description, proficiencyType, maxDexBonus, baseArmorClass, stealthDisavantage, minStrength, baseWeight, basePrice, version, created, updated) VALUES (8,'Demie-plate','La demie-plate est constituée de plaques métalliques profilées qui couvrent la majeure partie du corps de l''utilisateur. Il ne comprend pas de protection aux jambes sauf des jambières simples qui sont attachées\navec des lanières de cuir.','MEDIUM',2,5,1,1,40,750,3,'2016-09-09 08:54:20','2016-09-09 09:31:53');
INSERT INTO armortype (id, name, description, proficiencyType, maxDexBonus, baseArmorClass, stealthDisavantage, minStrength, baseWeight, basePrice, version, created, updated) VALUES (9,'Annelé','Cette armure est une armure de cuir avec de lourdes anneaux cousus en elle. Les anneaux contribuent à renforcer l''armure contre les coups de sabres et des haches. L''armure annelée est inférieure à la cotte de maille et est généralement portée que par ceux qui ne peuvent pas se permettre une meilleure armure.','HEAVY',0,4,1,1,40,30,3,'2016-09-09 08:54:20','2016-09-09 09:34:13');
INSERT INTO armortype (id, name, description, proficiencyType, maxDexBonus, baseArmorClass, stealthDisavantage, minStrength, baseWeight, basePrice, version, created, updated) VALUES (10,'Cote de maille','Fait d''anneaux métalliques entrelacés , la cotte de maille contient une couche de tissu matelassé portée sous\nles mailles pour éviter les frottements et à amortir l''impact des coups. Le costume comprend gantelets.','HEAVY',0,6,1,13,55,75,3,'2016-09-09 08:54:20','2016-09-09 09:36:24');
INSERT INTO armortype (id, name, description, proficiencyType, maxDexBonus, baseArmorClass, stealthDisavantage, minStrength, baseWeight, basePrice, version, created, updated) VALUES (11,'Éclisse','Cette armure est faite de bandes verticales étroites de métal riveté sur un support de cuir qui est porté sur un\nrembourrage en tissu. Une cotte de mailles flexible protège les articulations.','HEAVY',0,7,1,15,60,200,3,'2016-09-09 08:54:20','2016-09-09 09:37:14');
INSERT INTO armortype (id, name, description, proficiencyType, maxDexBonus, baseArmorClass, stealthDisavantage, minStrength, baseWeight, basePrice, version, created, updated) VALUES (12,'Plate complète','L''armure de plate complète est formée de plaques de métal entremêlées pour couvrir l''ensemble du corps. Une armure de plate comprend gantelets, des bottes en cuir épais, un casque à visière et une épaisse couche de rembourrage sous l''armure. Boucles et sangles distribuent le poids sur le corps.','HEAVY',0,8,1,15,65,1500,3,'2016-09-09 08:54:20','2016-09-09 09:40:28');
INSERT INTO armortype (id, name, description, proficiencyType, maxDexBonus, baseArmorClass, stealthDisavantage, minStrength, baseWeight, basePrice, version, created, updated) VALUES (13,'Bouclier','Un bouclier est fabriqué à partir de bois ou de métal et est utilisé avec une main. Porter un bouclier augmente votre classe d''armure de 2. Vous pouvez bénéficier d''un seul bouclier à la fois.','SHIELD',0,2,0,1,6,10,3,'2016-09-09 08:54:20','2016-09-09 09:42:17');

/* WeaponType */
INSERT INTO weapontype (id, name, description, proficiencyType, sizeType, handleType, usageType, rangeType, oneHandBaseDamage, twoHandBaseDamage, damageTypeId, isReach, isFinesse, isLoading, baseWeight, basePrice, version, created, updated) VALUES (1,'Gourdin',NULL,'SIMPLE','LIGHT','ONE_HANDED','MELEE',NULL,'1d4',NULL,2,0,0,0,2,1,1,'2016-09-12 14:09:11','2016-09-12 14:09:11');
INSERT INTO weapontype (id, name, description, proficiencyType, sizeType, handleType, usageType, rangeType, oneHandBaseDamage, twoHandBaseDamage, damageTypeId, isReach, isFinesse, isLoading, baseWeight, basePrice, version, created, updated) VALUES (2,'Dague',NULL,'SIMPLE','LIGHT','ONE_HANDED','MELEE_RANGE','THROWN','1d4',NULL,8,0,1,0,1,2,1,'2016-09-12 14:10:27','2016-09-12 14:10:27');
INSERT INTO weapontype (id, name, description, proficiencyType, sizeType, handleType, usageType, rangeType, oneHandBaseDamage, twoHandBaseDamage, damageTypeId, isReach, isFinesse, isLoading, baseWeight, basePrice, version, created, updated) VALUES (3,'Massue',NULL,'SIMPLE','MEDIUM','TWO_HANDED','MELEE',NULL,NULL,'1d8',2,0,0,0,10,1,1,'2016-09-12 14:16:31','2016-09-12 14:16:31');
INSERT INTO weapontype (id, name, description, proficiencyType, sizeType, handleType, usageType, rangeType, oneHandBaseDamage, twoHandBaseDamage, damageTypeId, isReach, isFinesse, isLoading, baseWeight, basePrice, version, created, updated) VALUES (4,'Hachette',NULL,'SIMPLE','LIGHT','ONE_HANDED','MELEE_RANGE','THROWN','1d6',NULL,12,0,0,0,2,5,1,'2016-09-12 14:17:44','2016-09-12 14:17:44');
INSERT INTO weapontype (id, name, description, proficiencyType, sizeType, handleType, usageType, rangeType, oneHandBaseDamage, twoHandBaseDamage, damageTypeId, isReach, isFinesse, isLoading, baseWeight, basePrice, version, created, updated) VALUES (5,'Javeline',NULL,'SIMPLE','MEDIUM','ONE_HANDED','MELEE_RANGE','THROWN','1d6',NULL,8,0,0,0,2,1,1,'2016-09-12 14:18:44','2016-09-12 14:18:44');
INSERT INTO weapontype (id, name, description, proficiencyType, sizeType, handleType, usageType, rangeType, oneHandBaseDamage, twoHandBaseDamage, damageTypeId, isReach, isFinesse, isLoading, baseWeight, basePrice, version, created, updated) VALUES (6,'Marteau',NULL,'SIMPLE','LIGHT','ONE_HANDED','MELEE_RANGE','THROWN','1d4',NULL,2,0,0,0,2,2,1,'2016-09-12 14:19:33','2016-09-12 14:19:33');
INSERT INTO weapontype (id, name, description, proficiencyType, sizeType, handleType, usageType, rangeType, oneHandBaseDamage, twoHandBaseDamage, damageTypeId, isReach, isFinesse, isLoading, baseWeight, basePrice, version, created, updated) VALUES (7,'Masse d''arme',NULL,'SIMPLE','MEDIUM','ONE_HANDED','MELEE',NULL,'1d6',NULL,2,0,0,0,4,5,1,'2016-09-12 14:20:06','2016-09-12 14:20:06');
INSERT INTO weapontype (id, name, description, proficiencyType, sizeType, handleType, usageType, rangeType, oneHandBaseDamage, twoHandBaseDamage, damageTypeId, isReach, isFinesse, isLoading, baseWeight, basePrice, version, created, updated) VALUES (8,'Bâton',NULL,'SIMPLE','MEDIUM','VERSATILE','MELEE',NULL,'1d6','1d8',2,0,0,0,4,1,1,'2016-09-12 14:20:59','2016-09-12 14:20:59');
INSERT INTO weapontype (id, name, description, proficiencyType, sizeType, handleType, usageType, rangeType, oneHandBaseDamage, twoHandBaseDamage, damageTypeId, isReach, isFinesse, isLoading, baseWeight, basePrice, version, created, updated) VALUES (9,'Faucille',NULL,'SIMPLE','LIGHT','ONE_HANDED','MELEE',NULL,'1d4',NULL,12,0,0,0,2,1,1,'2016-09-12 14:23:14','2016-09-12 14:23:14');
INSERT INTO weapontype (id, name, description, proficiencyType, sizeType, handleType, usageType, rangeType, oneHandBaseDamage, twoHandBaseDamage, damageTypeId, isReach, isFinesse, isLoading, baseWeight, basePrice, version, created, updated) VALUES (10,'Arbalète légère',NULL,'SIMPLE','MEDIUM','TWO_HANDED','RANGE','AMMUNITION',NULL,'1d8',8,0,0,1,5,25,2,'2016-09-12 14:24:20','2016-09-12 14:53:02');
INSERT INTO weapontype (id, name, description, proficiencyType, sizeType, handleType, usageType, rangeType, oneHandBaseDamage, twoHandBaseDamage, damageTypeId, isReach, isFinesse, isLoading, baseWeight, basePrice, version, created, updated) VALUES (11,'Fléchette',NULL,'SIMPLE','MEDIUM','ONE_HANDED','RANGE','THROWN','1d4',NULL,8,0,1,0,0.25,1,1,'2016-09-12 14:25:38','2016-09-12 14:25:38');
INSERT INTO weapontype (id, name, description, proficiencyType, sizeType, handleType, usageType, rangeType, oneHandBaseDamage, twoHandBaseDamage, damageTypeId, isReach, isFinesse, isLoading, baseWeight, basePrice, version, created, updated) VALUES (12,'Arc court',NULL,'SIMPLE','MEDIUM','TWO_HANDED','RANGE','AMMUNITION',NULL,'1d6',8,0,0,0,2,25,1,'2016-09-12 14:26:56','2016-09-12 14:26:56');
INSERT INTO weapontype (id, name, description, proficiencyType, sizeType, handleType, usageType, rangeType, oneHandBaseDamage, twoHandBaseDamage, damageTypeId, isReach, isFinesse, isLoading, baseWeight, basePrice, version, created, updated) VALUES (13,'Fronde',NULL,'SIMPLE','LIGHT','ONE_HANDED','RANGE','AMMUNITION','1d4',NULL,2,0,0,0,0.1,1,1,'2016-09-12 14:28:09','2016-09-12 14:28:09');
INSERT INTO weapontype (id, name, description, proficiencyType, sizeType, handleType, usageType, rangeType, oneHandBaseDamage, twoHandBaseDamage, damageTypeId, isReach, isFinesse, isLoading, baseWeight, basePrice, version, created, updated) VALUES (14,'Hache d''arme',NULL,'MARTIAL','MEDIUM','VERSATILE','MELEE',NULL,'1d8','1d10',12,0,0,0,4,10,1,'2016-09-12 14:28:50','2016-09-12 14:28:50');
INSERT INTO weapontype (id, name, description, proficiencyType, sizeType, handleType, usageType, rangeType, oneHandBaseDamage, twoHandBaseDamage, damageTypeId, isReach, isFinesse, isLoading, baseWeight, basePrice, version, created, updated) VALUES (15,'Fléau',NULL,'MARTIAL','MEDIUM','ONE_HANDED','MELEE',NULL,'1d8',NULL,2,0,0,0,2,10,1,'2016-09-12 14:29:28','2016-09-12 14:29:28');
INSERT INTO weapontype (id, name, description, proficiencyType, sizeType, handleType, usageType, rangeType, oneHandBaseDamage, twoHandBaseDamage, damageTypeId, isReach, isFinesse, isLoading, baseWeight, basePrice, version, created, updated) VALUES (17,'Hache à 2 mains',NULL,'MARTIAL','HEAVY','TWO_HANDED','MELEE',NULL,NULL,'1d12',12,0,0,0,7,30,1,'2016-09-12 14:31:16','2016-09-12 14:31:16');
INSERT INTO weapontype (id, name, description, proficiencyType, sizeType, handleType, usageType, rangeType, oneHandBaseDamage, twoHandBaseDamage, damageTypeId, isReach, isFinesse, isLoading, baseWeight, basePrice, version, created, updated) VALUES (18,'Épée à 2 mains',NULL,'MARTIAL','HEAVY','TWO_HANDED','MELEE',NULL,NULL,'2d6',12,0,0,0,6,50,1,'2016-09-12 14:31:49','2016-09-12 14:31:49');
INSERT INTO weapontype (id, name, description, proficiencyType, sizeType, handleType, usageType, rangeType, oneHandBaseDamage, twoHandBaseDamage, damageTypeId, isReach, isFinesse, isLoading, baseWeight, basePrice, version, created, updated) VALUES (19,'Hallebarde',NULL,'MARTIAL','HEAVY','TWO_HANDED','MELEE',NULL,NULL,'1d10',12,1,0,0,6,20,1,'2016-09-12 14:32:27','2016-09-12 14:32:27');
INSERT INTO weapontype (id, name, description, proficiencyType, sizeType, handleType, usageType, rangeType, oneHandBaseDamage, twoHandBaseDamage, damageTypeId, isReach, isFinesse, isLoading, baseWeight, basePrice, version, created, updated) VALUES (20,'Épieu',NULL,'SIMPLE','MEDIUM','VERSATILE','MELEE_RANGE','THROWN','1d6','1d8',8,0,0,0,3,1,3,'2016-09-12 14:34:22','2016-09-13 09:57:36');
INSERT INTO weapontype (id, name, description, proficiencyType, sizeType, handleType, usageType, rangeType, oneHandBaseDamage, twoHandBaseDamage, damageTypeId, isReach, isFinesse, isLoading, baseWeight, basePrice, version, created, updated) VALUES (21,'Épée longue',NULL,'MARTIAL','MEDIUM','VERSATILE','MELEE',NULL,'1d8','1d10',12,0,0,0,3,15,1,'2016-09-12 14:35:39','2016-09-12 14:35:39');
INSERT INTO weapontype (id, name, description, proficiencyType, sizeType, handleType, usageType, rangeType, oneHandBaseDamage, twoHandBaseDamage, damageTypeId, isReach, isFinesse, isLoading, baseWeight, basePrice, version, created, updated) VALUES (22,'Marteau à 2 mains',NULL,'MARTIAL','HEAVY','TWO_HANDED','MELEE',NULL,NULL,'2d6',2,0,0,0,10,10,1,'2016-09-12 14:36:29','2016-09-12 14:36:29');
INSERT INTO weapontype (id, name, description, proficiencyType, sizeType, handleType, usageType, rangeType, oneHandBaseDamage, twoHandBaseDamage, damageTypeId, isReach, isFinesse, isLoading, baseWeight, basePrice, version, created, updated) VALUES (23,'Étoile du matin',NULL,'MARTIAL','MEDIUM','ONE_HANDED','MELEE',NULL,'1d8',NULL,8,0,0,0,4,15,1,'2016-09-12 14:37:16','2016-09-12 14:37:16');
INSERT INTO weapontype (id, name, description, proficiencyType, sizeType, handleType, usageType, rangeType, oneHandBaseDamage, twoHandBaseDamage, damageTypeId, isReach, isFinesse, isLoading, baseWeight, basePrice, version, created, updated) VALUES (24,'Pique',NULL,'MARTIAL','HEAVY','TWO_HANDED','MELEE',NULL,NULL,'1d10',8,1,0,0,18,5,1,'2016-09-12 14:39:07','2016-09-12 14:39:07');
INSERT INTO weapontype (id, name, description, proficiencyType, sizeType, handleType, usageType, rangeType, oneHandBaseDamage, twoHandBaseDamage, damageTypeId, isReach, isFinesse, isLoading, baseWeight, basePrice, version, created, updated) VALUES (25,'Rapière',NULL,'MARTIAL','MEDIUM','ONE_HANDED','MELEE',NULL,'1d8',NULL,8,0,1,0,2,25,1,'2016-09-12 14:40:21','2016-09-12 14:40:21');
INSERT INTO weapontype (id, name, description, proficiencyType, sizeType, handleType, usageType, rangeType, oneHandBaseDamage, twoHandBaseDamage, damageTypeId, isReach, isFinesse, isLoading, baseWeight, basePrice, version, created, updated) VALUES (26,'Cimetère',NULL,'MARTIAL','LIGHT','ONE_HANDED','MELEE',NULL,'1d6',NULL,12,0,1,0,3,25,1,'2016-09-12 14:41:01','2016-09-12 14:41:01');
INSERT INTO weapontype (id, name, description, proficiencyType, sizeType, handleType, usageType, rangeType, oneHandBaseDamage, twoHandBaseDamage, damageTypeId, isReach, isFinesse, isLoading, baseWeight, basePrice, version, created, updated) VALUES (27,'Épée courte',NULL,'MARTIAL','LIGHT','ONE_HANDED','MELEE',NULL,'1d6',NULL,8,0,1,0,2,10,1,'2016-09-12 14:41:38','2016-09-12 14:41:38');
INSERT INTO weapontype (id, name, description, proficiencyType, sizeType, handleType, usageType, rangeType, oneHandBaseDamage, twoHandBaseDamage, damageTypeId, isReach, isFinesse, isLoading, baseWeight, basePrice, version, created, updated) VALUES (28,'Trident',NULL,'MARTIAL','MEDIUM','VERSATILE','MELEE_RANGE','THROWN','1d6','1d8',8,0,0,0,4,5,1,'2016-09-12 14:42:35','2016-09-12 14:42:35');
INSERT INTO weapontype (id, name, description, proficiencyType, sizeType, handleType, usageType, rangeType, oneHandBaseDamage, twoHandBaseDamage, damageTypeId, isReach, isFinesse, isLoading, baseWeight, basePrice, version, created, updated) VALUES (29,'Marteau de guerre',NULL,'MARTIAL','MEDIUM','VERSATILE','MELEE',NULL,'1d8','1d10',2,0,0,0,2,15,1,'2016-09-12 14:43:52','2016-09-12 14:43:52');
INSERT INTO weapontype (id, name, description, proficiencyType, sizeType, handleType, usageType, rangeType, oneHandBaseDamage, twoHandBaseDamage, damageTypeId, isReach, isFinesse, isLoading, baseWeight, basePrice, version, created, updated) VALUES (30,'Fouet',NULL,'MARTIAL','MEDIUM','ONE_HANDED','MELEE',NULL,'1d4',NULL,12,1,1,0,3,2,1,'2016-09-12 14:44:27','2016-09-12 14:44:27');
INSERT INTO weapontype (id, name, description, proficiencyType, sizeType, handleType, usageType, rangeType, oneHandBaseDamage, twoHandBaseDamage, damageTypeId, isReach, isFinesse, isLoading, baseWeight, basePrice, version, created, updated) VALUES (31,'Sarbacane',NULL,'MARTIAL','LIGHT','ONE_HANDED','RANGE','AMMUNITION','1d1',NULL,8,0,0,0,1,10,1,'2016-09-12 14:46:11','2016-09-12 14:46:11');
INSERT INTO weapontype (id, name, description, proficiencyType, sizeType, handleType, usageType, rangeType, oneHandBaseDamage, twoHandBaseDamage, damageTypeId, isReach, isFinesse, isLoading, baseWeight, basePrice, version, created, updated) VALUES (32,'Arbalète de poing',NULL,'MARTIAL','LIGHT','ONE_HANDED','RANGE','AMMUNITION','1d6',NULL,8,0,0,1,3,75,1,'2016-09-12 14:54:15','2016-09-12 14:54:15');
INSERT INTO weapontype (id, name, description, proficiencyType, sizeType, handleType, usageType, rangeType, oneHandBaseDamage, twoHandBaseDamage, damageTypeId, isReach, isFinesse, isLoading, baseWeight, basePrice, version, created, updated) VALUES (33,'Arbalète lourde',NULL,'MARTIAL','HEAVY','TWO_HANDED','RANGE','AMMUNITION',NULL,'1d10',8,0,0,1,18,50,1,'2016-09-12 14:55:17','2016-09-12 14:55:17');
INSERT INTO weapontype (id, name, description, proficiencyType, sizeType, handleType, usageType, rangeType, oneHandBaseDamage, twoHandBaseDamage, damageTypeId, isReach, isFinesse, isLoading, baseWeight, basePrice, version, created, updated) VALUES (34,'Arc long',NULL,'MARTIAL','HEAVY','TWO_HANDED','RANGE','AMMUNITION',NULL,'1d8',8,0,0,0,2,50,1,'2016-09-12 14:56:04','2016-09-12 14:56:04');

/* Race */
INSERT INTO race (id, name, description, traits, strModifier, dexModifier, conModifier, intModifier, wisModifier, chaModifier, minAge, maxAge, size, averageHeight, averageWeight, speed, extraLanguage, damageTypeId, image, version, created, updated) VALUES (1,'Nain d''écu','Les Nains sont des travailleurs volontaires connus pour leur compétence martiale, leur faculté à résister à tout ou presque, leur grande connaissance des secrets de la terre et la quantité de bière qu''ils sont capable d''ingurgiter. Leurs mystérieux royaumes, taillés à l''intérieur des montagnes, sont renommés pour les merveilleux trésors qu''ils produisent… Les Nains n''ont pas le sourire facile. Soupçonneux par nature à l''égard des gens qu''ils ne connaissant pas, ils savent se montrer généreux pour peu que l''on ait mérité leur confiance. Ils accordent une grande valeur à l''or et aux pierres précieuses, ainsi qu''aux bijoux et objets d''art réalisés à partir de ces matières premières. Certains sont particulièrement cupides… Ils se battent avec courage et ténacité, sans faire montre de retenue, ni de témérité. Leur sens de la justice est très poussé, mais il peut parfois dégénérer en une soif irraisonnée de vengeance. Les Nains mesurent entre 4 et 5 pieds, mais leur largeur d''épaules et leur ossature sont telles qu''ils pèsent presque autant que les humains. Les mâles sont légèrement plus grands et sensiblement plus lourds que les femelles. La peau des Nains prend souvent un teint bronzé ou brun clair et leurs yeux sont noirs. Quant à leurs cheveux, ils sont généralement noirs, gris ou châtains et tous les laissent pousser. Les mâles accordent une grande importance à leur barbe, qu''ils soignent tout particulièrement. Que ce soit pour leurs cheveux, leur barbe ou leurs habits, le classicisme est de mise. Les Nains sont considérés adultes aux alentours de 40 ans et certains vivent au-delà de 400 ans.','Vision dans le noir. Vous pouvez voir à 60 pieds dans une lumière faible comme vous verriez avec une lumière vive, et dans le noir comme vous verriez avec une lumière faible. Dans le noir, vous ne discernez pas les couleurs, uniquement des nuances de gris.\n\nRésistance naine. Vous avez l''avantage aux jets de sauvegarde contre le poison et obtenez la résistance contre les dégâts de type poison.\n\nArmes naines. Vous obtenez la maîtrise des haches, des haches d''armes, des marteaux légers et des marteaux de guerre.\n\nMaîtrise des outils. Vous obtenez la maîtrise d''un des outils suivant au choix : outils de forgeron, outils de brasseur ou outils de maçon.\n\nConnaissance de la pierre. Chaque fois que vous effectuez un jet d''Intelligence (Histoire) en relation avec l''origine d''un travail lié à la pierre, considérez que vous maîtrisez la compétence Histoire et ajoutez le double de votre bonus de maîtrise au jet, au lieu du bonus de maîtrise normal.\n\nLangues. Vous parlez, lisez et écrivez le commun et le nain.\n\nSolidité des nains : 1 point de vie supplémentaire à chaque niveau',0,0,2,0,1,0,50,400,'MEDIUM','4''6\"',150,25,0,9,NULL,4,'2016-09-12 10:30:53','2016-09-13 11:01:57');
INSERT INTO race (id, name, description, traits, strModifier, dexModifier, conModifier, intModifier, wisModifier, chaModifier, minAge, maxAge, size, averageHeight, averageWeight, speed, extraLanguage, damageTypeId, image, version, created, updated) VALUES (2,'Nain doré','Contrairement aux Nains d''écu, les Nains d''or (ou \" Nains Dorés \") conservèrent leurs vastes royaumes de la Grande Faille (Sud des Royaumes) et ne connurent pas de déclin, suite aux guerres terribles menées contre de maléfiques humanoïdes. Même s''ils pratiquaient quelques arts magiques, ils n''eurent jamais le travers qui provoqua la chute de nations humaines. Confiants et à l''abri dans leurs demeures reculées, les Nains d''or gagnèrent la réputation d''être fiers et hautains…\n\nDepuis la Bénédiction du tonnerre, nombre de jeunes nains d''or on quitté la Grande Faille et explorent le reste de Féérune. Les peuples des autres terres ont appris que si les nains d''or sont distants et méfiants, ils sont généralement de bons guérriers et de sagaces négociants. Les nains dorés sont forts et accoutumés à la vie difficile des montagnes. Ils ont la peau un peu plus clair que les nains d''écu. Les pilosités blondes ou rousses existent, mais sont moins courantes qu''au Nord.','Force +2, Constitution +2\n\nVision dans le noir. Vous pouvez voir à 60 pieds dans une lumière faible comme vous verriez avec une lumière vive, et dans le noir comme vous verriez avec une lumière faible. Dans le noir, vous ne discernez pas les couleurs, uniquement des nuances de gris.\n\nRésistance naine. Vous avez l''avantage aux jets de sauvegarde contre le poison et obtenez la résistance contre les dégâts de type poison.\n\nArmes naines. Vous obtenez la maîtrise des haches, des haches d''armes, des marteaux légers et des marteaux de guerre.\n\nMaîtrise des outils. Vous obtenez la maîtrise d''un des outils suivant au choix : outils de forgeron, outils de brasseur ou outils de maçon.\n\nConnaissance de la pierre. Chaque fois que vous effectuez un jet d''Intelligence (Histoire) en relation avec l''origine d''un travail lié à la pierre, considérez que vous maîtrisez la compétence Histoire et ajoutez le double de votre bonus de maîtrise au jet, au lieu du bonus de maîtrise normal.\n\nLangues. Vous parlez, lisez et écrivez le commun et le nain.\n\nEntrainement aux armures. Vous maîtrisez les armures légères et intermédiaires.\n',2,0,2,0,0,0,50,400,'MEDIUM','4''',150,25,0,9,NULL,5,'2016-09-04 11:34:38','2016-09-13 11:01:47');
INSERT INTO race (id, name, description, traits, strModifier, dexModifier, conModifier, intModifier, wisModifier, chaModifier, minAge, maxAge, size, averageHeight, averageWeight, speed, extraLanguage, damageTypeId, image, version, created, updated) VALUES (3,'Elfe doré','De tous les Elfes, les Elfes Dorés sont les plus arrogants et hautins - même plus que les Avariels qui ont plus de pitié envers les races terrestres. Les Elfes Dorés se considèrent comme la vraie race elfe, les constructeurs et dirigeants des royaumes elfes ; ils pensent que les autres Elfes échouent dans l''ascension vers la solennité et la dignité de leurs parents.\nComme la plupart des autres Elfes de Faerûn, les Elfes Dorés sont grands et minces.\nLes Elfes Dorés ont une peau couleur bronze, les cheveux blonds (proche de l''or), cuivres ou noirs et des yeux verts ou dorés.\nIls aiment principalement la contemplation, la tradition et l''étude plus que les jeux rapides et les chansons au cœur léger des autres Elfes, mais ils semblent réunir la beauté surnaturelle, la grâce et la présence des Elfes…\nLes Elfes Dorés portent des habits à la fois magnifiques et négligés, préférant les couleurs froides comme le bleu et le vert. Ils décorent leurs vêtements avec des broderies en fils d''or ou de mithril représentant des motifs dont les dessins subtils ne sont pas visibles au premier coup d''œil. Les bijoux sont simples, mais soigneusement ornés.','Dextérité +2, Intelligence +1\n\nVision dans le noir. Vous pouvez voir à 60 pieds dans une lumière faible comme vous verriez avec une lumière vive, et dans le noir comme vous verriez avec une lumière faible. Dans le noir, vous ne discernez pas les couleurs, uniquement des nuances de gris.\n\nSens affûtés. Vous maîtrisez la compétence Perception.\n\nHéritage des fées. Vous avez l''avantage aux jets de sauvegarde contre les effets de charme et la magie ne peut pas vous endormir.\n\nTranse. Les elfes n''ont pas besoin de dormir. Au lieu de cela, ils méditent profondément, restant à demi conscients, 4 heures par jour (le mot commun pour désigner cette méditation est « transe »). En méditant, vous pouvez rêver, tant bien que mal ; ces rêves sont en fait des exercices mentaux qui deviennent un réflexe après des années de pratique. Après un repos de ce type, vous obtenez les mêmes avantages qu''un humain après 8 heures de sommeil.\n\nLangues. Vous pouvez parler, lire et écrire le commun et l''elfique.\n\nArmes elfes. Vous obtenez la maîtrise des épées (longues et courtes) et des arcs (longs et courts).',0,2,0,1,0,0,100,750,'MEDIUM','5''3\"',125,30,0,NULL,NULL,8,'2016-09-04 11:51:31','2016-09-13 10:51:19');
INSERT INTO race (id, name, description, traits, strModifier, dexModifier, conModifier, intModifier, wisModifier, chaModifier, minAge, maxAge, size, averageHeight, averageWeight, speed, extraLanguage, damageTypeId, image, version, created, updated) VALUES (5,'Elfe argenté','De tous les Elfes, les Elfes Argentés sont les plus sociables, les plus tolérants et donc les plus susceptibles de devenir aventuriers. La plupart des Elfes rencontrés dans les Royaumes sont des Elfes Argentés et les Demi-Elfes que l''on peut rencontrer en descendent donc bien souvent… Bien qu''ils soient considérés comme moins nobles que les Elfes Dorés, il faut savoir qu''Amlaruil Fleur-de-Lune, la Reine d’Éternelle-Rencontre, est une Elfe Argentée. À la différence des Elfes Dorés, les Elfes Argentés n''accordent pas beaucoup de valeur au concept de société et refusent de respecter quiconque, uniquement à cause de sa lignée. Exubérants, extravertis et \" je-m''en-foutistes \", tels sont les adjectifs les qualifiant le mieux. Les Elfes Argentés vivent en harmonie avec la Nature et mènent une existence idyllique, pleine de joie de vivre, de liberté, et d''amour de la Nature, tout du moins quand ils restent chez eux ; quand ils partent à l''aventure -ce qui leur arrive souvent-, ils doivent s''adapter. Ils peuvent tout aussi bien rire et chanter que plonger dans une profonde mélancolie ; ils sont en fait assez lunatiques, ce qui leur vaut peut-être cette appellation d''Elfes de Lune !\nLes Elfes Argentés sont les plus susceptibles de fréquenter des non-Elfes, de par leur caractère ouvert et leur joie de vivre naturelle. Ils sont généralement bien acceptés par les Humains et les autres humanoïdes. La majorité des Elfes fréquentant les Humains sont des Elfes Argentés.\n\nLes Elfes Argentés sont plus à l''aise en milieu forestier que les Elfes Dorés, puisqu''ils vivent dans les arbres. Ils s''entendent également mieux qu''eux avec les Elfes Verts et Cuivrés, ainsi qu''avec tous les habitants des forêts et d''une façon générale, ce sont les Elfes qui s''entendent le mieux avec les étrangers, car leur caractère enjoué et leurs humeurs changeantes suffisent généralement à divertir leur entourage.','Dextérité +2, Intelligence +1\n\nVision dans le noir. Vous pouvez voir à 60 pieds dans une lumière faible comme vous verriez avec une lumière vive, et dans le noir comme vous verriez avec une lumière faible. Dans le noir, vous ne discernez pas les couleurs, uniquement des nuances de gris.\n\nSens affûtés. Vous maîtrisez la compétence Perception.\n\nHéritage des fées. Vous avez l''avantage aux jets de sauvegarde contre les effets de charme et la magie ne peut pas vous endormir.\n\nTranse. Les elfes n''ont pas besoin de dormir. Au lieu de cela, ils méditent profondément, restant à demi conscients, 4 heures par jour (le mot commun pour désigner cette méditation est « transe »). En méditant, vous pouvez rêver, tant bien que mal ; ces rêves sont en fait des exercices mentaux qui deviennent un réflexe après des années de pratique. Après un repos de ce type, vous obtenez les mêmes avantages qu''un humain après 8 heures de sommeil.\n\nLangues. Vous pouvez parler, lire et écrire le commun et l''elfique.\n\nArmes elfes. Vous obtenez la maîtrise des épées (longues et courtes) et des arcs (longs et courts).',0,2,0,1,0,0,100,700,'MEDIUM','5''3\"',125,30,0,NULL,NULL,5,'2016-09-12 10:44:53','2016-09-13 10:51:28');
INSERT INTO race (id, name, description, traits, strModifier, dexModifier, conModifier, intModifier, wisModifier, chaModifier, minAge, maxAge, size, averageHeight, averageWeight, speed, extraLanguage, damageTypeId, image, version, created, updated) VALUES (6,'Elfe des bois','Les Elfes des Bois sont calmes, sereins et difficiles à surprendre. Leur patience est légendaire. Ils ne font qu''un avec la Nature et se sentent mal au milieu de la civilisation. Ils ont perdu le besoin de remplacer la Nature par des murs et des palais, même si les cités elfes semblent ridicules à côtés de celles des Elfes des Bois! Ils pensent que les constructions de pierres ne sont qu''une étape dans le monde, la Nature reprenant toujours ses droits sur les grandes cités… Les autres races voient cette attitude comme du fatalisme et de la condescendance, comprenant mal les Elfes des Bois. Connus aussi sous le nom d''Elfes de Cuivre ou d''Elfes Sylvains, ils ont la peau cuivrée teintée de vert et ont les yeux verts, marrons ou noisettes. Leurs cheveux sont généralement bruns ou noirs, parfois blonds ou cuivrés. Ces Elfes préfèrent s''habiller simplement, comme les Elfes de Lune, mais avec des couleurs moins criardes. Leurs robes sont d''une coupe simple, avec des broderies aux motifs simples et naturels. Ils affectionnent particulièrement les armures de cuir et ils portent souvent des ensembles parfaitement tissés, même s''ils se sentent en danger. Leurs habits, qu''ils portent une armure ou pas, sont généralement dans les tons verts ou marrons, pour se fondre plus facilement dans leur environnement. Il s''agit d''une race humble qui ne s''encombre pas de bijoux et autres fanfreluches. \nLes Elfes des Bois sont de la même taille que la plupart des Elfes de Faerûn, mais sont mieux bâtis.','Dextérité +2, Sagesse+1\nVision dans le noir. Vous pouvez voir à 60 pieds dans une lumière faible comme vous verriez avec une lumière vive, et dans le noir comme vous verriez avec une lumière faible. Dans le noir, vous ne discernez pas les couleurs, uniquement des nuances de gris.\n\nSens affûtés. Vous maîtrisez la compétence Perception.\n\nHéritage des fées. Vous avez l''avantage aux jets de sauvegarde contre les effets de charme et la magie ne peut pas vous endormir.\n\nTranse. Les elfes n''ont pas besoin de dormir. Au lieu de cela, ils méditent profondément, restant à demi conscients, 4 heures par jour (le mot commun pour désigner cette méditation est « transe »). En méditant, vous pouvez rêver, tant bien que mal ; ces rêves sont en fait des exercices mentaux qui deviennent un réflexe après des années de pratique. Après un repos de ce type, vous obtenez les mêmes avantages qu''un humain après 8 heures de sommeil.\n\nLangues. Vous pouvez parler, lire et écrire le commun et l''elfique.\n\nArmes elfes. Vous obtenez la maîtrise des épées (longues et courtes) et des arcs (longs et courts).\n\nCamouflage de la nature. Vous pouvez tenter de vous cacher dans une zone à visibilité réduite, comme en présence de branchages, de forte pluie, de neige qui tombe, de brume ou autre phénomène naturel.',0,2,0,0,1,0,0,0,'MEDIUM','5''3\"',125,35,0,NULL,NULL,4,'2016-09-12 10:51:25','2016-09-13 10:52:52');
INSERT INTO race (id, name, description, traits, strModifier, dexModifier, conModifier, intModifier, wisModifier, chaModifier, minAge, maxAge, size, averageHeight, averageWeight, speed, extraLanguage, damageTypeId, image, version, created, updated) VALUES (7,'Halfelin Pied-Léger','Les Halfelins sont particulièrement rusés et prompts à saisir la moindre occasion. En clans ou seul, ils font leur trou partout où c''est possible. Voyageurs dans l''âme, ils sont considérés comme des étrangers presque partout. À ce titre, ils attirent les soupçons et la curiosité. Selon le clan auquel ils appartiennent, ils peuvent être considérés comme dignes de confiance et travailleurs ou comme de simples voleurs attendant le gros coup qui leur permettra de disparaître sans laisser de traces. Quel que soit leur mode de vie, ce sont des battants pleins de ressources.\n\nLes habitants de Faerûn sont plus familiers des Halfelins \"Pieds légers\" que de ceux les autres races d''Halfelins ; tout d''abord parce qu''ils sont les plus nombreux, mais aussi car ils sont les plus voyageurs. Toute communauté humaine d''une taille dépassant le village, peut compter quelques Halfelins. D''ailleurs, quand la plupart des habitants de Faerûn pensent aux Halfelins, c''est à ces derniers qu''ils pensent… Ils sont d''une curiosité maladive. Confiants dans leur capacité à se tirer des pires pétrins, ils font preuve d''une audace que la plupart des autres races sont bien incapables d''égaler.\n\nLes Halfelins sont nomades et leurs clans se déplacent constamment, allant où les circonstances ou leur curiosité les poussent. Ils apprécient la richesse pour les plaisirs qu''elle peut acheter et dépensent l''argent sans compter, aussi vite qu''ils l''obtiennent !\n\nCe sont également de grands collectionneurs. Les plus classiques collectionnent les armes, les livres ou les bijoux, mais certains sont attirés par les objets plus surprenants, comme par exemples les peaux de bêtes féroces, voire les créatures elles-mêmes ! Les riches Halfelins font parfois appel à des aventuriers, qu''ils envoient chercher les pièces qui compléteront leur collection.\n\nLes Halfelins mesurent en général 3 pieds et pèsent entre 40 et 45 lbs. Ils ont le teint rougeaud et des cheveux noirs et raides, tandis que leurs yeux sont noirs ou noisettes. Les hommes laissent souvent pousser leurs favoris, mais les barbes sont rares parmi eux et les moustaches plus encore… Ils aiment les vêtements simples, pratiques et agréables à porter. Ils atteignent l''âge adulte peu après 20 ans et vivent généralement un siècle et demi.','Dextérité +2, Charisme +1\n\nChanceux. Lorsque vous obtenez un 1 au dé d''un jet d''attaque, de caractéristique ou de sauvegarde, vous pouvez relancer le dé et devez alors utiliser ce nouveau résultat.\n\nVaillant. Vous avez l''avantage aux jets de sauvegarde contre la peur.\n\nAgilité halfeline. Vous pouvez passer dans l''espace de toute créature d''une taille supérieure à la vôtre.\n\nLangues. Vous pouvez parler, lire et écrire le commun et le halfelin. \n\nDiscrétion naturelle. Vous pouvez tenter de vous cacher si vous vous trouvez derrière une créature d''une taille supérieure à la vôtre.',0,2,0,0,0,1,20,150,'SMALL','3''',40,25,0,NULL,NULL,2,'2016-09-12 11:07:53','2016-09-13 10:55:13');
INSERT INTO race (id, name, description, traits, strModifier, dexModifier, conModifier, intModifier, wisModifier, chaModifier, minAge, maxAge, size, averageHeight, averageWeight, speed, extraLanguage, damageTypeId, image, version, created, updated) VALUES (8,'Halfelin Coeur-Vaillant','Si les \" Pieds légers \" accordent de la valeur aux voyages et aux nouveaux visages, les Halfelins \"Cœurs vaillants\" sont beaucoup plus organisés, ordonnés et travailleurs. Leurs œuvres sont faites pour durer et ils défendent leurs demeures avec férocité face à des menaces que fuiraient leurs cousins aux \" pieds légers \". Les Humains du Nord habitués aux \" Pieds légers \", si faciles à vivre, sont surpris de découvrir que certains Halfelins entretiennent une tradition martiale et qu''ils n''ont pas peur de faire montre d''arrogance ou de confiance en leurs forces.\n\nLes Halfelins \"Cœurs vaillants\" aiment les épreuves physiques et accordent une grande valeur à toutes les formes de compétences exceptionnelles. La plupart de ces Halfelins vivent dans la forêt de Luiren, dans le Sud des Royaumes.','Dextérité +2, Constitution +1\n\nChanceux. Lorsque vous obtenez un 1 au dé d''un jet d''attaque, de caractéristique ou de sauvegarde, vous pouvez relancer le dé et devez alors utiliser ce nouveau résultat.\n\nVaillant. Vous avez l''avantage aux jets de sauvegarde contre la peur.\n\nAgilité halfeline. Vous pouvez passer dans l''espace de toute créature d''une taille supérieure à la vôtre.\n\nLangues. Vous pouvez parler, lire et écrire le commun et le halfelin. \n\nRésistance du corpulent. Vous obtenez l''avantage aux jets de sauvegarde contre le poison et la résistance contre les dégâts de type poison.',0,2,1,0,0,0,20,150,'SMALL','3''',40,25,0,9,NULL,3,'2016-09-12 11:10:53','2016-09-13 10:55:36');
INSERT INTO race (id, name, description, traits, strModifier, dexModifier, conModifier, intModifier, wisModifier, chaModifier, minAge, maxAge, size, averageHeight, averageWeight, speed, extraLanguage, damageTypeId, image, version, created, updated) VALUES (9,'Humain','Dans la plupart des mondes, les humains sont la plus jeune des races communes, la dernière à être apparue et celle dotée de la plus faible longévité par rapport aux nains, aux elfes et aux dragons. Peut-être du fait de leurs vies plus courtes, ils s''efforcent d''atteindre autant d''objectifs qu''ils peuvent pendant les années qui leur sont données. Ou peut-être sentent-ils qu''ils ont quelque chose à prouver aux races plus anciennes, et c''est pourquoi ils construisent de puissants empires basés sur la conquête et le commerce. Mais quelle que soit la raison qui les pousse de l''avant, les humains sont les innovateurs, les bâtisseurs et les pionniers de leurs mondes.\n\nAvec leur penchant pour les migrations et les conquêtes, il y a plus de diversités physiques chez les humains que chez les autres races communes. Il n’y a pas d’humain moyen. Un individu peut mesurer un peu moins de 5'' à plus de 6'', et peser de 125 à 250 lbs. La couleur de leur peau varie du presque noir au blanc le plus pâle, et la couleur de leurs cheveux du noir au blond, qu’ils soient bouclés, frisés ou raides, les hommes arborant parfois une pilosité faciale plus ou moins épaisse. De nombreux humains ont une petite quantité de sang non-humain dans leurs veines, révélant des ascendances elfe, orque, ou d’autres  lignages. Les humains atteignent l’âge adulte peu avant vingt ans et vivent rarement plus d’un siècle.\n\nLes humains sont les plus adaptables et les plus ambitieux de toutes les races communes. Leurs goûts, leurs morales et leurs coutumes varient grandement en fonction des nombreux pays où ils se sont installés. Lorsqu’ils s’installent quelque part, ils construisent des cités faites pour durer à travers les âges, et de grands royaumes pouvant perdurer de longs siècles. Même si un humain a une espérance de vie relativement courte, les nations et cultures humaines préservent leurs traditions, dont certaines remontent bien au-delà de la mémoire des humains. Ils vivent pleinement le moment présent – ce qui les rend parfaitement adaptés à la vie d’aventurier – mais font également des plans pour le futur, cherchant toujours à laisser derrière eux un héritage. En tant qu’individu ou groupe, les humains sont opportunistes, font preuve d’adaptabilité et sont toujours prêts à changer de système politique ou social.','Toutes les caractéristiques +1\n\nLangues. Vous pouvez parler, lire et écrire le commun et une langue supplémentaire de votre choix.',1,1,1,1,1,1,18,60,'MEDIUM','5''6\"',175,30,1,NULL,NULL,2,'2016-09-12 11:21:10','2016-09-13 10:56:21');
INSERT INTO race (id, name, description, traits, strModifier, dexModifier, conModifier, intModifier, wisModifier, chaModifier, minAge, maxAge, size, averageHeight, averageWeight, speed, extraLanguage, damageTypeId, image, version, created, updated) VALUES (10,'Demi-elfe','Fréquentant deux mondes, mais n''appartenant vraiment à aucun des deux, les demi-elfes combinent ce que certains disent être les meilleures qualités de leurs parents elfes et humains : la curiosité et la créativité humaine, et une ambition tempérée par des sens raffinés, l''amour de la nature et les goûts artistiques des elfes. Certains demi-elfes vivent parmi les humains, un peu en marge de par leurs différences physiques et émotionnelles, en regardant vieillir leurs amis et leurs proches alors que le temps les touche à peine. D''autres vivent chez les elfes, devenant adultes alors que leurs pairs continuent de vivre comme des enfants, s''agitant de plus en plus dans ces royaumes elfiques intemporels. Beaucoup d''autres demi-elfes, incapables de s''intégrer dans quelle société que ce soit, choisissent une vie d''errance solitaire, ou rejoignent d''autres marginaux et exclus pour partager une vie d''aventures.\n\nPour les humains, un demi-elfe ressemble à un elfe, et pour un elfe il paraît humain. Bien qu''ils soient par la taille proche de leurs parents, ils ne sont jamais aussi sveltes que les elfes ou aussi robustes que les humains. Leur taille varie entre 1,50 et 1,80 mètre, avec un poids situé entre 50 et 90 kilos, les hommes étant légèrement plus grands et plus lourds que les femmes. Les hommes demi-elfes possèdent une pilosité faciale, et se laissent parfois pousser la barbe pour dissimuler leur héritage elfique. La complexion et les caractéristiques physiques d''un demi-elfe sont un mélange entre celles de leurs parents humains et elfes, montrant ainsi une variété encore plus prononcée que celle observée chez les deux espèces. Ils ont généralement les yeux de leur parent elfe.','Charisme +2, Dextérité +1, Intelligence +1\nVision dans le noir : Grâce à votre sang elfe, vous avez une vision supérieure dans le noir et les conditions de faible éclairage. Vous pouvez voir à 60 pieds dans une lumière faible comme vous verriez avec une lumière vive, et dans le noir comme vous verriez avec une lumière faible. Dans le noir, vous ne discernez pas les couleurs, uniquement des nuances de gris.\n\nHéritage des fées. Vous avez l''avantage aux jets de sauvegarde contre les effets de charme et la magie ne peut pas vous endormir.\n\nVersatilité. Vous gagnez la maîtrise de deux compétences de votre choix.\n\nLangues. Vous pouvez parler, lire et écrire le commun, l''elfe, et une langue supplémentaire de votre choix.',0,1,0,1,0,2,20,180,'MEDIUM','5''6\"',160,30,1,NULL,NULL,2,'2016-09-12 11:31:18','2016-09-13 11:03:29');
INSERT INTO race (id, name, description, traits, strModifier, dexModifier, conModifier, intModifier, wisModifier, chaModifier, minAge, maxAge, size, averageHeight, averageWeight, speed, extraLanguage, damageTypeId, image, version, created, updated) VALUES (11,'Demi-orque','Que ce soit unis sous la direction d''un puissant sorcier ou lors de trêves après des années de conflit, les tribus orques et humaines forment parfois des alliances, unissant leurs forces en une horde encore plus grande qui engendre la terreur dans les terres civilisées proches. Et lorsque ces alliances sont scellées par des mariages, des demi-orques naissent. Certains deviennent de fiers chefs de tribus orques, leur sang humain leur donnant un avantage sur leurs rivaux orques. Certains s''aventurent dans le monde afin de prouver leur valeur parmi les humains ou d''autres races plus civilisées. Beaucoup d''entre eux deviennent alors des aventuriers, acquérant la grandeur à travers leurs hauts faits et la notoriété à travers leurs coutumes barbares et leur fureur sauvage.\n\nLa pigmentation grisâtre, le front incliné, la mâchoire saillante, les dents proéminentes et la carrure imposante des demi-orques rendent leur ascendance orque visible de tous. Les demi-orques mesurent entre 6 et 7 pieds et pèsent généralement entre 180 et 250 lbs. Les orques considèrent également les cicatrices des batailles comme des marques d''orgueil et les cicatrices ornementales comme des choses d''une grande beauté. D''autres cicatrices, par contre, signalent un orque ou un demi-orque comme étant un ancien esclave ou un exilé en disgrâce. Tous les demi-orques ayant vécu parmi ou près d''orques portent des cicatrices, qu''elles soient des marques d''humiliation ou d''orgueil, racontant leurs exploits et les blessures du passé. Un demi-orque vivant parmi les humains peut afficher avec fierté ses cicatrices ou les cacher honteusement.','Force +2, Constitution +1.\n\nVision dans le noir : Grâce à votre sang orque, vous avez une vision supérieure dans le noir et les conditions de faible éclairage. Vous pouvez voir à 60 pieds dans une lumière faible comme vous verriez avec une lumière vive, et dans le noir comme vous verriez avec une lumière faible. Dans le noir, vous ne discernez pas les couleurs, uniquement des nuances de gris.\n\nMenaçant: Vous gagnez la maîtrise de la compétence Intimidation.\n\nEndurance tenace : Lorsque vous êtes réduit à 0 point de vie, mais pas tué sur le coup, vous pouvez remonter à 1 point de vie. Vous devez terminer un repos long pour pouvoir utiliser cette capacité de nouveau.\n\nAttaques sauvages : Lorsque vous réalisez un coup critique lors d''une attaque avec une arme de corps à corps, vous pouvez jeter l''un des dés de dégâts de l''arme une deuxième fois et l''ajouter aux dégâts supplémentaires du coup critique.',2,0,1,0,0,0,14,75,'MEDIUM','6''6\"',200,30,0,NULL,NULL,2,'2016-09-12 11:37:07','2016-09-13 11:04:25');
INSERT INTO race (id, name, description, traits, strModifier, dexModifier, conModifier, intModifier, wisModifier, chaModifier, minAge, maxAge, size, averageHeight, averageWeight, speed, extraLanguage, damageTypeId, image, version, created, updated) VALUES (12,'Gnomes des forêts','Les gnomes des forêts se réunissent dans des communautés cachées au sein des forêts, souvent loin des routes et des chemins de la civilisation. Timides et discrets, ces gnomes évitent la confrontation autant que possible en utilisant l''illusion et la ruse pour se cacher des menaces ou pour masquer leur fuite s''ils ont été débusqués. Les gnomes des forêts ont tendance à être amicaux avec les autres habitants des bois, et considèrent les elfes et les fées bonnes comme leurs alliés les plus importants. Ils se lient aussi d''amitié avec les petits animaux de la forêt, sur lesquels ils comptent pour obtenir des informations sur les menaces qui pourraient planer sur leurs terres.','Intelligence +2, Dextérité + 1\n\nParler avec les petits animaux : À l''aide de sons et de gestes, vous pouvez communiquer des idées simples à des bêtes de petite taille ou plus petite. Les gnomes des forêts aiment les animaux et traitent de manière bienveillante comme un animal domestique tout animal qu''ils peuvent trouver (écureuils, blaireaux, lapins, taupes, etc...).\n\nVision dans le noir : Habitué à vivre sous terre, vous avez une vision supérieure dans le noir et les conditions de faible éclairage. Vous pouvez voir à 60 pieds dans une lumière faible comme vous verriez avec une lumière vive, et dans le noir comme vous verriez avec une lumière faible. Dans le noir, vous ne discernez pas les couleurs, uniquement des nuances de gris.\n\nConnaissance gnome. Vous avez l''avantage aux jets de sauvegarde d''Intelligence, de Sagesse et de Charisme contre la magie.\n\nLangues. Vous parlez, lisez et écrivez le commun et le gnome.',0,1,0,2,0,0,40,500,'SMALL','3''6\"',40,25,0,NULL,NULL,2,'2016-09-12 12:47:46','2016-09-13 11:05:49');
INSERT INTO race (id, name, description, traits, strModifier, dexModifier, conModifier, intModifier, wisModifier, chaModifier, minAge, maxAge, size, averageHeight, averageWeight, speed, extraLanguage, damageTypeId, image, version, created, updated) VALUES (13,'Gnome des roches','Les gnomes des roches établissent leurs communautés dans les collines et les montagnes, là où ils peuvent avoir accès aux matériaux dont ils ont besoin pour construire et bricoler. Ces maîtres artisans sont inégalés lorsqu''on parle de tailler des gemmes ou de mécanique et autres merveilles technologiques. Leurs réalisations sont recherchées dans le monde entier.','Intelligence + 2, Constitution +1\n\nVision dans le noir : Habitué à vivre sous terre, vous avez une vision supérieure dans le noir et les conditions de faible éclairage. Vous pouvez voir à 60 pieds dans une lumière faible comme vous verriez avec une lumière vive, et dans le noir comme vous verriez avec une lumière faible. Dans le noir, vous ne discernez pas les couleurs, uniquement des nuances de gris.\n\nIngénieur. Chaque fois que vous effectuez un jet d''Intelligence (Histoire) en relation avec l''alchimie, des objets magiques ou des dispositifs technologiques, ajoutez le double de votre bonus de maîtrise au jet, au lieu du bonus de maîtrise normal.\n\nBricoleur. Vous possédez la maîtrise des outils d''artisans de rétameur. En utilisant ces outils, vous pouvez passer 1 heure et dépenser pour 10 po de matériaux pour construire un mécanisme de taille Très petite (TP), de CA 5 et 1 pv. Le dispositif cesse de fonctionner après 24 heures, ou si vous utilisez une action pour le démonter ; à ce moment, vous pouvez récupérer les matériaux que vous avez utilisés pour le créer. Vous pouvez avoir jusqu''à trois de ces dispositifs actifs à la fois. Lorsque vous créez un mécanisme, choisissez l''une des options suivantes :\n\nJouet mécanique. Le jouet représente un animal ou une personne, comme une grenouille, une souris, un oiseau ou un soldat, sur des roulettes. Lorsqu''il est placé sur le sol, il se déplace de 1,50 mètre chaque tour dans une direction aléatoire et fait des bruits en fonction de la créature qu''il représente.\nAllume feu. Le mécanisme produit une toute petite flamme qui peut être utilisée pour allumer une bougie ou une torche au prix d''une action.\nBoîte à musique. Lorsqu''on l''ouvre, la boîte reproduit une chanson (toujours la même) à un volume modéré jusqu''à la fin du morceau ou avant si la boîte est refermée.',0,0,1,2,0,0,40,500,'SMALL','3''6\"',40,25,0,NULL,NULL,2,'2016-09-12 12:50:42','2016-09-13 11:06:21');
INSERT INTO race (id, name, description, traits, strModifier, dexModifier, conModifier, intModifier, wisModifier, chaModifier, minAge, maxAge, size, averageHeight, averageWeight, speed, extraLanguage, damageTypeId, image, version, created, updated) VALUES (14,'Gnome des profondeurs','Retranchés dans les profondeurs de l’Outreterre se trouvent les Svirfnebelins, ou Gnomes des Profondeurs. Solitaires, méfiants et n’appréciant guère les intrusions dans leurs cavernes, les Gnomes des Profondeurs ne partagent pas le sens de l’humour et l’ouverture d’esprit de leurs cousins de la surface. Là où une communauté de Gnomes bouillonne d’énergie, d’agitation et de rires, une ville de svirfnebelins est un lieu lugubre et terne, où ne résonne que le silence et où on ne distingue que de rares mouvements parmi les ombres. Les Svirfnebelins ne sont guère attrayants. Ils ont la peau marron ou grise, ainsi que les yeux et les cheveux gris ; les mâles sont chauves. Ils sont généralement renfrognés, repliés sur eux-mêmes et méfiants à l’excès…','Intelligence +2, Dextérité +1, Sagesse +1\n\nVision dans le noir améliorée :  Habitué à vivre sous terre, vous avez une vision supérieure dans le noir et les conditions de faible éclairage. Vous pouvez voir à 120 dans une lumière faible comme vous verriez avec une lumière vive, et dans le noir comme vous verriez avec une lumière faible. Dans le noir, vous ne discernez pas les couleurs, uniquement des nuances de gris.',0,1,0,2,1,0,40,500,'SMALL','3''6\"',40,25,0,NULL,NULL,3,'2016-09-12 12:56:00','2016-09-13 11:07:00');
INSERT INTO race (id, name, description, traits, strModifier, dexModifier, conModifier, intModifier, wisModifier, chaModifier, minAge, maxAge, size, averageHeight, averageWeight, speed, extraLanguage, damageTypeId, image, version, created, updated) VALUES (15,'Elfe noir','Issus d''une ancienne sous-race d''elfes à la peau sombre, les drows ont été banni de la surface du monde pour avoir suivi la déesse Lloth sur la voie du mal et de la corruption. Maintenant, ils ont construit leur propre civilisation dans les profondeurs de l''Outreterre, calquée sur le Chemin de Lloth. Aussi appelés elfes noirs, les drows ont la peau noire comme de l''obsidienne polie et les cheveux blancs ou jaunes pâles. Ils ont souvent des yeux très pâles (si pâles qu''on les croit quelquefois blancs), dans des tons lilas pâle, argent, rose ou bleu. Ils ont tendance à être plus petits et plus minces que la plupart des elfes.\n\nDans l’ensemble, les Drows sont sadiques, destructeurs et traîtres. Ils se voient comme les héritiers légitimes de Faerûn et ils se souviendront toujours de leur injuste exil dans les profondeurs. Ils haïssent les autres races et ceux qu''ils ne combattent pas, ne sont tolérés que par nécessité pour le commerce et des alliances militaires temporaires. Même entre eux, les Elfes Noirs sont cruels et méfiants. Il n''y a que très peu de place pour l''amour et l''amitié dans la société drow. Ils apprécient la valeur des alliances avec les membres d''autres familles, mais aucun Drow ne fait vraiment confiance à un autre. Ils ne forgent des alliances que s''ils sont plus puissants que leur \" allié \", qu''ils les fassent chanter ou qu''un ennemi commun les fasse oublier leur haine l''un envers l''autre. Et même ainsi, Les Elfes Noirs conservent œil et oreille tendus pour déjouer la moindre traîtrise. La devise pour un Drow pourrait être : \"Elimine les autres avant qu''ils ne t''éliminent.\" Bien sûr il y a toujours des exceptions à la règle.','Dextérité +2, Charisme +1\n\nVision dans le noir : Les elfes noirs voient à 120 pieds de distance dans le noir le plus complet. Ils perdent alors le sens des couleurs (et voient juste en noir et blanc) mais leurs perceptions n''en souffrent pas pour autant. Ils peuvent agir normalement sans la moindre lumière.\n\nSensibilité à la lumière du soleil. Vous avez un désavantage aux jets d''attaque et aux jets de Sagesse (Perception) basés sur ​​la vue quand vous, la cible de l''attaque ou ce que vous essayez de détecter est exposé à la lumière du soleil.\n\nArmes drows. Vous obtenez la maîtrise des rapières, des épées courtes et des arbalètes de poing.',0,2,0,0,0,1,100,750,'MEDIUM','5''3\"',125,30,0,NULL,NULL,2,'2016-09-12 13:07:12','2016-09-13 10:54:01');
INSERT INTO race (id, name, description, traits, strModifier, dexModifier, conModifier, intModifier, wisModifier, chaModifier, minAge, maxAge, size, averageHeight, averageWeight, speed, extraLanguage, damageTypeId, image, version, created, updated) VALUES (16,'Tieffelin','Être accueilli par des regards suspicieux et des murmures, souffrir insultes et violences à chaque coin de rue, croiser le doute et la peur dans chaque regard, tel est le lot quotidien du tieffelin. Et pour remuer le couteau dans la plaie, les tieffelins ont conscience que tout cela vient d''un pacte passé il y a plusieurs générations qui imprégna leur lignée de l''essence d''Asmodée, le seigneur des neuf enfers. Leur apparence et leur nature ne sont pas le fruit de leur volonté, mais la conséquence d''un péché ancien duquel eux-mêmes, leurs enfants et toute leur descendance, seront toujours redevables.\n\nLes tieffelins descendent d''une lignée humaine et, dans l''absolu, ils ressemblent toujours aux humains. Malgré tout, leur héritage infernal a laissé une marque claire et indélébile sur leur apparence. Les tieffelins possèdent comme attribut le plus marquant de larges cornes, qui peuvent apparaître sous une grande variété de formes : certains ont les cornes courbées d''un bélier, d''autres les longues cornes d''une gazelle, et d''autres encore ont les cornes en spirales de l''antilope. Ils ont aussi une fine queue mesurant entre 4 et 5 pieds de long qui fouette l''air ou s’enroule autour de leurs jambes quand ils deviennent agacés ou nerveux. Leurs canines sont particulièrement pointues et leurs yeux d''une couleur unique – noirs, jaunes, argent ou or – sans sclère ni pupille discernable. La couleur de leur peau couvre toute la palette des couleurs humaines, mais intègre aussi plusieurs nuances de rouges. Leurs cheveux, descendants de derrière leurs cornes, sont généralement sombres, plutôt noirs ou bruns, ou parfois rouge sombre, bleu ou pourpre.','Intelligence +1, Charisme +2\n\nRésistance infernale : Vous avez la résistance aux dégâts de feu.\n\nVision dans le noir : Grâce à votre héritage infernal, vous avez une vision supérieure dans le noir et les conditions de faible éclairage. Vous pouvez voir à 60 pieds dans une lumière faible comme vous verriez avec une lumière vive, et dans le noir comme vous verriez avec une lumière faible. Dans le noir, vous ne discernez pas les couleurs, uniquement des nuances de gris.\n\nLangues. Vous pouvez parler, lire et écrire le commun et l''infernal.',0,0,0,1,0,2,18,100,'MEDIUM','5''6\"',160,30,0,3,NULL,2,'2016-09-12 13:27:36','2016-09-13 11:07:54');

/* RaceArmorProficiency */
insert into racearmorproficiencies (raceId, proficiency) values (2,'MEDIUM');
insert into racearmorproficiencies (raceId, proficiency) values (2,'LIGHT');

/* RaceLanguage */
INSERT INTO racelanguage (raceId, languageId) VALUES (1,1);
INSERT INTO racelanguage (raceId, languageId) VALUES (2,1);
INSERT INTO racelanguage (raceId, languageId) VALUES (3,1);
INSERT INTO racelanguage (raceId, languageId) VALUES (5,1);
INSERT INTO racelanguage (raceId, languageId) VALUES (6,1);
INSERT INTO racelanguage (raceId, languageId) VALUES (7,1);
INSERT INTO racelanguage (raceId, languageId) VALUES (8,1);
INSERT INTO racelanguage (raceId, languageId) VALUES (9,1);
INSERT INTO racelanguage (raceId, languageId) VALUES (10,1);
INSERT INTO racelanguage (raceId, languageId) VALUES (11,1);
INSERT INTO racelanguage (raceId, languageId) VALUES (12,1);
INSERT INTO racelanguage (raceId, languageId) VALUES (13,1);
INSERT INTO racelanguage (raceId, languageId) VALUES (14,1);
INSERT INTO racelanguage (raceId, languageId) VALUES (15,1);
INSERT INTO racelanguage (raceId, languageId) VALUES (16,1);
INSERT INTO racelanguage (raceId, languageId) VALUES (1,2);
INSERT INTO racelanguage (raceId, languageId) VALUES (2,2);
INSERT INTO racelanguage (raceId, languageId) VALUES (3,3);
INSERT INTO racelanguage (raceId, languageId) VALUES (5,3);
INSERT INTO racelanguage (raceId, languageId) VALUES (6,3);
INSERT INTO racelanguage (raceId, languageId) VALUES (10,3);
INSERT INTO racelanguage (raceId, languageId) VALUES (15,3);
INSERT INTO racelanguage (raceId, languageId) VALUES (12,5);
INSERT INTO racelanguage (raceId, languageId) VALUES (13,5);
INSERT INTO racelanguage (raceId, languageId) VALUES (14,5);
INSERT INTO racelanguage (raceId, languageId) VALUES (7,7);
INSERT INTO racelanguage (raceId, languageId) VALUES (8,7);
INSERT INTO racelanguage (raceId, languageId) VALUES (11,8);
INSERT INTO racelanguage (raceId, languageId) VALUES (14,12);
INSERT INTO racelanguage (raceId, languageId) VALUES (15,12);
INSERT INTO racelanguage (raceId, languageId) VALUES (16,13);
INSERT INTO racelanguage (raceId, languageId) VALUES (6,15);

/* RaceSavingThrowProficiency */
INSERT INTO racesavingthrowproficiencies (raceId, conditionName) VALUES (1,'POISONED');
INSERT INTO racesavingthrowproficiencies (raceId, conditionName) VALUES (2,'POISONED');
INSERT INTO racesavingthrowproficiencies (raceId, conditionName) VALUES (3,'CHARMED');
INSERT INTO racesavingthrowproficiencies (raceId, conditionName) VALUES (3,'SLEEP');
INSERT INTO racesavingthrowproficiencies (raceId, conditionName) VALUES (5,'SLEEP');
INSERT INTO racesavingthrowproficiencies (raceId, conditionName) VALUES (5,'CHARMED');
INSERT INTO racesavingthrowproficiencies (raceId, conditionName) VALUES (6,'SLEEP');
INSERT INTO racesavingthrowproficiencies (raceId, conditionName) VALUES (6,'CHARMED');
INSERT INTO racesavingthrowproficiencies (raceId, conditionName) VALUES (7,'FRIGHTENED');
INSERT INTO racesavingthrowproficiencies (raceId, conditionName) VALUES (8,'FRIGHTENED');
INSERT INTO racesavingthrowproficiencies (raceId, conditionName) VALUES (8,'POISONED');
INSERT INTO racesavingthrowproficiencies (raceId, conditionName) VALUES (10,'SLEEP');
INSERT INTO racesavingthrowproficiencies (raceId, conditionName) VALUES (10,'CHARMED');
INSERT INTO racesavingthrowproficiencies (raceId, conditionName) VALUES (15,'CHARMED');
INSERT INTO racesavingthrowproficiencies (raceId, conditionName) VALUES (15,'SLEEP');

/* RaceSkillProficiency */
INSERT INTO raceskillproficiencies (raceId, skillId) VALUES (1,6);
INSERT INTO raceskillproficiencies (raceId, skillId) VALUES (2,6);
INSERT INTO raceskillproficiencies (raceId, skillId) VALUES (13,6);
INSERT INTO raceskillproficiencies (raceId, skillId) VALUES (3,13);
INSERT INTO raceskillproficiencies (raceId, skillId) VALUES (5,13);
INSERT INTO raceskillproficiencies (raceId, skillId) VALUES (6,13);
INSERT INTO raceskillproficiencies (raceId, skillId) VALUES (14,13);
INSERT INTO raceskillproficiencies (raceId, skillId) VALUES (11,16);

/* RaceWeaponProficiency */
INSERT INTO raceweaponproficiencies (raceId, weaponTypeId) VALUES (1,4);
INSERT INTO raceweaponproficiencies (raceId, weaponTypeId) VALUES (2,4);
INSERT INTO raceweaponproficiencies (raceId, weaponTypeId) VALUES (1,6);
INSERT INTO raceweaponproficiencies (raceId, weaponTypeId) VALUES (2,6);
INSERT INTO raceweaponproficiencies (raceId, weaponTypeId) VALUES (3,12);
INSERT INTO raceweaponproficiencies (raceId, weaponTypeId) VALUES (5,12);
INSERT INTO raceweaponproficiencies (raceId, weaponTypeId) VALUES (6,12);
INSERT INTO raceweaponproficiencies (raceId, weaponTypeId) VALUES (1,14);
INSERT INTO raceweaponproficiencies (raceId, weaponTypeId) VALUES (2,14);
INSERT INTO raceweaponproficiencies (raceId, weaponTypeId) VALUES (3,21);
INSERT INTO raceweaponproficiencies (raceId, weaponTypeId) VALUES (5,21);
INSERT INTO raceweaponproficiencies (raceId, weaponTypeId) VALUES (6,21);
INSERT INTO raceweaponproficiencies (raceId, weaponTypeId) VALUES (15,25);
INSERT INTO raceweaponproficiencies (raceId, weaponTypeId) VALUES (3,27);
INSERT INTO raceweaponproficiencies (raceId, weaponTypeId) VALUES (5,27);
INSERT INTO raceweaponproficiencies (raceId, weaponTypeId) VALUES (6,27);
INSERT INTO raceweaponproficiencies (raceId, weaponTypeId) VALUES (15,27);
INSERT INTO raceweaponproficiencies (raceId, weaponTypeId) VALUES (1,29);
INSERT INTO raceweaponproficiencies (raceId, weaponTypeId) VALUES (2,29);
INSERT INTO raceweaponproficiencies (raceId, weaponTypeId) VALUES (15,32);
INSERT INTO raceweaponproficiencies (raceId, weaponTypeId) VALUES (3,34);
INSERT INTO raceweaponproficiencies (raceId, weaponTypeId) VALUES (5,34);
INSERT INTO raceweaponproficiencies (raceId, weaponTypeId) VALUES (6,34);

/* Background */
INSERT INTO background (id, name, description, traits, ideals, purposes, flaws, additionalLanguage, version, created, updated) VALUES (1,'Acolyte','Vous avez passé votre vie au service du temple d''un dieu spécifique ou d''un panthéon de dieux. Vous agissez comme intermédiaire entre les royaumes des cieux et le monde des mortels, exécutant des rites sacrés et offrant des sacrifices pour conduire les fidèles face aux divins. Vous n''êtes pas nécessairement un clerc, car exécuter des rites sacrés religieux n''est pas la même chose que de canaliser la puissance divine.\n\nEn tant qu''acolyte, vous imposez le respect à ceux qui partagent votre foi, et pouvez mener les cérémonies religieuses de votre divinité. Vous et vos compagnons aventuriers pouvez vous attendre à recevoir des soins gratuits dans un temple, un sanctuaire ou toute autre présence établie de votre foi, bien que vous soyez responsable de fournir toutes les composantes matérielles nécessaires aux sorts. Ceux qui partagent votre religion vous aideront (mais seulement vous) et vous offriront un mode de vie modeste.\n\nVous pouvez également avoir des liens avec un temple spécifique dédié à votre divinité ou votre panthéon, et vous y avez une résidence. Cela pourrait être le temple où vous avez servi, si vous êtes resté en bons termes avec lui, ou un temple dans lequel vous avez trouvé une nouvelle maison. Lorsque vous êtes proche de votre temple, vous pouvez faire appel à des religieux pour vous aider, à condition que l''aide que vous demandiez ne soit pas dangereuse et que vous restiez en règle avec votre temple.\n\nLes acolytes sont façonnés par leur expérience dans les temples ou autres communautés religieuses. Leur étude de l''histoire et des principes de leur foi ainsi que leurs relations avec les temples, les sanctuaires et la hiérarchie affectent leurs manières et leurs idéaux. Leurs défauts pourraient être une certaine hypocrisie cachée ou une pensée hérétique, ou bien un lien ou un idéal poussé à l''extrême.','1 J''idolâtre un héros particulier de ma foi, et renvoie constamment à ses actes et à son exemple.\n2 Je peux trouver un terrain d''entente entre les ennemis les plus féroces, ressentir de l''empathie pour eux et toujours travailler vers la paix.\n3 Je vois des présages dans chaque événement et action. Les dieux essaient de nous parler, nous avons juste besoin d''écouter.\n4 J''ai toujours une attitude optimiste.\n5 Je cite (ou paraphrase) des textes sacrés et des proverbes dans presque toutes les situations.\n6 Je suis tolérant (ou intolérant) vis-à-vis des autres fois et je respecte (ou condamne) l''adoration des autres dieux.\n7 J''ai apprécié la bonne nourriture, les boissons et la haute société parmi l''élite de mon temple. La vie rude me fait grincer.\n8 J''ai passé tellement de temps dans mon temple que j''ai peu d''expérience pratique pour traiter avec les gens du monde extérieur.','1 Tradition. Les anciennes traditions de culte et de sacrifice doivent être préservées et respectées (Loyal).\n2 Charité. J''essaie toujours d''aider ceux dans le besoin, quel qu''en soit le coût (Bon).\n3 Progrès. Nous devons aider à mettre en place sur terre les changements que les dieux réalisent constamment (Chaotique).\n4 Pouvoir. J''espère un jour parvenir au sommet de la hiérarchie religieuse de ma foi (Loyal).\n5 Foi. J''ai confiance dans le fait que ma divinité guidera mes actions et que si je travaille dur, tout ira bien (Loyal).\n6 Aspiration. Je cherche à me montrer digne de la faveur de mon dieu en faisant correspondre mes actions avec ses enseignements (tout alignement).\n','1 Je cherche une ancienne relique de ma foi qui a été perdue il y a longtemps. Je mourrais pour la récupérer.\n2 Un jour je me vengerai de la hiérarchie corrompue de ce temple qui m''a accusé d''être un hérétique.\n3 Je dois ma vie au prêtre qui m''a recueilli quand mes parents sont morts.\n4 Tout ce que je fais est pour les gens ordinaires.\n5 Je ferais tout pour protéger le temple dans lequel je servais.\n6 Je cherche à préserver un texte sacré que mes ennemis veulent détruire car ils le considèrent hérétique.\n','1 Je juge sévèrement les autres, en partie parce que je suis encore plus sévère envers moi-même.\n2 J''ai trop confiance en ceux qui exercent le pouvoir au sein de la hiérarchie de mon temple.\n3 Ma piété me conduit parfois à faire confiance aveuglément à ceux qui professent la foi de mon dieu.\n4 Je suis inflexible dans ma pensée.\n5 Je suis méfiant envers les étrangers et m''attends au pire de leur part.\n6 Une fois que j''ai un but, je deviens obsédé par celui-ci, au détriment du reste de ma vie.',2,5,'2016-09-13 08:07:51','2016-09-13 09:11:45');
INSERT INTO background (id, name, description, traits, ideals, purposes, flaws, additionalLanguage, version, created, updated) VALUES (2,'Amuseur','Vous vous épanouissez lorsque vous vous trouvez devant un public. Vous savez comment l''hypnotiser, comment l''amuser, comment l''inspirer. Vos poèmes font fondre les cœurs de ceux qui vous écoutent, réveillant les colères et les joies, répandant le rire ou la tristesse. Votre musique envahit leur esprit et s''empare de leurs douleurs. Vos pas de danse hypnotisent, votre humour pique au vif. Quelles que soient les techniques que vous utilisiez, l''art est toute votre vie.\n\nVous pouvez toujours trouver un endroit où vous produire, souvent dans une auberge ou une taverne, mais également dans un cirque, un théâtre ou même dans la cour d''un noble. Dans de tels endroits, on vous offre gratuitement le gîte et le couvert (d''un train de vie modeste ou confortable, selon le type d''établissement), tant que vous faites une représentation chaque nuit. De plus, votre représentation fait de vous une figure locale. Lorsque des étrangers vous reconnaissent dans une ville où vous avez déjà joué, ils se prennent d''amitié pour vous.\n\nUn bon amuseur est versatile, pimentant chacune de ses représentations avec des numéros différents. Choisissez un ou plusieurs domaines pour déterminer le ou les domaines artistiques que vous avez le plus développés.\n\nActeur, Danseur, Cracheur-de-feu, Bouffon, Jongleur, Musicien, Poète, Chanteur, Conteur, Acrobate\n','1 Je connais une histoire en rapport avec chaque situation.\n2 À chaque fois que j''arrive dans un nouvel endroit, je m''entiche des rumeurs locales et répands les commérages.\n3 Je suis désespérément romantique, toujours à la recherche de cette \"personne spéciale\".\n4 Personne ne reste en colère contre moi très longtemps, car je peux désamorcer toute tension.\n5 J''adore les bonnes insultes, même celles qui sont dirigées contre moi.\n6 Je deviens acerbe si je ne suis pas le centre de l''attention.\n7 Je ne peux me contenter que de la perfection.\n8 Je change mon humeur ou mon état d''esprit aussi vite que je change de note dans une chanson.','1 Beauté. Lorsque je fais une représentation, je rends le monde meilleur qu''il ne l''était (Bon).\n2 Tradition. Les histoires, les légendes et les chansons du passé ne devraient jamais être oubliées, car elles nous apprennent qui nous sommes (Loyal).\n3 Créativité. Le monde a besoin de nouvelles idées et d''audace (Chaotique).\n4 Avarice. Je ne fais cela que pour l''or et la gloire (Mauvais).\n5 Peuple. J''aime voir des sourires sur les visages qui m''entourent lorsque je fais ma représentation. C''est tout ce qui m''importe (Neutre).\n6 Honnêteté. L''art doit être le reflet de l''âme ; il doit provenir du plus profond de notre être et révéler qui nous sommes (Tout alignement).','1 Mon instrument est mon bien le plus précieux, et il me rappelle quelqu''un que j''aime.\n2 Quelqu''un a volé mon précieux instrument, et un jour je le récupérerai.\n3 Je veux être connu, et ferais n''importe quoi pour cela.\n4 J''idolâtre le héros d''une vieille histoire et calque mes actions sur les siennes.\n5 Je ferais n''importe quoi pour me prouver que je suis supérieur à mon détesté rival.\n6 Je ferais n''importe quoi pour les membres de mon ancienne troupe.','1 Je ferais n''importe quoi pour gagner gloire et notoriété.\n2 Je suis sans défense devant un joli minois.\n3 Un scandale m''empêche de retourner chez moi. Ce genre de désagrément semble me suivre de partout.\n4 J''ai un jour caricaturé un noble, lequel cherche encore à voir ma tête au bout d''une pique. C''était une erreur que je vais probablement répéter.\n5 J''ai des difficultés à garder mes vrais sentiments pour moi. Ma langue acérée me cause beaucoup de problèmes.\n6 En dépit de mes efforts, mes amis ont peu confiance en moi.',0,3,'2016-09-13 08:22:09','2016-09-13 09:10:58');
INSERT INTO background (id, name, description, traits, ideals, purposes, flaws, additionalLanguage, version, created, updated) VALUES (3,'Artisan de guilde','Vous êtes le membre d''une guilde d''artisans, compétent dans un domaine particulier et en relation étroite avec d''autres artisans. Vous êtes au fait du monde des marchés, libéré des contraintes d''un ordre social féodal grâce à votre talent et à votre richesse. Vous avez appris votre savoir-faire en tant qu''apprenti auprès d''un maître artisan, sous l''égide de votre guilde, jusqu''à ce que vous deveniez à votre tour un maître dans votre branche.\n\nEn tant que membre établi et respecté de votre guilde, vous pouvez compter sur certains avantages que vous confère votre adhésion. Vos compagnons de guilde vous procureront le gîte et le couvert si nécessaire, et payeront pour vos funérailles si besoin. Dans certaines villes ou cités, les guildes offrent un endroit où vous pouvez rencontrer d''autres membres de votre profession, ce qui peut être un bon moyen pour faire la connaissance de patrons potentiels, d''alliés ou de larbins.\n\nLes guildes exercent souvent un important pouvoir politique. Si vous êtes accusé de crime, votre guilde vous soutiendra si de bons arguments peuvent être déployés pour prouver votre innocence, ou si le crime était justifié. Vous pouvez également avoir accès à certaines figures politiques puissantes grâce à la guilde, si vous êtes un membre de haut rang. Ces mises en relation peuvent toutefois nécessiter que vous fassiez un don d''or ou d''objet magique au coffre de la guilde.\n\nVous devez payer 5 po par mois à la guilde. Si vous manquez un paiement, vous devrez compenser votre retard de cotisation pour revenir dans les bonnes grâces de la guilde.\n\nVoici quelques exemples de métiers\n\nAlchimistes et apothicaires\nArmuriers, serruriers, orfèvres\nBrasseurs, distillateurs, vignerons\nCalligraphes, scribes, copistes\nCartographes, géomètres, architectes\nCharrons\nCharpentiers, couvreurs, plâtriers\nCharpentiers de marine, fabricants de voile\nCuisiniers, boulangers\nForgerons\nJoailliers, tailleurs de gemmes\nMaçons et tailleurs de pierres\nMaroquiniers, peaussiers, tanneurs\nMenuisiers, tonneliers, fabricants d''arcs\nPeintres, enlumineurs, fabricants d''enseignes\nPotiers et tuiliers\nRétameurs, faiseurs d''étain, fondeurs\nSavetiers, cordonniers\nSouffleurs de verre, vitriers\nTisserands et teinturiers','1  Je crois que si quelque chose doit être fait, il doit l''être correctement. Je n''y peux rien, je suis un perfectionniste.\n2  Je suis un snob qui regarde de haut ceux qui ne peuvent apprécier les arts de qualité.\n3  Je veux tout le temps savoir comment les choses fonctionnent et ce qui pousse les gens à avancer.\n4  Je lance plein d''aphorismes spirituels et ai un proverbe pour chaque occasion.\n5  Je suis grossier envers ceux qui n''ont pas mon engagement pour le travail bien fait et mon fair-play.\n6  J''aime parler de longues heures de ma profession.\n7  Je ne me sépare pas de mon or facilement et marchande sans relâche pour faire la meilleure affaire possible.\n8  Je suis reconnu pour mon travail, et je veux m''assurer que tout le monde l''apprécie. Je suis toujours pris au dépourvu lorsque quelqu''un n''a pas entendu parlé de moi.','1  Communauté. Il est du devoir de tout peuple civilisé de renforcer les liens qui unissent sa communauté ainsi que d''assurer la sécurité de sa civilisation (Loyal).\n2  Générosité. Mes talents m''ont été donnés pour que je les utilise pour le plus grand nombre (Bon).\n3  Liberté. Chacun devrait être libre d''exercer son propre gagne-pain (Chaotique).\n4  Avarice. Je ne suis là que pour l''argent (Mauvais).\n5  Peuple. Je m''engage pour des personnes que j''apprécie, pas pour des idées (Neutre).\n6  Aspiration. Je travaille dur pour être le meilleur dans mon domaine (Tout alignement).','1  L''atelier où j''ai appris mon métier est l''endroit le plus important au monde pour moi.\n2  J''ai créé un travail remarquable pour certaines personnes, puis les ai trouvées indignes de le recevoir. Je suis encore à la recherche d''une personne qui le méritera.\n3  J''ai une énorme dette envers ma guilde, car elle a fait de moi ce que je suis aujourd''hui.\n4  Je cherche à être riche pour m''assurer l''amour d''une personne.\n5  Un jour je retournerai à ma guilde et leur prouverai que je suis un bien plus grand artisan qu''eux.\n6  Je vais prendre ma revanche sur les forces maléfiques qui ont détruit mon atelier et anéanti mon gagne-pain.','1  Je ferais n''importe quoi pour mettre la main sur quelque chose de rare ou d''inestimable.\n2  Je me persuade très vite que les gens cherchent à me rouler dans la farine.\n3  Personne ne doit savoir que j''ai un jour dérobé l''or des coffres d''une guilde.\n4  Je ne suis jamais satisfait de ce que j''ai, je veux toujours plus.\n5  Je tuerai pour obtenir un titre de noblesse.\n6  Je suis horriblement jaloux de tous ceux qui peuvent surpasser mes créations. Partout où je vais, je suis entouré de rivaux.',1,4,'2016-09-13 08:26:06','2016-09-13 09:13:10');
INSERT INTO background (id, name, description, traits, ideals, purposes, flaws, additionalLanguage, version, created, updated) VALUES (4,'Charlatan','Vous avez toujours eu un bon feeling avec les gens. Vous savez comment les accrocher, vous pouvez percevoir leurs plus profonds désirs après quelques minutes de conversations, et avec quelques questions précises vous pouvez lire en eux comme dans un livre ouvert. C''est un talent très utile, et vous savez exactement comment l''utiliser à votre avantage.\n\nVous savez ce que les gens veulent et vous le leur donnez, ou plutôt vous leur promettez de le leur donner. Le sens commun voudrait qu''une personne fuit une offre qui semble trop belle pour être vraie, mais le sens commun semble toujours être absent lorsque vous êtes dans les parages. Cette bouteille d''un liquide rosâtre va soigner à coups sûrs cette vilaine éruption cutanée, cet onguent (rien de plus qu''un peu de graisse saupoudrée de poussière d''argent) peut rendre jeunesse et vigueur, et il y a un pont en ville qui vient tout juste d''être mis en vente. Ces racontars semblent invraisemblables, mais vous parvenez toujours à leur faire prendre l''apparence de très bonnes affaires tout à fait plausibles.\n\nVous vous êtes créé une fausse identité, ce qui inclut des documents, des relations établies et du maquillage qui vous permet d''assumer ce rôle. De plus, vous pouvez contrefaire des documents, dont des papiers officiels et des lettres personnelles, à condition que vous ayez déjà vu un exemplaire de ce type de document, ou l''écriture que vous essayez d''imiter.','1  Je tombe facilement amoureux, mais passe rapidement à une autre personne. Je suis toujours en train de faire la cour à quelqu''un.\n2  J''ai une blague pour n''importe quelle occasion, en particulier pour les situations où l''humour n''est pas approprié.\n3  La flatterie est mon astuce préférée pour obtenir ce que je veux.\n4  Je suis un joueur né qui ne peut s''empêcher de prendre des risques pour un gain potentiel.\n5  Je mens sur à peu près tout, même s''il n''y a aucune bonne raison pour le faire.\n6  Les sarcasmes et les insultes sont mes armes favorites.\n7  Je conserve tout un tas de symboles sacrés sur moi et prie toute divinité qui pourrait me venir en aide à un moment.\n8  Je mets dans mes poches tout ce que je vois et qui pourrait avoir une quelconque valeur.','1  Indépendance. Je suis un esprit libre, personne ne me dit ce que je dois faire (Chaotique).\n2  Justice. Je ne cible jamais une personne qui ne peut pas se permettre de perdre quelques pièces (Loyal).\n3  Charité. Je distribue l''argent que j''obtiens à ceux qui en ont vraiment besoin (Bon).\n4  Créativité. Je ne fais jamais deux fois la même arnaque (Chaotique).\n5  Amitié. Les biens matériels vont et viennent. Les liens d''amitié qui se tissent durent éternellement (Bon).\n6  Aspiration. Je suis déterminé à faire quelque chose de ma vie (Tout alignement).','1  J''ai floué la mauvaise personne et ai intérêt à tout faire pour qu''elle ne recroise plus jamais mon chemin ou celui d''un de mes proches.\n2  Je dois tout à mon maître, une horrible personne qui est probablement en train de pourrir en prison.\n3  Dehors, quelque part, j''ai un enfant qui ne me connaît pas. Je cherche à rendre le monde meilleur pour lui/elle.\n4  Je viens d''une famille noble, et un jour je viendrai leur réclamer mes terres et mon titre qu''ils m''ont lâchement dérobés.\n5  Une personne très puissante a tué quelqu''un que j''aimais. Un jour prochain, j''aurai ma revanche.\n6  J''ai escroqué et ruiné une personne qui ne le méritait pas. Je cherche à expier mon erreur, mais je ne pourrai jamais me le pardonner.','1  Je ne peux pas résister à un joli minois.\n2  J''ai toujours des dettes. Je dépense mon argent sale dans des produits de luxe plus rapidement que je ne le gagne.\n3  Je suis persuadé que jamais personne ne pourra me rouler de la manière dont je roule les autres.\n4  Je suis trop gourmand lorsqu''il s''agit de profit. Je ne peux pas m''empêcher de prendre des risques lorsque de l''argent est en jeu.\n5  Je ne peux pas m''empêcher d''escroquer ceux qui sont plus puissants que moi.\n6  Je déteste l''admettre et je vais me détester pour cela, mais je prendrai mes jambes à mon cou et sauverai avant tout ma vie si la situation devient critique.\n',0,2,'2016-09-13 08:34:40','2016-09-13 09:14:07');
INSERT INTO background (id, name, description, traits, ideals, purposes, flaws, additionalLanguage, version, created, updated) VALUES (5,'Criminel','Vous êtes un criminel expérimenté avec un long passif d''infractions à la loi. Vous avez passé beaucoup de temps aux côtés d''autres criminels et avez encore des contacts au sein de la pègre. Vous êtes bien plus familier que la plupart des autres personnes avec le monde du meurtre, du vol et de la violence qui règne au sein de la civilisation, et vous avez survécu jusque là en bafouant les règles et les lois de la société.\n\nIl existe de nombreuses sortes de criminels, et au sein d''une guilde de voleurs ou d''une organisation criminelle similaire, chaque membre a sa spécialité propre. Même les criminels qui opèrent en dehors de ces organisations ont des préférences marquées pour certains types de crimes.\n\nMaître-chanteur, Cambrioleur, Homme de main,    Receleur, Voleur de grand chemin, Tueur à gages, Pickpocket, Contrebandier\n\nVous avez un contact fiable et digne de confiance qui agit comme votre agent de liaison avec un réseau d''autres criminels. Vous savez comment envoyer et recevoir des messages via votre contact, même sur de grandes distances. Concrètement, vous connaissez les messagers locaux, les maîtres de caravanes corrompus et les marins miteux qui peuvent délivrer des messages pour vous. \n\nLes criminels peuvent ressembler à des méchants de prime abord, et beaucoup d''entre eux sont effectivement des crapules dans l''âme. Mais certains peuvent avoir des personnalités attachantes, ou au moins ambiguës. Certains voleurs peuvent avoir le sens de l''honneur, mais les criminels montrent toutefois rarement du respect pour la loi ou l''autorité.','1  J''ai toujours un plan pour savoir quoi faire quand les choses vont mal.\n2  Je suis toujours calme, quelle que soit la situation. Je n''élève pas la voix ou ne laisse pas mes émotions me contrôler.\n3  La première chose que je fais dans un nouveau lieu est de noter les emplacements de toute chose précieuse, ou bien là où ces choses pourraient être cachées.\n4  Je préfère me faire un nouvel ami qu''un nouvel ennemi.\n5  Je suis incroyablement lent à faire confiance. Ceux qui semblent les plus droits sont souvent ceux qui ont le plus à cacher.\n6  Je ne fais pas attention aux risques d''une situation.\n7  La meilleure façon de me faire faire quelque chose et de me dire de ne pas le faire.\n8  J''explose à la moindre insulte.','1  Honneur. Je ne vole pas les autres dans une négociation (Loyal).\n2  Liberté. Les chaînes sont faites pour être brisées, de même que ceux qui les forgent (Chaotique).\n3  Charité. Je vole des riches pour pouvoir aider ceux qui sont dans le besoin (Bon).\n4  Avidité. Je ferai tout ce qu''il faut pour devenir riche (Mauvais).\n5  Personnes. Je suis fidèle à mes amis, pas à des idéaux, et tous les autres peuvent bien s''embarquer sur le Styx, ça ne m''importe pas (Neutre).\n6  Rédemption. Il y a une étincelle de bonté en chacun de nous (Bon).','1  Je suis en train de payer une vieille dette que je dois à un généreux bienfaiteur.\n2  Mes gains mal acquis vont soutenir ma famille.\n3  Quelque chose d''important m''a été pris, et je dois le voler de nouveau.\n4  Je vais devenir le plus grand voleur qui n''ait jamais été.\n5  Je suis coupable d''un crime terrible. J''espère pouvoir me racheter.\n6  Quelqu''un que j''aimais est mort à cause d''une erreur que j''ai faite. Cela ne se reproduira plus.','1  Quand je vois quelque chose de précieux, je ne pense qu''à une chose : comment m''en emparer.\n2  Lorsque je suis confronté à un choix entre l''argent et mes amis, je choisis généralement l''argent.\n3  S''il y a un plan, je vais l''oublier. Si je ne l''oublie pas, je l''ignore.\n4  Il y a quelque chose qui me trahit quand je mens.\n5  Je tourne le dos et m''enfuis en courant quand les choses vont mal.\n6  Une personne innocente est en prison pour un crime que j''ai commis. Et je n''ai pas de problème avec cela.\n',0,2,'2016-09-13 08:39:12','2016-09-13 09:15:16');
INSERT INTO background (id, name, description, traits, ideals, purposes, flaws, additionalLanguage, version, created, updated) VALUES (6,'Ermite','Vous avez vécu reclus, soit dans une communauté protégée, comme un monastère, ou entièrement seul, lors d''un épisode formateur de votre vie. Durant cette période loin de la clameur de la société, vous avez trouvé le calme, la solitude et peut-être même certaines réponses que vous cherchiez.\n\nLa paisible réclusion de votre ermitage prolongé vous a donné accès à une grande et unique découverte. La nature exacte de cette révélation dépend de la nature de votre réclusion. Il se peut que ce soit un grand secret à propos du cosmos, des dieux, de créatures venues d’autres plans ou de forces de la nature. Ce pourrait aussi être un site que personne d’autre ne connait. Vous pourriez avoir mis au grand jour des faits oubliés depuis longtemps ou déterré des reliques du passé qui pourraient réécrire l’histoire. Il se peut aussi que ce soit des informations qui pourraient nuire à ceux qui vous ont forcé à l’exil et, de ce fait, être la raison de votre retour dans la société.\n\nSi certains ermites se sont bien adaptés à la vie de réclusion, le manque de compagnie en irrite d’autres. Qu’ils s’accommodent de la solitude ou qu’ils cherchent à y échapper, la vie solitaire façonne leurs attitudes et leurs idéaux. Quelques-uns frôlent même la folie après toutes ces années séparés de la vie en société.','1  J’ai été isolé pendant tellement longtemps que je ne parle que rarement, préférant les gestes et quelques grognements occasionnels.\n2  Je suis toujours serein, même confronté à un désastre.\n3  Le chef de ma communauté avait de sages paroles pour tout sujet, et je suis désireux de partager cette sagesse.\n4  Je ressens une immense empathie pour tous ceux qui souffrent.\n5  Je suis insensible à l’étiquette et aux attentes sociales.\n6  Je relie tout ce qui m’arrive à une grande machination cosmique.\n7  Je me perds souvent dans mes pensées et dans la contemplation, ce qui me rend insensible à mon entourage.\n8  Je travaille sur une grande théorie philosophique et j’aime transmettre mes idées.','1  Bien commun. Mes dons sont destinés à être partagés par tous, et non pour mon propre intérêt (Bon).\n2  Logique. Les émotions ne doivent pas brouiller notre sens de ce qui est vrai et faux, ou notre pensée logique (Loyal).\n3  Libre pensée. L’investigation et la curiosité sont les piliers du progrès (Chaotique).\n4  Pouvoir. La solitude et la contemplation sont des voies vers le pouvoir mystique ou magique (Mauvais).\n5  Vivre et laisser vivre. Se mêler des affaires des autres n’apporte que des problèmes (Neutre).\n6  Connaissance de soi. Si vous vous connaissez, il n’y a plus rien à savoir (Tout alignement).','1  Rien n''est plus important que les autres membres de mon ermitage, de mon ordre ou de mon association.\n2  Je me suis reclus pour me cacher de ceux qui pourraient encore être en train de me chasser. Un jour je devrais les affronter.\n3  Je suis toujours en quête de l''illumination. Je la poursuivais dans mon isolement, et elle m''échappe encore.\n4  Je me suis reclus parce que j''aimais quelqu''un que je ne pouvais pas avoir.\n5  Si ma découverte sort à la lumière, elle pourrait détruire le monde.\n6  Mon isolement m''a donné une grande perspective sur un grand mal et je suis le seul à pouvoir le détruire.','1  Maintenant que je suis revenu à la civilisation, j''apprécie un peu trop ses plaisirs.\n2  Je nourris de sombres pensées sanguinaires que mon isolement et la méditation n''ont pas réussi à étouffer.\n3  Je suis dogmatique dans mes pensées et ma philosophie.\n4  Je laisse mon besoin de gagner les discussions éclipser l''amitié et l''harmonie.\n5  Je suis prêt à prendre trop de risques pour découvrir un peu de connaissances perdues.\n6  J''aime garder des secrets et je ne les partage avec personne.',1,2,'2016-09-13 08:42:10','2016-09-13 09:16:14');
INSERT INTO background (id, name, description, traits, ideals, purposes, flaws, additionalLanguage, version, created, updated) VALUES (7,'Étranger','Vous avez grandi dans les étendues sauvages, loin de toute civilisation et des conforts qu''offrent les villes et la technologie. Vous avez été témoin de la migration de troupeaux plus larges que des forêts, vous avez survécu à des climats plus extrêmes qu''aucun citadin ne pourrait l''imaginer, et vous avez apprécié la solitude d''être la seule créature pensante à des kilomètres à la ronde. La nature est dans votre sang, que vous ayez été nomade, explorateur, reclus, chasseur ou même pillard. Même dans un endroit dont vous ne connaissez pas les caractéristiques du terrain, vous savez de quelle manière appréhender une étendue sauvage.\n\nVous avez été dans des endroits étranges et vu des choses que d''autres ne peuvent même pas imaginer. Déterminez quelles étendues lointaines vous avez visitées, et comment elles vous ont affecté.\n\nForestier, Trappeur, Colon, Guide, Exilé ou paria, Chasseur de prime, Pèlerin, Nomade tribal, Chasseur,   Pillard tribal\n\nVous avez une excellente mémoire en ce qui concerne les cartes et la géographie, et vous pouvez toujours vous rappeler de la configuration générale d''un terrain, d''une agglomération ou d''autres agencements autour de vous. De plus, vous pouvez trouver de la nourriture et de l''eau fraîche pour vous même et jusqu''à 5 autres personnes chaque jour, à condition que la terre offre des baies, du petit gibier, de l''eau, etc.','1  J''éprouve le besoin de voir le monde, c''est ce qui m''a fait quitter mon foyer.\n2  Je garde un œil sur mes amis, comme s''ils étaient les langes d''un nouveau-né.\n3  J''ai couru une fois sur 40 kilomètres sans m''arrêter pour prévenir mon clan de l''approche d''une horde d''orques. Je le referai s''il le faut.\n4  J''ai une leçon pour chaque situation, leçon que j''ai découverte en observant la nature.\n5  Je n''accorde pas d''importance aux riches ou aux gens bien-élevés. L''argent ou les bonnes manières ne sauveront personne face à un ours-hibou affamé.\n6  Je ramasse toujours ce qui traîne, jouant distraitement avec, et parfois les cassant accidentellement.\n7  Je me sens bien plus dans mon élément entouré d''animaux que de personnes.\n8  J''ai, en fait, été élevé par des loups.','1  Changement. La vie est comme les saisons, en changement constant, et nous devons changer avec elle (Chaotique).\n2  Le plus grand bien. Il est de la responsabilité de chacun de faire ce qu''il y a de mieux pour l''ensemble de la tribu (Bon).\n3  Honneur. Si je me déshonore, je déshonore l''ensemble de ma tribu (Loyal).\n4  Puissance. Les plus forts sont destinés à gouverner (Mauvais).\n5  Nature. La monde naturel est bien plus important que toutes les constructions des peuples civilisés (Neutre).\n6  Gloire. Je dois gagner la gloire lors de batailles, pour moi même et pour mon clan (Tout alignement).','1  Ma famille, mon clan ou ma tribu sont les choses les plus importantes dans ma vie, même lorsqu''ils sont loin de moi.\n2  Insulter la nature indomptée de mes terres c''est m''insulter.\n3  Ma terrible colère s''abattra sur les malfrats qui ont saccagé ma terre.\n4  Je suis le dernier des membres de ma tribu, et il me revient de faire entrer leur nom dans la légende.\n5  J''ai eu d''horribles visions d''un grand désastre imminent et vais tout faire pour l''empêcher.\n6  Il est de mon devoir de faire des enfants pour le salut de ma tribu.','1  Je ne suis pas du tout résistant à la bière, au vin et autres boissons alcoolisées.\n2  Il n''y a pas de place pour la prudence dans une vie pleinement vécue.\n3   Je me rappelle de toutes les injures que j''ai reçues, et nourris une haine silencieuse envers tous ceux qui m''ont fait du tort.\n4   Je mets du temps à faire confiance aux membres d''autres races, tribus ou sociétés.\n5  La violence est ma réponse à presque tous les défis.\n6  N''espérez pas que je sauve ceux qui ne peuvent pas se sauver eux-même. C''est la loi de la nature, les forts survivent et les faibles périssent.',1,2,'2016-09-13 08:46:32','2016-09-13 09:17:38');
INSERT INTO background (id, name, description, traits, ideals, purposes, flaws, additionalLanguage, version, created, updated) VALUES (8,'Gamin des rues','Vous avez grandi seul dans la rue, orphelin et pauvre. Vous n''aviez personne pour vous surveiller ni pour subvenir à vos besoins, vous avez donc tout appris par vous même. Vous vous êtes battu férocement pour obtenir votre nourriture et gardiez constamment un œil sur d''autres âmes abandonnées comme vous qui n''espéraient qu''un bon moment pour vous voler. Vous dormiez sur des toits ou dans des rues, exposé aux intempéries, et vous avez vaincu la maladie à de nombreuses reprises, sans aucune médecine ni aucun endroit pour vous récupérer. Vous avez survécu en dépit de tous les pronostiques, ce qui vous a rendu rusé, fort ou rapide, voire un peu tout cela à la fois.\n\nVous connaissez les ruelles secrètes et vous vous déplacez à toute vitesse dans les cités. Vous pouvez trouver des passages dans un labyrinthe urbain, passages que d''autres rateraient. Lorsque vous n''êtes pas dans une situation de combat, vous (et les compagnons que vous menez) pouvez vous déplacer en ville d''un point à un autre deux fois plus rapidement que ce que votre vitesse vous permettrait en temps normal.\n\nLes gamins des rues sont habitués à vivre dans une extrême pauvreté, pour le meilleur et pour le pire. Ils tendent à s''engager pour les personnes avec lesquelles ils ont partagé leur vie dans la rue, par un brûlant désir de trouver une vie meilleure, ou encore peut-être pour obtenir réparation de la part de tous les riches qui les ont maltraités.','1  Je cache des restes de nourriture et des babioles dans mes poches.\n2  Je pose beaucoup de questions.\n3  J''aime me glisser dans des espaces étroits, là où personne ne peut m''atteindre.\n4  Je dors le dos contre un mur ou un arbre, avec tout ce que je possède empaqueté entre mes bras.\n5  Je mange comme un cochon et j''ai de mauvaises manières.\n6  Je pense que tous ceux qui sont gentils avec moi ont en réalité une mauvaise intention.\n7  Je n''aime pas me laver.\n8  Je dis crûment ce que les autres insinuent ou cachent.','1  Respect. Tout le monde, pauvre ou riche, mérite d''être respecté (Bon).\n2  Communauté. Nous devons prendre soin les uns des autres, parce que personne d''autre ne le fera (Loyal).\n3  Changement. Les faibles doivent s''élever, et les élites et les puissants doivent être mis à terre. Le changement est dans la nature des choses (Chaotique).\n4  Châtiment Les riches ont besoin qu''on leur montre que la vie et la mort ne font pas de différence avec ceux qui vivent dans le caniveau (Mauvais).\n5  Peuple. J''aide ceux qui m''aident, c''est ce qui nous permet de rester en vie (Neutre).\n6  Aspiration. Je vais leur montrer que je mérite une vie meilleure (Tout alignement).','1  Ma ville, ou ma cité, est ma maison, et je me battrai pour la défendre.\n2  Je finance un orphelinat pour éviter que d''autres subissent la même chose que moi.\n3  Je dois ma survie à un autre gamin des rues qui m''a appris à vivre sans abris.\n4  J''ai une dette que je ne pourrai jamais rembourser envers la personne qui m''a prise en pitié.\n5  J''ai échappé à mon sort en volant une personne très importante, et je suis recherché pour cela.\n6  Personne d''autre ne peut endurer les épreuves que j''ai surmontées.','1  Si je suis en infériorité numérique, je fuis le combat.\n2  L''or me paraît être une énorme quantité d''argent, et je ferai n''importe quoi pour en obtenir toujours plus.\n3  Je ne ferai jamais pleinement confiance à quelqu''un d''autre qu''à moi-même.\n4  Je préfère tuer quelqu''un dans son sommeil plutôt que de combattre à la loyale.\n5  Ce n''est pas du vol si j''en ai plus besoin que quelqu''un d''autre.\n6  Les gens qui ne peuvent pas prendre soin d''eux-même n''ont que ce qu''ils méritent.',0,2,'2016-09-13 08:48:55','2016-09-13 09:18:33');
INSERT INTO background (id, name, description, traits, ideals, purposes, flaws, additionalLanguage, version, created, updated) VALUES (9,'Héros du peuple','Vous venez d''un milieu social humble, mais êtes destiné à beaucoup plus. Déjà, les gens de votre village natal vous considèrent comme leur champion, et votre destin vous appelle à vous dresser face aux tyrans et aux monstres qui menacent les gens du commun un peu partout.\n\nVous avez déjà exercé une profession rurale simple, comme paysan, mineur, serviteur, berger, bûcheron ou fossoyeur. Mais quelque chose s''est passé qui vous a mis sur un autre chemin et vous a destiné à de grandes choses. \nVoici quelques exemples :\n\nJ''ai résisté aux agents d''un tyran.\nJ''ai sauvé des gens lors d''une catastrophe naturelle.\nJe suis resté seul face à un terrible monstre.\nJ''ai volé un marchand corrompu pour aider les pauvres.\nJ''ai dirigé une milice pour combattre une armée d''invasion.\nJe me suis introduit dans le château d''un tyran pour y voler des armes et armer les gens du peuple.\nJ''ai entraîné les paysans à utiliser les outils des champs comme des armes contre les soldats d''un tyran.\nUn seigneur a annulé un décret impopulaire après que j''ai mené une action symbolique de protestation contre celui-ci.\nUne créature céleste, une fée ou une créature similaire m''a donné une bénédiction ou m''a révélé mon origine secrète.\nRecruté dans l''armée d''un seigneur, je suis devenu un leader et j''ai été félicité pour mon héroïsme.\n\nPuisque vous venez des rangs du petit peuple, vous vous mêlez à eux avec facilité. Vous pouvez trouver un endroit pour vous cacher, vous reposer ou récupérer parmi les gens du peuple, à moins que vous ne représentiez un danger pour eux. Ils vous protégeront des autorités ou de toute autre personne, mais n''iront pas jusqu''à risquer leur vie pour vous.','1  Je juge les gens sur leurs actions, pas sur leurs paroles.\n2  Si quelqu''un est en difficulté, je suis toujours prêt à lui apporter de l''aide.\n3  Quand je me fixe sur quelque chose, je fonce, peu importe ce qui sera sur ma route.\n4  J''ai un fort sentiment de justice et j''essaye toujours de trouver la solution la plus équitable aux différents.\n5  J''ai confiance en mes capacités et je fais ce que je peux pour inspirer la confiance aux autres.\n6  La pensée est pour les autres. Moi je préfère l''action.\n7  J''utilise mal les mots longs lorsque j''essaye de paraître intelligent.\n8  Je m''ennuie facilement. Quand vais-je suivre mon destin ?','1  Respect. Les gens méritent d''être traités avec dignité et respect (Bon).\n2  Équité. Personne ne devrait obtenir un traitement préférentiel devant la loi, et nul n''est au-dessus de la loi (Loyal).\n3  Liberté. On ne doit pas permettre aux tyrans d''opprimer le peuple (Chaotique).\n4  Puissance. Si je deviens fort, je peux prendre ce que je veux, ce que je mérite (Mauvais).\n5  Sincérité. Il n''est pas bon de faire semblant d''être ce que l''on n''est pas (Neutre).\n6  Destin. Rien ni personne ne peut me détourner de mon destin (Tout alignement).','1  J''ai une famille, mais je ne sais pas où ils sont. Un jour, j''espère les revoir.\n2  J''ai travaillé la terre, j''aime la terre, et je vais protéger la terre.\n3  Un noble orgueilleux m''a un jour passé une horrible raclée. Je vais prendre ma revanche sur le premier tyran que je rencontre.\n4  Mes outils sont le symbole de ma vie passée, et je les porte pour ne jamais oublier mes racines.\n5  Je protège ceux qui sont sans défense.\n6  Je souhaite que ma petite amie lorsque j''étais enfant vienne avec moi pour poursuivre mon destin.','1  Le tyran qui gouverne ma terre ne reculera devant rien pour me voir mort.\n2  Je suis convaincu de l''importance de mon destin, et aveugle devant mes lacunes et les risques d''échec.\n3  Les gens qui m''ont connu plus jeune connaissent mon secret honteux. Pour cette raison je ne pourrais jamais revenir chez moi.\n4  J''ai un faible pour les vices de la ville, en particulier pour les alcools forts.\n5  Secrètement, je crois que les choses iraient mieux si j''étais un tyran gouvernant ce territoire.\n6  J''ai du mal à faire confiance à mes alliés.',0,2,'2016-09-13 08:52:43','2016-09-13 09:19:25');
INSERT INTO background (id, name, description, traits, ideals, purposes, flaws, additionalLanguage, version, created, updated) VALUES (10,'Marin','Vous avez navigué sur un navire pendant des années. Durant cette période, vous avez affronté de nombreuses tempêtes, de nombreux monstres des profondeurs, et tous ceux qui voulaient envoyer par le fond votre embarcation. Votre premier amour est cette ligne inatteignable, l''horizon, mais le temps est venu pour vous de vous frotter à autre chose.\n\nLorsque vous en avez besoin, vous pouvez vous assurer un embarquement gratuit sur un voilier pour vous-même et vos compagnons. Vous pourriez naviguer sur le navire au bord duquel vous avez servi par le passé. ou sur un autre navire avec lequel vous étiez en bons termes (peut être parce qu''il est dirigé par un ancien coéquipier). Puisqu''il s''agit d''une faveur, vous ne pouvez pas être certain que le moment du départ ou que le trajet du navire correspondra à tous vos besoins. Votre MD déterminera combien de temps cela prendra d''aller là où vous le souhaitez. En compensation de votre passage gratuit, vous et vos compagnons devront assister l''équipage durant la traversée.\n\nLes marins peuvent être très grossiers, mais les responsabilités qu''implique la vie sur un navire les rendent généralement dignes de confiance. La vie à bord d''un navire façonne leur vision du monde et leur manière de s''attacher aux choses.','1  Mes amis savent qu''ils peuvent compter sur moi, quoi qu''il arrive.\n2  Je travaille dur donc je peux me lâcher totalement lorsque le travail est terminé.\n3  J''aime naviguer vers de nouveaux ports et me faire de nouveaux amis autour d''une choppe de bière.\n4  J''altère un peu les faits pour créer une bonne histoire.\n5  Pour moi, une taverne bruyante est le meilleur moyen d''apprendre à connaître une ville.\n6  Je ne laisse jamais passer un pari amical.\n7  Mon langage est aussi pourri qu''un nid d''otyugh.\n8  J''aime le travail bien fait, en particulier si je peux convaincre quelqu''un d''autre de le faire à ma place.','1  Respect. Ce qui maintient l''unité sur un navire est le respect mutuel qu''il y a entre le capitaine et son équipage (Bon).\n2  Justice. Nous faisons tous notre travail, nous avons donc tous notre part de récompense (Loyal).\n3  Liberté. La mer c''est la liberté, la liberté d''aller partout et de faire ce que l''on veut (Chaotique).\n4  Domination. Je suis un prédateur, et les autres bateaux sur la mer sont mes proies (Mauvais).\n5  Peuple. Je m''engage pour mes coéquipiers, pas pour des idéaux (Neutre).\n6  Aspiration. Un jour j''aurai mon propre navire et suivrai ma propre destiné (Tout alignement).','1  Je reste loyal envers mon premier capitaine, tout passe après lui.\n2  Le navire est le plus important, les équipages et les capitaines vont et viennent.\n3  Je me rappellerai toujours de mon premier navire.\n4  Dans une ville portuaire, j''ai une maîtresse dont les yeux ont failli m''arracher à la mer.\n5  J''ai été trompé sur la part de profits qui me revient de droit, et je vais récupérer mon dû.\n6  Des pirates sans pitié ont tué mon capitaine et les autres membres d''équipage, ont pillé notre navire et m''ont laissé pour mort. La vengeance sera mienne.','1   Je suis les ordres, même si je pense qu''ils sont mauvais.\n2   Je dirais n''importe quoi pour éviter d''avoir du travail supplémentaire.\n3   Lorsque quelqu''un met en doute mon courage, je ne recule devant rien pour le faire changer d''avis, même si les situations sont extrêmement périlleuses.\n4   Lorsque je commence à boire, il est difficile de me faire arrêter.\n5   Je n''y peux rien mais les poches des autres perdent leurs pièces et leurs babioles lorsque je passe dans le coin.\n6   Mon orgueil me mènera probablement à ma perte.',0,2,'2016-09-13 08:55:51','2016-09-13 09:20:13');
INSERT INTO background (id, name, description, traits, ideals, purposes, flaws, additionalLanguage, version, created, updated) VALUES (11,'Noble','Vous savez ce qu''est la richesse, le pouvoir et les privilèges. Vous portez un titre de noblesse, et votre famille possède des terres, perçoit des impôts, et exerce une influence politique significative. Vous pourriez être un aristocrate choyé qui ne connaît pas le travail et l''inconfort, un ancien marchand qui vient d''être élevé au rang de noble, ou une fripouille déshéritée avec un attrait pour les titres disproportionnés. Ou vous pourriez être un honnête propriétaire terrien qui travaille dur et qui se soucie profondément des gens qui vivent et travaillent sur ses terres, tout à fait conscient de votre responsabilité envers eux.\n\nGrâce à votre noble naissance, les gens sont enclins à penser le meilleur de vous. Vous êtes le bienvenu dans la haute société, et les gens supposent que vous avez le droit d''être là où vous êtes. Les gens ordinaires font tout pour vous accueillir et éviter de vous déplaire, et les personnes de haute naissance vous traitent comme un membre de leur sphère sociale. Vous pouvez obtenir une audience avec un noble local si vous en avez besoin.\n\nLes nobles sont nés et ont grandi avec un mode de vie très différent que la plupart des gens ne vivront jamais, et leurs personnalités reflètent cette éducation. Un titre de noblesse est livré avec une pléthore d''obligations, des responsabilités vis-à-vis de la famille, d''autres nobles (y compris le souverain), des personnes qui sont confiées aux soins de la famille, ou même vis-à-vis du titre lui-même. Et cette responsabilité est souvent un bon moyen d''atteindre un noble.','1  Ma flatterie éloquente fait sentir à toute personne à qui je parle qu''elle est la plus merveilleuse et la plus importante au monde.\n2  Les gens ordinaires m''aiment pour ma gentillesse et ma générosité.\n3  Nul ne peut douter en regardant mon allure royale que je suis un cran au-dessus des masses de bouseux.\n4  Je prends grand soin de toujours m''habiller de mon mieux et de suivre les dernières tendances.\n5  Je n''aime pas me salir les mains, et je ne veux pas finir dans des logements inappropriés.\n6  Malgré ma noble naissance, je ne me place pas au-dessus des autres. Nous avons tous le même sang.\n7  Mon soutien, une fois perdu, est perdu à jamais.\n8  Si vous me blessez, je vais vous écraser, souiller votre nom et ruiner vos champs.','1  Respect. Le respect m''est dû de par ma position, mais toutes les personnes, quelle que soit leur position, méritent d''être traitées avec dignité (Bon).\n2  Responsabilité. Il est de mon devoir de respecter l''autorité de ceux qui sont au-dessus de moi, tout comme ceux qui sont en-dessous doivent me respecter (Loyal).\n3  Indépendance. Je dois prouver que je peux me débrouiller sans le cocon de ma famille (Chaotique).\n4  Pouvoir. Si je peux obtenir plus de pouvoir, on ne me dira plus ce qu''il faut faire (Mauvais).\n5  Famille. Le sang est plus épais que l''eau (Tout alignement).\n6  Obligation de noble. Il est de mon devoir de protéger et de soigner les gens au-dessous moi (Bon).','1  Je ferais face à n''importe quel défi pour gagner l''approbation de ma famille.\n2  L''alliance de ma maison avec une autre famille noble doit être maintenue à tout prix.\n3  Rien n''est plus important que les autres membres de ma famille.\n4  Je suis amoureux de l''héritière d''une famille que ma propre famille méprise.\n5  Ma loyauté envers mon souverain est inébranlable.\n6  Les gens ordinaires doivent me voir comme un héros du peuple.','1   Je crois secrètement que tout le monde est au-dessous de moi.\n2   Je cache un secret vraiment scandaleux qui pourrait ruiner la réputation de ma famille pour toujours.\n3   J''entends trop souvent des insultes et des menaces à peine voilées quand on s''adresse à moi, et je suis prompt à la colère.\n4   J''ai un désir insatiable de plaisirs charnels.\n5  En fait, le monde tourne autour de moi.\n6  Par mes paroles et mes actions, je fais honte à ma famille.',1,2,'2016-09-13 08:58:28','2016-09-13 09:20:59');
INSERT INTO background (id, name, description, traits, ideals, purposes, flaws, additionalLanguage, version, created, updated) VALUES (12,'Sage','Vous avez passé des années à étudier le multivers. Vous avez écumé les manuscrits, dévoré des parchemins et écouté les plus grands experts sur les sujets qui vous intéressent. Vos efforts ont fait de vous un maître dans vos domaines d''études.\n\nLorsque vous essayez d''apprendre quelque chose ou de vous rappeler d''un fait, si vous ne connaissez pas l''information vous savez souvent où et de qui vous pouvez l''obtenir. Habituellement, cette information se trouve dans une bibliothèque, un scriptorium, une université ou bien un sage, un érudit ou une créature la connaît.\n\nVous pouvez choisir une formation parmi les suivantes :\nAlchimiste, Astronome, Académicien discrédité, Bibliothécaire, Professeur, Chercheur, Apprenti magicien, Scribe\n\nLes sages sont influencés par leurs études approfondies, et leur personnalité reflète cette vie dédiée aux études. Se consacrant à des activités scientifiques, un sage valorise grandement le savoir, parfois pour lui-même, parfois comme un moyen d''atteindre d''autres idéaux.','1  J''utilise de grands mots qui donnent l''impression d''une grande érudition.\n2  J''ai lu tous les livres des plus grandes bibliothèques du monde, ou du moins je me vante de l''avoir fait.\n3  Je suis habitué à aider ceux qui ne sont pas aussi intelligents que moi, et j''explique patiemment tout et n''importe quoi aux autres.\n4  Il n''y a rien que j''aime plus au monde qu''un bon mystère.;\n5  Je suis disposé à écouter tous les arguments avant de me faire mon propre jugement.\n6  Je... parle... lentement... quand je parle... à des idiots... soit... presque... à tout le monde... si je... compare... avec moi.\n7  Je suis horriblement et terriblement maladroit dans les situations sociales.\n8  Je suis convaincu que les gens sont toujours en train d''essayer de me voler mes secrets.','1  Connaissances. Le chemin vers le pouvoir et le progrès personnel passe par la connaissance (Neutre).\n2  Beauté. Ce qui est beau nous montre au-delà de cela ce qui est vrai (Bon).\n3  Logique. Les émotions ne doivent pas obscurcir notre pensée logique (Loyal).\n4  Sans limites. Rien ne doit entraver les infinies possibilités inhérentes à toute existence (Chaotique).\n5  Pouvoir. La connaissance est la voie vers le pouvoir et la domination (Mauvais).\n6  Progrès personnel. Le but d''une vie d''étude est l''amélioration de soi-même (Tout alignement).','1  Il est de mon devoir de protéger mes élèves.\n2  Je possède un texte ancien qui renferme de terribles secrets qui ne doivent pas tomber entre de mauvaises mains.\n3  Je travaille à préserver une bibliothèque, une université, un scriptorium ou un monastère.\n4  Le travail de ma vie est une série de livres sur un domaine spécifique de connaissance.\n5  J''ai cherché toute ma vie la réponse à une question.\n6  J''ai vendu mon âme pour de la connaissance. J''espère faire de grandes choses et la récupérer en retour.','1  Je suis facilement distrait par la promesse d''information.\n2  La plupart des gens crient et courent quand ils voient un démon. Moi je m''arrête et je prends des notes sur son anatomie.\n3  Décrypter un mystère ancien vaut le prix d''une civilisation.\n4  Je privilégie les solutions compliquées aux dépens des solutions faciles.\n5  Je parle sans vraiment penser mes mots, insultant invariablement les autres.\n6  Je ne peux pas garder un secret pour sauver ma vie, ou n''importe qui d''autre.',2,2,'2016-09-13 09:01:40','2016-09-13 09:21:58');
INSERT INTO background (id, name, description, traits, ideals, purposes, flaws, additionalLanguage, version, created, updated) VALUES (13,'Soldat','La guerre a été votre vie aussi loin que remontent vos souvenirs. Vous avez été formé dès votre jeunesse, avez étudié l''utilisation des armes et des armures, appris des techniques de base de survie, y compris la façon de rester en vie sur un champ de bataille. Vous pourriez avoir fait partie de l''armée d''un royaume ou d''une compagnie de mercenaires, ou peut-être avoir été membre d''une milice locale qui s''est fait connaître au cours d''une guerre récente.\n\nVous avez obtenu un grade durant votre carrière en tant que soldat. Les soldats fidèles à votre ancienne organisation militaire reconnaissent encore votre autorité et votre influence, et ils s''en remettent à vous s''ils sont d''un grade inférieur. Vous pouvez invoquer votre grade pour influencer d''autres soldats et réquisitionner des équipements simples ou des chevaux pour une utilisation temporaire. Vous pouvez aussi généralement avoir accès à des campements militaires et des forteresses amis là où votre grade est reconnu.\n\nVous pouvez choisir un rang parmi les suivants:\nOfficier, Éclaireur, Infanterie, Cavalerie, Soigneur, Intendant, Porte-étendard, Support (cuisine, forgeron, etc.)\n\nLes horreurs de la guerre combinées à la discipline rigide du service militaire laissent leurs marques sur tous les soldats, formant leurs idéaux, créant des liens forts et les laissant souvent traumatisés par la peur, l''humiliation et la haine.\n','1  Je suis toujours poli et respectueux.\n2  Je suis hanté par les souvenirs de la guerre. Je ne peux pas sortir les images de violence de ma tête.\n3  J''ai perdu beaucoup d''amis, et je suis lent à m''en faire de nouveaux.\n4  Je connais plein d''histoires inspirantes et effrayantes de mon expérience militaire qui se révèlent pertinentes dans de nombreuses situations de combat.\n5  Je peux faire baisser le regard d''un chien des enfers sans broncher.\n6  J''aime être fort et casser des choses.\n7  J''ai un sens de l''humour brut.\n8  J''affronte les problèmes de front. Une solution simple et directe est le meilleur chemin vers le succès.','1  Bonté. Notre sort est de donner notre vie pour la défense des autres (Bon).\n2  Responsabilité. Je fais ce que je dois faire et j''obéis aux autorités quand elles sont justes (Loyal).\n3  Indépendance. Quand les gens suivent les ordres aveuglément, ils embrassent une sorte de tyrannie (Chaotique).\n4  Puissance. Dans la vie comme à la guerre, le plus fort gagne (Mauvais).\n5  Vivre et laisser vivre. Les idéaux ne méritent pas qu''on tue ou qu''on fasse la guerre pour eux (Neutre).\n6  Nation. Ma ville, mon pays ou les miens sont tout ce qui importe (Tout alignement).','1  Je voudrais pouvoir encore donner ma vie pour les gens avec qui j''ai servi.\n2  Quelqu''un m''a sauvé la vie sur le champ de bataille. À ce jour, je ne pourrais jamais laisser un ami derrière.\n3  Mon honneur est ma vie.\n4  Je n''oublierai jamais la défaite écrasante que ma compagnie a subie ni les ennemis qui nous l''ont infligée.\n5  Ceux qui se battent à mes côtés sont ceux pour qui cela vaut la peine de mourir.\n6  Je me bats pour ceux qui ne peuvent pas se battre pour eux-mêmes.','1  L''ennemi monstrueux que nous avons affronté dans la bataille me fait encore frémir de peur.\n2  J''ai peu de respect pour celui qui n''est pas un réel guerrier.\n3  J''ai fait une terrible erreur durant une bataille qui a coûté la vie à de nombreuses personnes et je ferais n''importe quoi pour garder cette erreur secrète.\n4  Ma haine pour mes ennemis est aveugle et irraisonnée.\n5  J''obéis à la loi, même si elle provoque la misère.\n6  Je préfère manger mon armure plutôt qu''admettre que je me suis trompé.',0,2,'2016-09-13 09:05:03','2016-09-13 09:22:53');

/* BackgroundSkillProficiencies */
INSERT INTO backgroundskillproficiencies (backgroundId, skillId) VALUES (7,1);
INSERT INTO backgroundskillproficiencies (backgroundId, skillId) VALUES (10,1);
INSERT INTO backgroundskillproficiencies (backgroundId, skillId) VALUES (13,1);
INSERT INTO backgroundskillproficiencies (backgroundId, skillId) VALUES (2,2);
INSERT INTO backgroundskillproficiencies (backgroundId, skillId) VALUES (4,3);
INSERT INTO backgroundskillproficiencies (backgroundId, skillId) VALUES (8,3);
INSERT INTO backgroundskillproficiencies (backgroundId, skillId) VALUES (5,4);
INSERT INTO backgroundskillproficiencies (backgroundId, skillId) VALUES (8,4);
INSERT INTO backgroundskillproficiencies (backgroundId, skillId) VALUES (12,5);
INSERT INTO backgroundskillproficiencies (backgroundId, skillId) VALUES (11,6);
INSERT INTO backgroundskillproficiencies (backgroundId, skillId) VALUES (12,6);
INSERT INTO backgroundskillproficiencies (backgroundId, skillId) VALUES (1,9);
INSERT INTO backgroundskillproficiencies (backgroundId, skillId) VALUES (6,9);
INSERT INTO backgroundskillproficiencies (backgroundId, skillId) VALUES (9,10);
INSERT INTO backgroundskillproficiencies (backgroundId, skillId) VALUES (1,11);
INSERT INTO backgroundskillproficiencies (backgroundId, skillId) VALUES (3,11);
INSERT INTO backgroundskillproficiencies (backgroundId, skillId) VALUES (6,12);
INSERT INTO backgroundskillproficiencies (backgroundId, skillId) VALUES (10,13);
INSERT INTO backgroundskillproficiencies (backgroundId, skillId) VALUES (7,14);
INSERT INTO backgroundskillproficiencies (backgroundId, skillId) VALUES (9,14);
INSERT INTO backgroundskillproficiencies (backgroundId, skillId) VALUES (4,15);
INSERT INTO backgroundskillproficiencies (backgroundId, skillId) VALUES (5,15);
INSERT INTO backgroundskillproficiencies (backgroundId, skillId) VALUES (13,16);
INSERT INTO backgroundskillproficiencies (backgroundId, skillId) VALUES (2,17);
INSERT INTO backgroundskillproficiencies (backgroundId, skillId) VALUES (3,18);
INSERT INTO backgroundskillproficiencies (backgroundId, skillId) VALUES (11,18);

/* BackgroundToolProficiencies */
INSERT INTO backgroundtoolproficiencies (backgroundId, toolType) VALUES (3,'ARTISAN');
INSERT INTO backgroundtoolproficiencies (backgroundId, toolType) VALUES (4,'FORGERY');
INSERT INTO backgroundtoolproficiencies (backgroundId, toolType) VALUES (4,'DISGUISE');
INSERT INTO backgroundtoolproficiencies (backgroundId, toolType) VALUES (5,'GAMING');
INSERT INTO backgroundtoolproficiencies (backgroundId, toolType) VALUES (5,'THIEVE');
INSERT INTO backgroundtoolproficiencies (backgroundId, toolType) VALUES (6,'HERBALISM');
INSERT INTO backgroundtoolproficiencies (backgroundId, toolType) VALUES (7,'MUSICAL');
INSERT INTO backgroundtoolproficiencies (backgroundId, toolType) VALUES (8,'DISGUISE');
INSERT INTO backgroundtoolproficiencies (backgroundId, toolType) VALUES (8,'THIEVE');
INSERT INTO backgroundtoolproficiencies (backgroundId, toolType) VALUES (9,'ARTISAN');
INSERT INTO backgroundtoolproficiencies (backgroundId, toolType) VALUES (9,'VEHICLES');
INSERT INTO backgroundtoolproficiencies (backgroundId, toolType) VALUES (10,'VEHICLES');
INSERT INTO backgroundtoolproficiencies (backgroundId, toolType) VALUES (10,'NAVIGATOR');
INSERT INTO backgroundtoolproficiencies (backgroundId, toolType) VALUES (11,'GAMING');
INSERT INTO backgroundtoolproficiencies (backgroundId, toolType) VALUES (13,'VEHICLES');
INSERT INTO backgroundtoolproficiencies (backgroundId, toolType) VALUES (13,'GAMING');
INSERT INTO backgroundtoolproficiencies (backgroundId, toolType) VALUES (2,'DISGUISE');
INSERT INTO backgroundtoolproficiencies (backgroundId, toolType) VALUES (2,'MUSICAL');

/* Feats */
INSERT INTO feat (id, name, description, featUsage, prerequisiteType, prerequisiteArmorProficiency, prerequisiteAbilityId, prerequisiteAbilityScore, version, created, updated) VALUES (1,'Acteur','Entraîné au mimétisme et à l''art dramatique, vous gagnez les avantages suivants : \n• Augmentez votre valeur de Charisme de 1, pour un maximum de 20. \n• Vous avez l''avantage aux jets de Charisme (Tromperie) et Charisme (Représentation) pour essayer de vous faire passer pour une autre personne. \n• Vous pouvez imiter le discours d''une autre personne ou les sons émis par d''autres créatures. Vous devez avoir entendu la personne qui parle, ou entendu la créature émettre le son, pendant au moins 1 minute. Un jet réussi de Sagesse (Intuition) contre votre jet de Charisme (Duperie) permet à celui qui écoute de déterminer qu''il s''agit d''une imitation. ','PASSIVE','NONE',NULL,NULL,NULL,3,'2016-09-13 11:14:39','2016-09-13 11:23:47');
INSERT INTO feat (id, name, description, featUsage, prerequisiteType, prerequisiteArmorProficiency, prerequisiteAbilityId, prerequisiteAbilityScore, version, created, updated) VALUES (3,'Adepte élémentaire feu','Les sorts que vous lancez ignorent la résistance aux dégâts de feu. En outre, lorsque vous lancez les dés de dégâts pour un sort que vous avez lancé et qui inflige des dégâts de feu, vous pouvez traiter tout 1 aux dés comme un 2. ','PASSIVE','CAST_SPELL',NULL,NULL,NULL,4,'2016-09-13 11:21:18','2016-09-13 13:19:26');
INSERT INTO feat (id, name, description, featUsage, prerequisiteType, prerequisiteArmorProficiency, prerequisiteAbilityId, prerequisiteAbilityScore, version, created, updated) VALUES (4,'Adepte élémentaire froid','Les sorts que vous lancez ignorent la résistance aux dégâts de froid. En outre, lorsque vous lancez les dés de dégâts pour un sort que vous avez lancé et qui inflige des dégâts de froid, vous pouvez traiter tout 1 aux dés comme un 2. ','PASSIVE','CAST_SPELL',NULL,NULL,NULL,2,'2016-09-13 11:27:51','2016-09-13 13:19:31');
INSERT INTO feat (id, name, description, featUsage, prerequisiteType, prerequisiteArmorProficiency, prerequisiteAbilityId, prerequisiteAbilityScore, version, created, updated) VALUES (5,'Adepte élémentaire électricité','Les sorts que vous lancez ignorent la résistance aux dégâts d''électricité. En outre, lorsque vous lancez les dés de dégâts pour un sort que vous avez lancé et qui inflige des dégâts d''électricité, vous pouvez traiter tout 1 aux dés comme un 2. ','PASSIVE','CAST_SPELL',NULL,NULL,NULL,2,'2016-09-13 11:28:33','2016-09-13 13:19:35');
INSERT INTO feat (id, name, description, featUsage, prerequisiteType, prerequisiteArmorProficiency, prerequisiteAbilityId, prerequisiteAbilityScore, version, created, updated) VALUES (6,'Adepte élémentaire tonnerre','Les sorts que vous lancez ignorent la résistance aux dégâts de tonnerre. En outre, lorsque vous lancez les dés de dégâts pour un sort que vous avez lancé et qui inflige des dégâts d''électricité, vous pouvez traiter tout 1 aux dés comme un 2. ','PASSIVE','CAST_SPELL',NULL,NULL,NULL,2,'2016-09-13 11:29:30','2016-09-13 13:19:38');
INSERT INTO feat (id, name, description, featUsage, prerequisiteType, prerequisiteArmorProficiency, prerequisiteAbilityId, prerequisiteAbilityScore, version, created, updated) VALUES (7,'Armure légère','Vous avez été formé pour maîtriser l''utilisation des armures légères, et vous bénéficiez des avantages suivants : \n• Augmentez votre valeur de Force ou de Dextérité de 1, pour un maximum de 20, \n• Vous gagnez la maîtrise des armures légères. ','PASSIVE','NONE',NULL,NULL,NULL,1,'2016-09-13 11:39:16','2016-09-13 11:39:16');
INSERT INTO feat (id, name, description, featUsage, prerequisiteType, prerequisiteArmorProficiency, prerequisiteAbilityId, prerequisiteAbilityScore, version, created, updated) VALUES (8,'Armure intermédiaire','Vous avez été formé pour maîtriser l''utilisation des armures intermédiaires et des boucliers, et vous bénéficiez des avantages suivants : \n• Augmentez votre valeur de Force ou de Dextérité de 1, pour un maximum de 20, \n• Vous gagnez la maîtrise des armures intermédiaires et des boucliers. ','PASSIVE','ARMOR_PROFICIENCY','LIGHT',NULL,NULL,2,'2016-09-13 11:41:12','2016-09-13 13:19:51');
INSERT INTO feat (id, name, description, featUsage, prerequisiteType, prerequisiteArmorProficiency, prerequisiteAbilityId, prerequisiteAbilityScore, version, created, updated) VALUES (9,'Armure lourde','Vous avez été formé pour maîtriser l''utilisation des armures lourdes, et vous bénéficiez des avantages suivants : \n• Augmentez votre valeur de Force de 1, pour un maximum de 20, \n• Vous gagnez la maîtrise des armures lourdes. ','PASSIVE','ARMOR_PROFICIENCY','MEDIUM',NULL,NULL,1,'2016-09-13 13:20:34','2016-09-13 13:20:34');
INSERT INTO feat (id, name, description, featUsage, prerequisiteType, prerequisiteArmorProficiency, prerequisiteAbilityId, prerequisiteAbilityScore, version, created, updated) VALUES (10,'Athlète','Vous avez suivi une forte formation physique qui vous donne les avantages suivants : \n• Augmentez votre valeur de Force ou de Dextérité de 1, pour un maximum de 20. \n• Lorsque vous êtes à terre, vous relever prend seulement 5 pieds de votre mouvement. \n• Escalader ne vous coûte pas de mouvement supplémentaire. \n• Vous pouvez faire un saut en longueur ou en hauteur avec seulement 5 pieds d''élan, au lieu de 10 pieds. ','PASSIVE','NONE',NULL,NULL,NULL,1,'2016-09-13 13:22:03','2016-09-13 13:22:03');
INSERT INTO feat (id, name, description, featUsage, prerequisiteType, prerequisiteArmorProficiency, prerequisiteAbilityId, prerequisiteAbilityScore, version, created, updated) VALUES (11,'Attaquant sauvage','Une fois par tour quand vous lancez les dégâts d''une attaque avec une arme de corps à corps, vous pouvez relancer les dégâts de l''arme et choisir le meilleur des deux résultats. ','ACTION','NONE',NULL,NULL,NULL,1,'2016-09-13 13:23:26','2016-09-13 13:23:26');
INSERT INTO feat (id, name, description, featUsage, prerequisiteType, prerequisiteArmorProficiency, prerequisiteAbilityId, prerequisiteAbilityScore, version, created, updated) VALUES (12,'Bagarreur de tavernes','Habitué à vous battre comme un chiffonnier en utilisant tout ce qui vous tombe sous la main, vous recevez les bénéfices suivants : \n• Augmentez votre valeur de Force ou de Constitution de 1, sans dépasser 20. \n• Vous maîtrisez les armes improvisées. \n• Votre attaque à mains nues utilise 1d4 pour les dégâts. \n• Pendant votre tour, si vous touchez une cible avec une attaque à mains nues ou une arme improvisée, vous pouvez utiliser une action bonus pour essayer d''engager une lutte avec la cible. ','PASSIVE','NONE',NULL,NULL,NULL,1,'2016-09-13 13:24:34','2016-09-13 13:24:34');
INSERT INTO feat (id, name, description, featUsage, prerequisiteType, prerequisiteArmorProficiency, prerequisiteAbilityId, prerequisiteAbilityScore, version, created, updated) VALUES (13,'Combattant à 2 armes','Vous maîtrisez le combat à deux armes, et obtenez les avantages suivants : \n• Vous gagnez un bonus de +1 à la CA si vous tenez une arme de corps à corps différente dans chaque main. \n• Vous pouvez utiliser le combat à deux armes même si les armes de corps à corps à une main que vous tenez ne sont pas légères. \n• Vous pouvez dégainer ou rengainer deux armes à une main alors que normalement vous ne pourriez le faire que pour une seule. ','PASSIVE','NONE',NULL,NULL,NULL,1,'2016-09-13 13:27:46','2016-09-13 13:27:46');
INSERT INTO feat (id, name, description, featUsage, prerequisiteType, prerequisiteArmorProficiency, prerequisiteAbilityId, prerequisiteAbilityScore, version, created, updated) VALUES (14,'Duelliste défensif','Lorsque vous tenez une arme de finesse que vous maîtrisez et qu''une autre créature vous touche avec une attaque de corps à corps, vous pouvez utiliser votre réaction pour ajouter votre bonus de maîtrise à votre CA pour cette attaque, ce qui pourrait faire que l''attaque vous rate. ','REACTION','NONE',NULL,NULL,NULL,1,'2016-09-13 13:29:47','2016-09-13 13:29:47');
INSERT INTO feat (id, name, description, featUsage, prerequisiteType, prerequisiteArmorProficiency, prerequisiteAbilityId, prerequisiteAbilityScore, version, created, updated) VALUES (15,'Endurant','Robuste et résistant, vous gagnez les avantages suivants : \n• Augmentez votre valeur de Constitution de 1, jusqu''à un maximum de 20. \n• Lorsque vous jetez un Dé de vie pour regagner des points de vie, le nombre minimum de points de vie que vous regagnez de ce jet est égal à deux fois votre modificateur de Constitution (minimum 2). ','PASSIVE','NONE',NULL,NULL,NULL,1,'2016-09-13 13:31:18','2016-09-13 13:31:18');
INSERT INTO feat (id, name, description, featUsage, prerequisiteType, prerequisiteArmorProficiency, prerequisiteAbilityId, prerequisiteAbilityScore, version, created, updated) VALUES (16,'Esprit vif','Vous avez un esprit qui permet de repérer le temps, les directions et les détails avec une précision étonnante. Vous obtenez les avantages suivants : \n• Augmentez votre valeur d''Intelligence de 1, jusqu''à un maximum de 20. \n• Vous savez toujours où est le nord. \n• Vous savez toujours le nombre d''heures restantes avant le lever du soleil suivant ou le coucher du soleil. \n• Vous pouvez vous rappeler avec précision ce que vous avez vu ou entendu au cours du mois passé. ','PASSIVE','NONE',NULL,NULL,NULL,1,'2016-09-13 13:31:50','2016-09-13 13:31:50');
INSERT INTO feat (id, name, description, featUsage, prerequisiteType, prerequisiteArmorProficiency, prerequisiteAbilityId, prerequisiteAbilityScore, version, created, updated) VALUES (17,'Expert en arbalètes','Grâce à votre longue pratique de l''arbalète, vous gagnez les avantages suivants : \n• Vous ignorez la propriété chargement des arbalètes de poing et des arbalètes légères que vous maîtrisez. \n• Être à 5 pieds ou moins d''une créature hostile ne donne pas un désavantage à vos jets d''attaque à distance. \n• Lorsque vous utilisez l''action Attaquer et attaquez avec une arme à une main, vous pouvez utiliser une action bonus pour attaquer avec une arbalète de poing si vous en tenez une. ','PASSIVE','NONE',NULL,NULL,NULL,1,'2016-09-13 13:33:09','2016-09-13 13:33:09');
INSERT INTO feat (id, name, description, featUsage, prerequisiteType, prerequisiteArmorProficiency, prerequisiteAbilityId, prerequisiteAbilityScore, version, created, updated) VALUES (18,'Explorateur de donjons','Vigilant face aux pièges cachés et portes secrètes que l''on trouve dans de nombreux donjons, vous obtenez les avantages suivants : \n• Vous avez l''avantage aux jets de Sagesse (Perception) et Intelligence (Investigation) effectués pour détecter la présence de portes secrètes. \n• Vous avez avantage aux jets de sauvegarde pour éviter ou résister aux pièges. \n• Vous obtenez la résistance aux dégâts infligés par les pièges. \n• Vous pouvez rechercher des pièges tout en vous déplaçant à un rythme normal, au lieu d''un rythme lent. ','PASSIVE','NONE',NULL,NULL,NULL,1,'2016-09-13 13:33:51','2016-09-13 13:33:51');
INSERT INTO feat (id, name, description, featUsage, prerequisiteType, prerequisiteArmorProficiency, prerequisiteAbilityId, prerequisiteAbilityScore, version, created, updated) VALUES (19,'Fonceur','Lorsque vous utilisez votre action de Courir, vous pouvez utiliser une action bonus pour faire une attaque avec une arme de corps à corps ou pousser une créature. \nSi vous vous déplacez d''au moins 10 pieds en ligne droite juste avant de prendre cette action bonus, vous gagnez soit un bonus de +5 aux dégâts de l''attaque (si vous avez choisi de faire une attaque de corps à corps et que vous touchez), soit vous repoussez la cible jusqu''à 10 pieds de vous (si vous avez choisi de la pousser et que vous réussissez). ','ACTION','NONE',NULL,NULL,NULL,1,'2016-09-13 13:35:00','2016-09-13 13:35:00');
INSERT INTO feat (id, name, description, featUsage, prerequisiteType, prerequisiteArmorProficiency, prerequisiteAbilityId, prerequisiteAbilityScore, version, created, updated) VALUES (20,'Furtif','Vous êtes expert pour vous faufiler discrètement dans l''ombre. Vous obtenez les avantages suivants : \n• Vous pouvez essayer de vous cacher d''une créature quand vous êtes dans une zone dont la visibilité est réduite pour elle. \n• Lorsque vous êtes caché d''une créature et que vous ratez une attaque avec une arme à distance, l''attaque ne révèle pas votre position. \n• Une lumière faible n''impose pas un désavantage à vos jets de Sagesse (Perception) en relation avec la vue. ','PASSIVE','ABILITY',NULL,2,13,1,'2016-09-13 13:36:14','2016-09-13 13:36:14');
INSERT INTO feat (id, name, description, featUsage, prerequisiteType, prerequisiteArmorProficiency, prerequisiteAbilityId, prerequisiteAbilityScore, version, created, updated) VALUES (21,'Guérisseur','Vous êtes un habile médecin, ce qui vous permet de guérir les blessures rapidement pour que vos alliés puissent retourner au combat. Vous gagnez les avantages suivants : \n• Lorsque vous utilisez une trousse de soins pour stabiliser une créature mourante, cette créature regagne également 1 point de vie. \n• Par une action, vous pouvez dépenser une utilisation d''une trousse de soins pour soigner une créature et lui redonner 1d6 + 4 points de vie, plus un nombre de points de vie supplémentaires égal au nombre maximum de Dés de vie de la créature. La créature ne peut pas bénéficier de vos soins de nouveau jusqu''à ce qu''elle termine un repos court ou long. ','ACTION','NONE',NULL,NULL,NULL,1,'2016-09-13 13:37:25','2016-09-13 13:37:25');
INSERT INTO feat (id, name, description, featUsage, prerequisiteType, prerequisiteArmorProficiency, prerequisiteAbilityId, prerequisiteAbilityScore, version, created, updated) VALUES (22,'Lanceur de sorts d''attaque','Vous avez appris des techniques pour améliorer vos attaques avec certains types de sorts, et vous obtenez les avantages suivants : \n• Lorsque vous lancez un sort qui vous oblige à faire un jet d''attaque, la portée du sort est doublé. \n• Vos attaques de sort à distance ignorent les abris partiels et les abris importants. ','PASSIVE','CAST_SPELL',NULL,NULL,NULL,1,'2016-09-13 13:39:57','2016-09-13 13:39:57');
INSERT INTO feat (id, name, description, featUsage, prerequisiteType, prerequisiteArmorProficiency, prerequisiteAbilityId, prerequisiteAbilityScore, version, created, updated) VALUES (23,'Lanceur de sorts de bataille','Vous avez pratiqué le lancer des sorts au milieu d''un combat, apprenant des techniques que vous accordent les avantages suivants : \n• Vous avez l''avantage aux jets de sauvegarde de Constitution pour maintenir votre concentration sur un sort lorsque vous subissez des dégâts. \n• Vous pouvez effectuer les composantes somatiques d''un sort même si vous avez des armes ou un bouclier dans les mains. \n• Lorsque le mouvement d''une créature hostile provoque une attaque d''opportunité pour vous, vous pouvez utiliser votre réaction pour lancer un sort à la créature, plutôt que de faire une attaque d''opportunité. Le sort doit avoir un temps d''incantation de 1 action et ne doit viser que cette créature. ','PASSIVE','CAST_SPELL',NULL,NULL,NULL,1,'2016-09-13 13:40:49','2016-09-13 13:40:49');
INSERT INTO feat (id, name, description, featUsage, prerequisiteType, prerequisiteArmorProficiency, prerequisiteAbilityId, prerequisiteAbilityScore, version, created, updated) VALUES (24,'Leader inspirant','Vous pouvez passer 10 minutes à inspirer vos compagnons, confortant leur détermination à se battre. Lorsque vous faites cela, choisissez jusqu''à six créatures amicales (vous pouvez en faire partie) dans un rayon de 9 mètres autour de vous, qui peuvent vous voir ou vous entendre, et qui peuvent vous comprendre. Chaque créature peut gagner un nombre de points de vie temporaires égal à votre niveau + votre modificateur de Charisme. Une créature ne peut pas gagner de nouveaux points de vie temporaires grâce à ce don jusqu''à ce qu''elle ait fini un repos de court ou long. ','ACTION','ABILITY',NULL,6,13,1,'2016-09-13 13:41:34','2016-09-13 13:41:34');
INSERT INTO feat (id, name, description, featUsage, prerequisiteType, prerequisiteArmorProficiency, prerequisiteAbilityId, prerequisiteAbilityScore, version, created, updated) VALUES (25,'Linguiste','Vous avez étudié les langues et les codes, et bénéficiez des avantages suivants : \n• Augmentez votre valeur d''Intelligence de 1, jusqu''à un maximum de 20. \n• Vous apprenez trois langues de votre choix. \n• Vous pouvez coder des messages avec compétence. D''autres personnes ne peuvent déchiffrer un code que vous avez créé à moins que vous le leur ayez enseigné, qu''elles réussissent un jet d''Intelligence (DD égal à votre valeur d''Intelligence + votre bonus de maîtrise) ou qu''elles utilisent la magie pour le déchiffrer. ','PASSIVE','NONE',NULL,NULL,NULL,1,'2016-09-13 13:42:18','2016-09-13 13:42:18');
INSERT INTO feat (id, name, description, featUsage, prerequisiteType, prerequisiteArmorProficiency, prerequisiteAbilityId, prerequisiteAbilityScore, version, created, updated) VALUES (26,'Lutteur','Vous avez développé les compétences nécessaires pour vous défendre tout seul dans les combats de rues. Vous obtenez les avantages suivants : \n• Vous avez l''avantage aux jets d''attaque contre une créature avec laquelle vous êtes engagé dans une lutte. \n• Vous pouvez utiliser votre action pour tenter de bloquer une créature avec qui vous avez engagé une lutte. Dans ce cas, faites un nouveau jet de lutte. Si vous réussissez, vous et la créature êtes tous deux entravés jusqu''à ce que la lutte se termine. ','ACTION','ABILITY',NULL,1,13,1,'2016-09-13 13:43:11','2016-09-13 13:43:11');
INSERT INTO feat (id, name, description, featUsage, prerequisiteType, prerequisiteArmorProficiency, prerequisiteAbilityId, prerequisiteAbilityScore, version, created, updated) VALUES (27,'Maitre d''armes','Vous avez énormément pratiqué avec une grande variété d''armes, et obtenez les avantages suivants : \n• Augmentez votre valeur de Force ou de Dextérité de 1, jusqu''à un maximum de 20. \n• Vous gagnez la maîtrise de quatre armes courantes ou de guerre de votre choix. ','PASSIVE','NONE',NULL,NULL,NULL,1,'2016-09-13 13:43:51','2016-09-13 13:43:51');
INSERT INTO feat (id, name, description, featUsage, prerequisiteType, prerequisiteArmorProficiency, prerequisiteAbilityId, prerequisiteAbilityScore, version, created, updated) VALUES (28,'Maitre des armes à 2 mains','Vous avez appris à tirer avantage du poids d''une arme, laissant son élan augmenter l''efficacité de vos frappes. Vous obtenez les avantages suivants : \n• A votre tour, lorsque vous réalisez un coup critique avec une arme de corps à corps ou réduisez une créature à 0 point de vie avec ce type d''arme, vous pouvez réaliser une attaque avec une arme de corps à corps comme action bonus. \n• Avant de faire une attaque de corps à corps avec une arme lourde que vous maîtrisez, vous pouvez choisir de prendre un malus de -5 au jet d''attaque. Si l''attaque réussit, vous ajoutez +10 aux dégâts de l''attaque. ','ACTION','NONE',NULL,NULL,NULL,1,'2016-09-13 13:46:30','2016-09-13 13:46:30');
INSERT INTO feat (id, name, description, featUsage, prerequisiteType, prerequisiteArmorProficiency, prerequisiteAbilityId, prerequisiteAbilityScore, version, created, updated) VALUES (29,'Maitre des armes d''hast','Vous pouvez garder vos ennemis à distance avec des armes à allonge. Vous obtenez les avantages suivants : \n• Lorsque vous prenez l''action Attaquer et attaquez avec seulement une pique, une hallebarde ou un bâton, vous pouvez utiliser une action bonus pour effectuer une attaque au corps à corps avec l''extrémité opposée de l''arme. Le dé de dégâts pour cette attaque est 1d4, et l''attaque inflige des dégâts contondants. \n• Lorsque vous portez une hallebarde, une pique ou un bâton, vous pouvez effectuer une attaque d''opportunité lorsqu''une créature entre à portée de votre allonge. ','ACTION','NONE',NULL,NULL,NULL,1,'2016-09-13 13:58:40','2016-09-13 13:58:40');
INSERT INTO feat (id, name, description, featUsage, prerequisiteType, prerequisiteArmorProficiency, prerequisiteAbilityId, prerequisiteAbilityScore, version, created, updated) VALUES (30,'Maitre des armure intermédiaires','Vous avez pratiqué le déplacement avec une armure intermédiaire pour obtenir les avantages suivants : \n• Porter une armure intermédiaire n''impose pas de désavantage à vos jets de Dextérité (Discrétion). \n• Lorsque vous portez une armure intermédiaire, vous pouvez ajouter 3, au lieu de 2, à votre CA si vous avez une Dextérité de 16 ou plus. ','PASSIVE','ARMOR_PROFICIENCY','MEDIUM',NULL,NULL,1,'2016-09-13 14:00:24','2016-09-13 14:00:24');
INSERT INTO feat (id, name, description, featUsage, prerequisiteType, prerequisiteArmorProficiency, prerequisiteAbilityId, prerequisiteAbilityScore, version, created, updated) VALUES (31,'Maitre des armures lourdes','Vous pouvez utiliser votre armure pour détourner des attaques qui en auraient tué plus d''un. Vous obtenez les avantages suivants : \n• Augmentez votre valeur de Force de 1, pour un maximum de 20. \n• Lorsque vous portez une armure lourde, les dégâts contondants, perforants et tranchants que vous recevez d''armes non magiques sont réduits de 3. ','PASSIVE','ARMOR_PROFICIENCY','HEAVY',NULL,NULL,1,'2016-09-13 14:01:01','2016-09-13 14:01:01');
INSERT INTO feat (id, name, description, featUsage, prerequisiteType, prerequisiteArmorProficiency, prerequisiteAbilityId, prerequisiteAbilityScore, version, created, updated) VALUES (32,'Maitre des boucliers','Vous utilisez les boucliers non seulement pour vous protéger, mais aussi de manière offensive. Vous obtenez les avantages suivants lorsque vous portez un bouclier : \n• Si vous prenez l''action Attaquer à votre tour, vous pouvez utiliser une action bonus pour essayer de bousculer une créature située à 5 pieds ou moins de vous avec votre bouclier. \n• Si vous n''êtes pas incapable d''agir, vous pouvez ajouter le bonus à la CA de votre bouclier à tout jet de sauvegarde de Dextérité contre tout sort ou autre effet nocif qui vous prend pour cible. \n• Si vous êtes soumis à un effet qui vous permet de faire un jet de sauvegarde de Dextérité pour ne prendre que la moitié des dégâts, vous pouvez utiliser votre réaction pour ne prendre aucun dommage si vous réussissez le jet de sauvegarde, en interposant votre bouclier entre vous et la source de l''effet. ','ACTION','ARMOR_PROFICIENCY','SHIELD',NULL,NULL,1,'2016-09-13 14:03:36','2016-09-13 14:03:36');
INSERT INTO feat (id, name, description, featUsage, prerequisiteType, prerequisiteArmorProficiency, prerequisiteAbilityId, prerequisiteAbilityScore, version, created, updated) VALUES (33,'Mobile','Vous êtes exceptionnellement rapide. Vous gagnez les avantages suivants : \n• Votre vitesse augmente de 3 mètres. \n• Lorsque vous utilisez l''action de Courir, un terrain difficile ne vous coûte pas de mouvement supplémentaire pour ce tour. \n• Lorsque vous effectuez une attaque au corps à corps contre une créature, vous ne provoquez pas d''attaques d''opportunité pour cette créature pour le reste du tour, que vous touchiez ou pas. ','PASSIVE','NONE',NULL,NULL,NULL,1,'2016-09-13 14:04:14','2016-09-13 14:04:14');
INSERT INTO feat (id, name, description, featUsage, prerequisiteType, prerequisiteArmorProficiency, prerequisiteAbilityId, prerequisiteAbilityScore, version, created, updated) VALUES (34,'Observateur','Vous notez rapidement des détails dans votre environnement. Vous gagnez les avantages suivants : \n• Augmentez votre valeur d''Intelligence ou de Sagesse de 1, pour un maximum de 20. \n• Si vous pouvez voir la bouche d''une créature alors qu''elle parle une langue que vous comprenez, vous pouvez interpréter ce qu''elle dit en lisant ses lèvres. \n• Vous avez un bonus de +5 à vos jets de Sagesse (Perception) passive et d''Intelligence (Investigation) passive. ','PASSIVE','NONE',NULL,NULL,NULL,1,'2016-09-13 14:04:46','2016-09-13 14:04:46');
INSERT INTO feat (id, name, description, featUsage, prerequisiteType, prerequisiteArmorProficiency, prerequisiteAbilityId, prerequisiteAbilityScore, version, created, updated) VALUES (35,'Pourfendeur de mage','Vous avez pratiqué des techniques utiles en combat au corps à corps contre les lanceurs de sorts, et vous bénéficiez des avantages suivants : \n• Quand une créature dans un rayon de 5 pieds autour de vous lance un sort, vous pouvez utiliser votre réaction pour effectuer une attaque avec une arme au corps à corps contre cette créature. \n• Si vous touchez une créature qui se concentre sur un sort, cette créature a un désavantage à son jet de sauvegarde pour maintenir sa concentration. \n• Vous avez l''avantage aux jets de sauvegarde contre les sorts lancés par les créatures dans un rayon de 1,50 m autour de vous. ','REACTION','NONE',NULL,NULL,NULL,1,'2016-09-13 14:05:32','2016-09-13 14:05:32');
INSERT INTO feat (id, name, description, featUsage, prerequisiteType, prerequisiteArmorProficiency, prerequisiteAbilityId, prerequisiteAbilityScore, version, created, updated) VALUES (36,'Résistant','Choisissez une caractéristique. Vous gagnez les avantages suivants : \n• Augmentez la valeur de cette caractéristique de 1, pour un maximum de 20. \n• Vous gagnez la maîtrise des jets de sauvegarde qui utilisent la caractéristique choisie. ','PASSIVE','NONE',NULL,NULL,NULL,1,'2016-09-13 14:07:33','2016-09-13 14:07:33');
INSERT INTO feat (id, name, description, featUsage, prerequisiteType, prerequisiteArmorProficiency, prerequisiteAbilityId, prerequisiteAbilityScore, version, created, updated) VALUES (37,'Robuste','Vos points de vie maximums augmentent d''un montant égal au double de votre niveau quand vous gagnez ce don. Chaque fois que vous gagnez un niveau par la suite, vos points de vie maximums augmentent de 2 points de vie supplémentaires. ','PASSIVE','NONE',NULL,NULL,NULL,1,'2016-09-13 14:09:11','2016-09-13 14:09:11');
INSERT INTO feat (id, name, description, featUsage, prerequisiteType, prerequisiteArmorProficiency, prerequisiteAbilityId, prerequisiteAbilityScore, version, created, updated) VALUES (38,'Sentinelle','Vous maîtrisez les techniques pour tirer avantage de chaque faiblesse dans la garde de tout ennemi, et bénéficiez des avantages suivants : \n• Lorsque vous touchez une créature avec une attaque d''opportunité, la vitesse de la créature devient 0 pour le reste du tour. \n• Vous pouvez effectuer une attaque d''opportunité même si une créature prend l''action Se désengager avant de se mettre hors de portée de votre allonge. \n• Quand une créature à 1,50 mètre ou moins de vous fait une attaque contre une cible autre que vous (et que cette cible n''a pas ce don), vous pouvez utiliser votre réaction pour réaliser une attaque avec une arme de corps à corps contre la créature attaquante. ','ACTION','NONE',NULL,NULL,NULL,1,'2016-09-13 14:10:02','2016-09-13 14:10:02');
INSERT INTO feat (id, name, description, featUsage, prerequisiteType, prerequisiteArmorProficiency, prerequisiteAbilityId, prerequisiteAbilityScore, version, created, updated) VALUES (39,'Talentueux','Vous gagnez la maîtrise de trois compétences ou outils de votre choix, avec la combinaison que vous souhaitez. ','PASSIVE','NONE',NULL,NULL,NULL,1,'2016-09-13 14:10:35','2016-09-13 14:10:35');
INSERT INTO feat (id, name, description, featUsage, prerequisiteType, prerequisiteArmorProficiency, prerequisiteAbilityId, prerequisiteAbilityScore, version, created, updated) VALUES (40,'Tireur d''élite','Vous maîtrisez les armes à distance et pouvez faire des tirs que d''autres penseraient impossible. Vous obtenez les avantages suivants : \n• Attaquer à longue portée n''impose pas de désavantage à vos jets d''attaque avec une arme à distance. \n• Vos attaques avec des armes à distance ignorent les abris partiels et les abris importants. \n• Avant de faire une attaque avec une arme à distance que vous maîtrisez, vous pouvez choisir de prendre un malus de -5 au jet d''attaque. Si l''attaque réussit, vous ajoutez +10 aux dégâts de l''attaque. ','PASSIVE','NONE',NULL,NULL,NULL,1,'2016-09-13 14:11:28','2016-09-13 14:11:28');
INSERT INTO feat (id, name, description, featUsage, prerequisiteType, prerequisiteArmorProficiency, prerequisiteAbilityId, prerequisiteAbilityScore, version, created, updated) VALUES (41,'Vigilant','Toujours en train de guetter le danger, vous gagnez les bénéfices suivants : \n• Vous gagnez un bonus de +5 à l''initiative. \n• Vous ne pouvez pas être surpris tant que vous êtes conscient. \n• Les autres créatures n''ont pas l''avantage aux jets d''attaque contre vous du fait de vous être cachées. ','PASSIVE','NONE',NULL,NULL,NULL,1,'2016-09-13 14:12:09','2016-09-13 14:12:09');

/* Class features */
INSERT INTO classfeature (id, name, description, featUsage, parentId, nbUse, restType, replaceFeatId, version, created, updated) VALUES (42,'Rage','En combat, vous vous battez avec une férocité bestiale. Durant votre tour, vous pouvez entrer en rage en utilisant une action bonus. En rage, vous gagnez les bénéfices suivants si vous ne portez pas d''armure lourde :\n\nVous avez l''avantage aux jets de Force et aux jets de sauvegarde de Force.\nQuand vous effectuez une attaque d''arme de corps à corps utilisant la Force, vous gagnez un bonus aux jets de dégâts qui dépend de votre niveau de barbare, comme indiqué dans la colonne Dégâts de la table ci-dessus.\nVous avez la résistance aux dégâts contondants, perforants et tranchants.\nSi vous êtes capable de lancer des sorts, vous ne pouvez les lancer ou vous concentrer sur eux pour toute la durée de la rage.\n\nVotre rage dure 1 minute. Elle finit prématurément si vous devenez inconscient, ou si votre tour se termine et que vous n''avez ni attaqué une créature hostile, ni subi des dégâts, depuis votre précédent tour. Vous pouvez également mettre fin à votre rage durant votre tour par une action bonus. Vous récupérez les utilisations de rage dépensées après avoir terminé un repos long.','ACTION',NULL,NULL,'LONG',NULL,2,'2016-09-13 14:18:52','2016-12-04 11:17:03');
INSERT INTO classfeature (id, name, description, featUsage, parentId, nbUse, restType, replaceFeatId, version, created, updated) VALUES (43,'Défense sans armure','Tant que vous ne portez pas d''armure, votre classe d''armure est égale à 10 + votre modificateur de Dextérité + votre modificateur de Constitution. Vous pouvez utiliser un bouclier et en gagner les avantages.','PASSIVE',NULL,NULL,NULL,NULL,1,'2016-09-13 14:19:24','2016-09-13 14:19:24');
INSERT INTO classfeature (id, name, description, featUsage, parentId, nbUse, restType, replaceFeatId, version, created, updated) VALUES (44,'Attaque téméraire','Vous pouvez mettre de côté votre défense pour attaquer avec toute la violence du désespoir. Lorsque vous effectuez la première attaque de votre tour, vous pouvez décider d''effectuer une Attaque téméraire. Vous obtenez ainsi un avantage aux jets d''attaque d''arme de corps à corps utilisant la Force durant ce tour, mais les attaques effectuées contre vous ont également l''avantage jusqu''à votre prochain tour de jeu.','ACTION',NULL,NULL,NULL,NULL,1,'2016-09-13 14:20:08','2016-09-13 14:20:08');
INSERT INTO classfeature (id, name, description, featUsage, parentId, nbUse, restType, replaceFeatId, version, created, updated) VALUES (45,'Sens du danger','Vous ressentez une sensation étrange lorsque les choses qui vous entourent ne sont pas comme elles devraient être, vous donnant un avantage lorsque vous tenter de vous extirper du danger. Vous avez l''avantage aux jets de sauvegarde de Dextérité contre les effets que vous pouvez voir, comme les pièges ou les sorts. Pour bénéficier de cet effet vous ne devez pas être aveuglé, assourdi ou incapable d''agir.','PASSIVE',NULL,NULL,NULL,NULL,1,'2016-09-13 14:20:42','2016-09-13 14:20:42');
INSERT INTO classfeature (id, name, description, featUsage, parentId, nbUse, restType, replaceFeatId, version, created, updated) VALUES (46,'Attaque supplémentaire','Vous pouvez attaquer deux fois, au lieu d''une seule, chaque fois que vous réalisez l’action Attaquer durant votre tour.','PASSIVE',NULL,NULL,NULL,NULL,1,'2016-09-13 14:23:43','2016-09-13 14:23:43');
INSERT INTO classfeature (id, name, description, featUsage, parentId, nbUse, restType, replaceFeatId, version, created, updated) VALUES (47,'Mouvement rapide','Votre vitesse augmente de 10 pieds tant que vous ne portez pas d''armure lourde.','PASSIVE',NULL,NULL,NULL,NULL,1,'2016-09-13 14:24:26','2016-09-13 14:24:26');
INSERT INTO classfeature (id, name, description, featUsage, parentId, nbUse, restType, replaceFeatId, version, created, updated) VALUES (48,'Instinct sauvage','Vos instincts sont si aiguisés que vous obtenez l''avantage aux jets d''initiative. De plus, si vous êtes surpris au début du combat et que vous n''êtes pas incapable d''agir, vous pouvez jouer normalement durant votre premier tour, mais seulement si vous entrez en rage avant de faire quoique ce soit d''autre à ce tour.','PASSIVE',NULL,NULL,NULL,NULL,1,'2016-09-13 14:25:15','2016-09-13 14:25:15');
INSERT INTO classfeature (id, name, description, featUsage, parentId, nbUse, restType, replaceFeatId, version, created, updated) VALUES (49,'Critique brutal 1','Vous pouvez lancer un dé de dégâts de votre arme en plus lorsque vous déterminez les dégâts supplémentaires que vous infligez sur un coup critique réussi avec une attaque de corps à corps.','PASSIVE',NULL,NULL,NULL,NULL,2,'2016-09-13 14:26:07','2016-10-19 09:21:51');
INSERT INTO classfeature (id, name, description, featUsage, parentId, nbUse, restType, replaceFeatId, version, created, updated) VALUES (50,'Rage implacable','Votre rage vous permet de continuer à combattre en dépit des graves blessures qui vous affectent. Si vous tombez à 0 point de vie pendant votre rage et que vous ne mourrez pas sur le coup, vous pouvez faire un jet de sauvegarde de Constitution DD 10. Si vous le réussissez, vous retournez immédiatement à 1 point de vie. Chaque fois que vous utilisez cette capacité après la première, le DD augmente de 5. Quand vous terminez un repos court ou long le DD retombe à 10.','PASSIVE',NULL,NULL,NULL,NULL,1,'2016-09-13 14:26:53','2016-09-13 14:26:53');
INSERT INTO classfeature (id, name, description, featUsage, parentId, nbUse, restType, replaceFeatId, version, created, updated) VALUES (51,'Rage persistante','Votre rage est si intense qu''elle ne s''arrête prématurément qu''à la condition que vous tombiez inconscient ou que vous choisissiez de l''arrêter.','PASSIVE',NULL,NULL,NULL,NULL,1,'2016-09-13 14:27:24','2016-09-13 14:27:24');
INSERT INTO classfeature (id, name, description, featUsage, parentId, nbUse, restType, replaceFeatId, version, created, updated) VALUES (52,'Puissance indomptable','Si le résultat d''un de vos jets de Force est inférieur à votre valeur de Force, vous pouvez utiliser votre valeur de Force à la place de votre résultat.','PASSIVE',NULL,NULL,NULL,NULL,1,'2016-09-13 14:27:57','2016-09-13 14:27:57');
INSERT INTO classfeature (id, name, description, featUsage, parentId, nbUse, restType, replaceFeatId, version, created, updated) VALUES (53,'Champion primitif','Vous êtes l''incarnation de la puissance du monde sauvage. Vos valeurs de Force et de Constitution augmentent de 4. Votre maximum dans ces valeurs de caractéristique est maintenant de 24.','PASSIVE',NULL,NULL,NULL,NULL,1,'2016-09-13 14:28:30','2016-09-13 14:28:30');
INSERT INTO classfeature (id, name, description, featUsage, parentId, nbUse, restType, replaceFeatId, version, created, updated) VALUES (54,'Frénésie','Vous pouvez choisir de sombrer dans un état de frénésie au cours de votre rage. Si vous le faites, pour la durée de votre rage, vous pouvez effectuer une unique attaque d''arme de corps à corps en utilisant une action bonus à chacun de vos tours après celui-ci. Lorsque votre rage se termine, vous subissez un niveau d''épuisement.','ACTION',NULL,NULL,NULL,NULL,1,'2016-09-14 09:23:50','2016-09-14 09:23:50');
INSERT INTO classfeature (id, name, description, featUsage, parentId, nbUse, restType, replaceFeatId, version, created, updated) VALUES (55,'Rage inébranlable','Vous ne pouvez pas être charmé ou effrayé tant que vous êtes en rage. Si vous êtes déjà charmé ou effrayé lorsque vous entrez en rage, l''effet est suspendu le temps de votre rage.','PASSIVE',NULL,NULL,NULL,NULL,1,'2016-09-14 09:24:14','2016-09-14 09:24:14');
INSERT INTO classfeature (id, name, description, featUsage, parentId, nbUse, restType, replaceFeatId, version, created, updated) VALUES (56,'Présence intimidante','Vous pouvez utiliser votre action pour effrayer quelqu''un avec votre présence effrayante. Pour ce faire, choisissez une créature que vous pouvez voir à 30 pieds maximum de vous. Si la créature peut vous voir ou vous entendre, elle doit réussir un jet de sauvegarde de Sagesse (DD égal à 8 + votre bonus de maîtrise + votre modificateur de Charisme) sous peine d''être effrayée par vous jusqu''à la fin de votre prochain tour. Aux tours suivants, vous pouvez utiliser votre action pour augmenter d''un tour supplémentaire la durée de cet effet sur la créature effrayée. Cet effet se termine si la créature finit son tour hors de votre ligne de vue ou qu''elle se trouve à plus de 60 pieds de vous. Si la créature réussit son jet de sauvegarde, vous ne pouvez plus utiliser cette capacité contre elle durant 24 heures.','ACTION',NULL,NULL,NULL,NULL,1,'2016-09-14 09:25:21','2016-09-14 09:25:21');
INSERT INTO classfeature (id, name, description, featUsage, parentId, nbUse, restType, replaceFeatId, version, created, updated) VALUES (57,'Représailles','Lorsque vous subissez des dégâts d''une créature située à 5 pieds de vous, vous pouvez utiliser votre réaction pour effectuer une attaque d''arme de corps à corps contre cette créature.','REACTION',NULL,NULL,NULL,NULL,1,'2016-09-14 09:25:55','2016-09-14 09:25:55');
INSERT INTO classfeature (id, name, description, featUsage, parentId, nbUse, restType, replaceFeatId, version, created, updated) VALUES (58,'Esprit chercheur','Une voie qui cherche à vous initier au monde naturel, vous affiliant aux bêtes, est faite pour vous. Lorsque vous adoptez cette voie, vous obtenez la capacité de lancer les sorts sens bestial et compréhension animale.','PASSIVE',NULL,NULL,NULL,NULL,1,'2016-09-14 09:27:06','2016-09-14 09:27:06');
INSERT INTO classfeature (id, name, description, featUsage, parentId, nbUse, restType, replaceFeatId, version, created, updated) VALUES (59,'Esprit totem','Lorsque vous adoptez cette voie, vous choisissez un esprit totem et obtenez les avantages associés. Vous devez fabriquer ou obtenir un objet totem - une amulette ou un ornement similaire - constitué d''os, de poils, de griffes, de plumes ou de dents de votre animal totem. Si vous le souhaitez, vous pouvez également obtenir un attribut physique mineur qui rappelle votre esprit totem. Par exemple, si vous avez choisi l''ours comme esprit totem, vous pourriez être incroyablement poilu et avoir la peau épaisse, ou si votre totem est l''aigle, vos yeux pourraient virer au jaune. Votre animal totem devrait être un animal correspondant à l''un de ceux listés ci-dessous ou s''en approchant mais dont l''espèce est plus appropriée à votre pays d''origine (un vautour ou un faucon à la place d''un aigle par exemple).\n\nOurs. Lorsque vous êtes en rage, vous avez la résistance à tous les types de dégâts sauf aux dégâts psychiques. L''esprit de l''ours vous rend suffisamment coriace pour résister à n''importe quel châtiment.\n\nAigle. Lorsque vous êtes en rage et ne portez pas d''armure lourde, les autres créatures ont un désavantage lors des attaques d''opportunité qu''elles effectuent contre vous, et vous pouvez utiliser l''action Courir en tant qu''action bonus lors de votre tour. L''esprit de l''aigle fait de vous un prédateur capable de circuler dans la mêlée avec aisance.\n\nLoup. Lorsque vous êtes en rage, vos alliés ont l''avantage aux jets d''attaques de corps à corps effectués contre toute créature située à 5 pieds de vous et qui vous sont hostiles. L''esprit du loup fait de vous le chef des chasseurs.','PASSIVE',NULL,NULL,NULL,NULL,1,'2016-09-14 09:28:19','2016-09-14 09:28:19');
INSERT INTO classfeature (id, name, description, featUsage, parentId, nbUse, restType, replaceFeatId, version, created, updated) VALUES (60,'Aspect de la bête','Vous obtenez un bénéfice magique dépendant de l''animal totem de votre choix. Vous pouvez choisir le même animal que celui sélectionné au niveau 3 ou en prendre un différent.\n\nOurs. Vous gagnez la puissance de l''ours. Votre capacité de charge (dont votre chargement maximal et votre capacité à soulever des objets) est doublée et vous obtenez l''avantage aux jets de Force effectués pour pousser, soulever, tirer ou briser des objets.\n\nAigle. Vous gagnez la vision de l''aigle. Vous pouvez voir jusqu''à 1,5 km sans difficulté, capable de discerner même les plus fins détails comme si vous regardiez quelque chose à 100 pieds de vous. De plus, une faible luminosité n''impose pas un désavantage à vos jets de Sagesse (Perception).\n\nLoup. Vous gagnez les sens de chasseur d''un loup. Vous pouvez pister les autres créatures lorsque vous voyagez à un rythme rapide et vous pouvez vous déplacer discrètement lorsque vous voyagez à un rythme normal','PASSIVE',NULL,NULL,NULL,NULL,1,'2016-09-14 09:29:40','2016-09-14 09:29:40');
INSERT INTO classfeature (id, name, description, featUsage, parentId, nbUse, restType, replaceFeatId, version, created, updated) VALUES (61,'Communion avec la nature','Vous pouvez lancer le sort communion avec la nature. Lorsque vous le lancez, une version spirituelle de l''un des animaux que vous avez choisis avec Esprit totem ou Aspect de la bête apparaît et vous donne l''information que vous recherchez.','PASSIVE',NULL,NULL,NULL,NULL,1,'2016-09-14 09:30:28','2016-09-14 09:30:28');
INSERT INTO classfeature (id, name, description, featUsage, parentId, nbUse, restType, replaceFeatId, version, created, updated) VALUES (62,'Lien totémique','vous obtenez un bénéfice magique correspondant à l''animal totem de votre choix. Vous pouvez choisir un animal que vous avez précédemment sélectionné ou en prendre un nouveau.\n\nOurs. Lorsque vous êtes en rage, toute créature située à 5 pieds de vous, et qui vous est hostile, a un désavantage aux jets d''attaque effectué contre une cible autre que vous, ou tout personnage avec cette capacité. Un ennemi est immunisé à cet effet s''il ne peut pas vous voir ou vous entendre ou qu''il ne peut pas être effrayé.\n\nAigle. Lorsque vous êtes en rage, vous obtenez une vitesse de vol égale à votre vitesse actuelle de déplacement à pied. Cette capacité fonctionne uniquement sur de cours déplacements ; vous tombez si vous terminez votre tour dans les airs et que rien d''autre ne vous maintient en hauteur.\n\nLoup. Lorsque vous êtes en rage vous pouvez utiliser une action bonus lors de votre tour pour mettre à terre une créature de taille G ou inférieure que vous avez touchée lors d''une attaque d''arme de corps à corps.','PASSIVE',NULL,NULL,NULL,NULL,1,'2016-09-14 09:31:38','2016-09-14 09:31:38');
INSERT INTO classfeature (id, name, description, featUsage, parentId, nbUse, restType, replaceFeatId, version, created, updated) VALUES (64,'Touche-à-tout','Vous pouvez ajouter la moitié de votre bonus de maîtrise (arrondi au chiffre inférieur) à tout jet de caractéristique qui n''applique pas déjà votre bonus de maîtrise.','PASSIVE',NULL,NULL,NULL,NULL,3,'2016-09-19 08:04:34','2016-11-21 08:43:23');
INSERT INTO classfeature (id, name, description, featUsage, parentId, nbUse, restType, replaceFeatId, version, created, updated) VALUES (65,'Chant de repos d6','Vous pouvez utiliser de la musique ou une oraison apaisante lors d''un repos court pour aider à revitaliser vos alliés blessés. Si vous ou toute créature amie qui peut entendre votre représentation récupérez des points de vie à la fin d''un repos court, chacune de ces créatures récupère 1d6 points de vie supplémentaires.','ACTION',NULL,NULL,NULL,NULL,2,'2016-09-19 08:05:12','2016-11-21 09:01:35');
INSERT INTO classfeature (id, name, description, featUsage, parentId, nbUse, restType, replaceFeatId, version, created, updated) VALUES (66,'Expertise','Choisissez deux compétences que vous maîtrisez. Votre bonus de maîtrise est doublé pour tout jet de caractéristique que vous faites et qui implique une de ces deux compétences. Au niveau 10, vous pouvez choisir deux autres compétences maîtrisées et obtenir le même avantage.','PASSIVE',NULL,NULL,NULL,NULL,1,'2016-09-19 08:05:51','2016-09-19 08:05:51');
INSERT INTO classfeature (id, name, description, featUsage, parentId, nbUse, restType, replaceFeatId, version, created, updated) VALUES (67,'Source d''inspiration','Vous regagnez vos Inspirations bardiques utilisées lorsque vous terminez un repos court ou long.','PASSIVE',NULL,NULL,NULL,NULL,1,'2016-09-19 08:06:21','2016-09-19 08:06:21');
INSERT INTO classfeature (id, name, description, featUsage, parentId, nbUse, restType, replaceFeatId, version, created, updated) VALUES (68,'Contre charme','Vous gagnez la possibilité d''utiliser des notes de musique ou des mots de pouvoir pour perturber les effets qui affectent la pensée. Par une action, vous pouvez commencer une représentation qui durera jusqu''à la fin de votre prochain tour. Pendant ce temps, vous et toute créature amie dans un rayon de 30 pieds autour de vous avez avantage aux jets de sauvegarde contre le fait d''être effrayé ou charmé. Une créature doit être en mesure de vous entendre pour obtenir cet avantage. La représentation se termine plus tôt si vous êtes incapable d''agir ou réduit au silence, ou si vous y mettez volontairement un terme (aucune action n''est requise pour cela).','ACTION',NULL,NULL,NULL,NULL,1,'2016-09-19 08:07:10','2016-09-19 08:07:10');
INSERT INTO classfeature (id, name, description, featUsage, parentId, nbUse, restType, replaceFeatId, version, created, updated) VALUES (69,'Secrets magiques','Vous avez récupéré des connaissances magiques à partir d''un large éventail de disciplines. Choisissez deux sorts de n''importe quelle classe, y compris de barde. Les sorts choisis doivent être d''un niveau que vous pouvez lancer, comme le montre la table du barde, ou être des sorts mineurs. Les sorts choisis comptent comme des sorts de barde pour vous, et comptent dans la colonne des Sorts connus de la table du barde.','PASSIVE',NULL,NULL,NULL,NULL,2,'2016-09-19 08:08:30','2016-11-21 09:05:32');
INSERT INTO classfeature (id, name, description, featUsage, parentId, nbUse, restType, replaceFeatId, version, created, updated) VALUES (70,'Inspiration supérieure','Quand vous jetez l''initiative et n''avez plus d''Inspiration bardique, vous regagnez une utilisation.','PASSIVE',NULL,NULL,NULL,NULL,1,'2016-09-19 08:08:51','2016-09-19 08:08:51');
INSERT INTO classfeature (id, name, description, featUsage, parentId, nbUse, restType, replaceFeatId, version, created, updated) VALUES (71,'Maîtrises additionnelles (compétence)','Lorsque vous rejoignez le collège des Connaissances, vous gagnez la maîtrise des trois compétences de votre choix.','PASSIVE',NULL,NULL,NULL,NULL,2,'2016-09-19 08:09:31','2016-09-19 08:12:24');
INSERT INTO classfeature (id, name, description, featUsage, parentId, nbUse, restType, replaceFeatId, version, created, updated) VALUES (72,'Mots tranchants','Vous apprenez à utiliser votre esprit pour détourner l''attention ou semer la confusion, ainsi qu''à saper la confiance et la compétence des autres. Quand une créature que vous pouvez voir dans un rayon de 60 pieds autour de vous fait un jet d''attaque, de caractéristique ou de dégâts, vous pouvez utiliser votre réaction pour dépenser une utilisation d''Inspiration bardique et soustraire votre jet du résultat de la cible. Vous pouvez choisir d''utiliser cette capacité après que la créature ait fait son jet, mais vous devez le faire avant que le MD ne dise si son jet est un succès ou un échec, ou avant que la créature inflige ses dégâts. La créature est immunisée si elle ne peut pas vous entendre ou si les charmes ne l''affectent pas.','PASSIVE',NULL,NULL,NULL,NULL,1,'2016-09-19 08:10:08','2016-09-19 08:10:08');
INSERT INTO classfeature (id, name, description, featUsage, parentId, nbUse, restType, replaceFeatId, version, created, updated) VALUES (73,'Secrets magiques additionnels','Vous apprenez deux sorts de votre choix de n''importe quelle classe. Les sorts choisis doivent être d''un niveau que vous pouvez lancer, comme le montre la table du barde, ou être des sorts mineurs. Les sorts choisis comptent comme des sorts de barde pour vous, mais ne comptent pas pour le nombre de sorts de barde connus.','PASSIVE',NULL,NULL,NULL,NULL,1,'2016-09-19 08:10:33','2016-09-19 08:10:33');
INSERT INTO classfeature (id, name, description, featUsage, parentId, nbUse, restType, replaceFeatId, version, created, updated) VALUES (74,'Compétences hors pair','Quand vous faites un jet de caractéristique, vous pouvez utiliser une Inspiration bardique. Lancez le dé d''Inspiration bardique et ajoutez le résultat à votre jet de caractéristique. Vous pouvez choisir de le faire après avoir fait votre jet de votre caractéristique, mais vous devez le faire avant que le MD ne vous indique si vous réussissez ou échouez.','PASSIVE',NULL,NULL,NULL,NULL,1,'2016-09-19 08:11:16','2016-09-19 08:11:16');
INSERT INTO classfeature (id, name, description, featUsage, parentId, nbUse, restType, replaceFeatId, version, created, updated) VALUES (75,'Maîtrises additionnelles (arme/armure)','Lorsque vous rejoignez le collège de la Valeur, vous gagnez la maîtrise des armures intermédiaires, des boucliers et des armes de guerre.','PASSIVE',NULL,NULL,NULL,NULL,1,'2016-09-19 08:13:01','2016-09-19 08:13:01');
INSERT INTO classfeature (id, name, description, featUsage, parentId, nbUse, restType, replaceFeatId, version, created, updated) VALUES (76,'Inspiration de combat','Vous apprenez à inspirer les autres dans la bataille. Une créature qui a un dé d''Inspiration bardique de votre part peut jeter ce dé et ajouter le résultat au jet de dégâts d''une arme qu''elle vient de faire. Ou bien, quand un jet d''attaque est fait contre cette créature, elle peut utiliser sa réaction pour jeter le dé d''Inspiration Bardes et ajouter le résultat à sa CA contre cette attaque, après avoir vu le jet mais avant de savoir si elle touche ou non.','REACTION',NULL,NULL,NULL,NULL,1,'2016-09-19 08:14:40','2016-09-19 08:14:40');
INSERT INTO classfeature (id, name, description, featUsage, parentId, nbUse, restType, replaceFeatId, version, created, updated) VALUES (77,'Magie de bataille','Vous maîtrisez l''art de tisser les sorts et d''utiliser une arme en un seul acte harmonieux. Lorsque vous utilisez votre action pour lancer un sort de barde, vous pouvez faire une attaque avec une arme en tant qu''action bonus.','PASSIVE',NULL,NULL,NULL,NULL,1,'2016-09-19 08:15:20','2016-09-19 08:15:20');
INSERT INTO classfeature (id, name, description, featUsage, parentId, nbUse, restType, replaceFeatId, version, created, updated) VALUES (78,'Renvoi de morts-vivants 1','Au prix d''une action, vous présentez votre symbole sacré en psalmodiant une prière contre les morts-vivants. Chaque mort-vivant qui peut vous voir ou vous entendre et qui se trouve à 30 pieds ou moins de vous doit effectuer un jet de sauvegarde de Sagesse. Si la créature rate son jet de sauvegarde, elle est renvoyée pendant 1 minute ou jusqu''à ce qu''elle prenne des dégâts.\n\nUne créature renvoyée doit passer ses actions à essayer de s''éloigner le plus loin possible de vous et ne peut volontairement se rapprocher à moins de 30 pieds de vous. Elle ne peut pas avoir de réactions et peut utiliser ses actions seulement pour courir ou essayer de s''échapper d''un effet immobilisant. S''il n''y a nulle part où aller, la créature peut utiliser l''action d''esquive.','ACTION',NULL,1,'SHORT',NULL,2,'2016-09-19 08:19:48','2016-11-21 19:57:40');
INSERT INTO classfeature (id, name, description, featUsage, parentId, nbUse, restType, replaceFeatId, version, created, updated) VALUES (79,'Destruction de morts-vivants CR 1/2','Quand un mort-vivant rate son jet de sauvegarde contre votre capacité de Renvoi de morts-vivants, la créature est immédiatement détruite si son CR est égal ou inférieur à 1/2.\n','PASSIVE',NULL,NULL,NULL,NULL,2,'2016-09-19 08:21:12','2016-11-21 20:00:59');
INSERT INTO classfeature (id, name, description, featUsage, parentId, nbUse, restType, replaceFeatId, version, created, updated) VALUES (80,'Intervention divine','Vous pouvez faire appel à votre divinité pour qu''elle intervienne en cas de besoin réel. Implorer l''aide de votre divinité vous oblige à utiliser votre action. Décrivez l''aide que vous recherchez, et lancez 1d100. Si vous obtenez un nombre égal ou inférieur à votre niveau de clerc, votre divinité intervient. Le MD choisit la nature de l''intervention ; l''effet d''un sort de clerc ou d''un sort de domaine est approprié. Si votre divinité intervient, vous ne pouvez plus utiliser cette capacité durant les 7 prochains jours. Dans le cas contraire, vous pouvez l''utiliser à nouveau après avoir terminé un repos long.','ACTION',NULL,1,'LONG',NULL,2,'2016-09-19 08:21:58','2016-11-21 20:04:44');
INSERT INTO classfeature (id, name, description, featUsage, parentId, nbUse, restType, replaceFeatId, version, created, updated) VALUES (81,'Maîtrise additionnelle (armure lourde)','Vous gagnez la maîtrise des armures lourdes.','PASSIVE',NULL,NULL,NULL,NULL,1,'2016-09-19 08:24:44','2016-09-19 08:24:44');
INSERT INTO classfeature (id, name, description, featUsage, parentId, nbUse, restType, replaceFeatId, version, created, updated) VALUES (82,'Disciple de la vie','Vos sorts de soins sont plus efficaces. Chaque fois que vous utilisez un sort de niveau 1 ou supérieur pour redonner des points de vie à une créature, la créature regagne un nombre de points de vie additionnel égal à 2 + le niveau du sort.','PASSIVE',NULL,NULL,NULL,NULL,1,'2016-09-19 08:25:24','2016-09-19 08:25:24');
INSERT INTO classfeature (id, name, description, featUsage, parentId, nbUse, restType, replaceFeatId, version, created, updated) VALUES (83,'Canalisation divine : préservation de vie 1','Vous pouvez utiliser votre Canalisation divine pour soigner des blessures graves. Au prix d''une action, vous présentez votre symbole sacré et invoquez une énergie curative qui redonne un montant de points de vie égal à 5 fois votre niveau de clerc. Choisissez une ou plusieurs créatures à 30 pieds ou moins de vous, et divisez ces points entre elles. Cette capacité ne peut pas ramener une créature à plus de 50% de ses points de vie maximums, et elle ne fonctionne pas sur les morts-vivants et les créatures artificielles.  Vous pouvez utiliser ce don 1 fois avant un repose court ou long.','ACTION',NULL,1,'SHORT',NULL,3,'2016-09-19 08:26:02','2016-11-21 20:17:54');
INSERT INTO classfeature (id, name, description, featUsage, parentId, nbUse, restType, replaceFeatId, version, created, updated) VALUES (84,'Soigneur sacré','Les sorts de guérison que vous lancez sur les autres vous guérissent aussi. Lorsque vous lancez un sort de niveau 1 ou supérieur pour redonner des points de vie à une créature autre que vous-même, vous regagnez un nombre de points de vie égal à 2 + le niveau du sort.','PASSIVE',NULL,NULL,NULL,NULL,1,'2016-09-19 08:27:01','2016-09-19 08:27:01');
INSERT INTO classfeature (id, name, description, featUsage, parentId, nbUse, restType, replaceFeatId, version, created, updated) VALUES (85,'Frappe divine (vie 1)','Vous gagnez la possibilité d’imprégner votre arme d''énergie divine. Une fois par tour, lorsque vous touchez une créature avec une attaque armée, vous pouvez infliger 1d8 de dégâts supplémentaires de type radiant à la cible.','PASSIVE',NULL,NULL,NULL,NULL,3,'2016-09-19 08:27:35','2016-11-21 20:12:19');
INSERT INTO classfeature (id, name, description, featUsage, parentId, nbUse, restType, replaceFeatId, version, created, updated) VALUES (86,'Soins suprêmes','Quand vous auriez normalement dû lancer un ou plusieurs dés pour redonner des points de vie avec un sort, appliquez directement le maximum de chaque dé. Par exemple, au lieu de restaurer 2d6 points de vie à une créature, vous restaurez 12.','PASSIVE',NULL,NULL,NULL,NULL,1,'2016-09-19 08:28:01','2016-09-19 08:28:01');
INSERT INTO classfeature (id, name, description, featUsage, parentId, nbUse, restType, replaceFeatId, version, created, updated) VALUES (87,'Bénédiction de la connaissance','Vous apprenez deux langues de votre choix. Vous obtenez aussi la maîtrise de deux compétences de votre choix parmi les suivantes : Arcanes, Histoire, Nature ou Religion. Votre bonus de maîtrise est doublé pour les jets de caractéristiques utilisant une de ces compétences.','PASSIVE',NULL,NULL,NULL,NULL,1,'2016-09-19 08:28:44','2016-09-19 08:28:44');
INSERT INTO classfeature (id, name, description, featUsage, parentId, nbUse, restType, replaceFeatId, version, created, updated) VALUES (88,'Canalisation divine : connaissance des âges 1','Vous pouvez utiliser votre Canalisation divine pour tirer profit d’un puits de connaissance divin. Au prix d’une action, vous choisissez une compétence ou un outil. Pendant 10 minutes, vous obtenez la maîtrise de la compétence ou de l’outil choisi. Vous pouvez utiliser ce don 1 fois avant un repose court ou long.','ACTION',NULL,1,'SHORT',NULL,3,'2016-09-19 08:29:16','2016-11-21 20:17:30');
INSERT INTO classfeature (id, name, description, featUsage, parentId, nbUse, restType, replaceFeatId, version, created, updated) VALUES (89,'Canalisation divine : lecture des pensées 1','Vous pouvez utiliser votre Canalisation divine pour lire les pensées d’une créature. Vous pouvez ensuite avoir accès à l’esprit de la créature et la commander. Par une action, choisissez une créature que vous pouvez voir située à 18 mètres ou moins de vous. La créature doit effectuer un jet de sauvegarde de Sagesse. Si la créature le réussi, vous ne pouvez réutiliser cette capacité sur la créature qu’après avoir terminé un repos long. Si la créature échoue, vous pouvez lire la surface de ses pensées (celles les plus en vue dans son esprit, représentant ses émotions et ce à quoi elle pense actuellement) lorsqu’elle est à 60 pieds ou moins de vous. Cet effet dure une minute. Pendant cette durée, vous pouvez utiliser votre action pour mettre fin à cet effet et lancer le sort suggestion à la créature sans consommer d’emplacement de sort. La créature échoue automatiquement son jet de sauvegarde contre ce sort.','ACTION',NULL,2,'LONG',NULL,3,'2016-09-19 08:29:56','2016-11-21 20:31:10');
INSERT INTO classfeature (id, name, description, featUsage, parentId, nbUse, restType, replaceFeatId, version, created, updated) VALUES (90,'Incantation puissante','Vous ajoutez votre modificateur de Sagesse aux dégâts que vous infligez avec tous sorts mineurs de clerc.','PASSIVE',NULL,NULL,NULL,NULL,1,'2016-09-19 08:30:19','2016-09-19 08:30:19');
INSERT INTO classfeature (id, name, description, featUsage, parentId, nbUse, restType, replaceFeatId, version, created, updated) VALUES (91,'Visions du passé','Vous pouvez rappeler les visions du passé en relation avec un objet que vous tenez, ou proche de vous. Vous passez au moins une minute à prier et à méditer, puis vous recevez sous forme de rêve de vagues aperçus des événements récents. Vous pouvez méditer de cette manière un nombre de minutes égal votre valeur de Sagesse et devez maintenir votre concentration comme pour lancer un sort. Une fois que vous avez utilisé cette capacité, vous ne pouvez plus l’utiliser jusqu’à ce vous terminiez un repos court ou long.\n\nLecture d’un objet. Si vous tenez un objet lorsque vous méditez, vous pouvez voir des visions de son précédent propriétaire. Après 1 minute de médiation, vous apprenez comment son propriétaire a acquis et perdu l’objet, ainsi que les événements importants les plus récents concernant cet objet et ce propriétaire. Si l’objet a appartenu à une autre créature dans un passé récent (un nombre de jours égal à votre valeur de Sagesse), vous pouvez passer 1 minute supplémentaire pour chaque possesseur de l’objet afin d’apprendre les mêmes informations sur ces créatures.\n\nLecture d’une zone. Pendant que vous méditez, vous observez des visions des environs proches (une salle, une rue, un tunnel, une clairière ou autre, d’une taille maximale d’un cube de 15 mètres d’arrête) jusqu''à un nombre de jours passés égal à votre valeur de Sagesse. Pour chaque minute passée à méditer, vous apprenez des informations sur un événement important, en commençant par le plus récent. Ces événements incluent de fortes émotions telles que des batailles ou des trahisons, mariages ou meurtres, naissances et funérailles. Cependant, ils peuvent aussi inclure des événements sans importance qui sont néanmoins important dans votre situation actuelle.','ACTION',NULL,1,'SHORT',NULL,2,'2016-09-19 08:31:04','2016-11-21 20:30:57');
INSERT INTO classfeature (id, name, description, featUsage, parentId, nbUse, restType, replaceFeatId, version, created, updated) VALUES (92,'Bénédiction du filou','Vous pouvez utiliser votre action pour toucher une créature consentante (autre que vous-même) et lui donner un avantage aux jets de Dextérité (Discrétion). Cette bénédiction dure pendant 1 heure, ou jusqu''à ce que vous utilisiez cette capacité à nouveau.','ACTION',NULL,NULL,NULL,NULL,1,'2016-09-19 08:31:34','2016-09-19 08:31:34');
INSERT INTO classfeature (id, name, description, featUsage, parentId, nbUse, restType, replaceFeatId, version, created, updated) VALUES (93,'Canalisation divine : invocation de duplicité 1','Vous pouvez utiliser votre Canalisation divine pour créer une copie illusoire de vous-même. Par une action, vous créez une illusion parfaite de vous-même qui dure pendant 1 minute, ou jusqu''à ce que vous perdiez votre concentration (comme si vous étiez concentré sur un sort). L''illusion apparaît dans un espace inoccupé que vous pouvez voir dans un rayon de 30 pieds autour de vous. Par une action bonus à votre tour, vous pouvez déplacer l''illusion jusqu''à 30 pieds, dans un espace que vous pouvez, et sans l''éloigner de plus de 120 pieds de vous. Durant ce temps, vous pouvez lancer des sorts comme si vous étiez dans l''espace de l''illusion, mais vous devez utiliser vos propres sens. En outre, lorsque vous et votre illusion êtes à 5 pieds mètre ou moins d''une créature qui peut voir l''illusion, vous avez l''avantage aux jets d''attaque contre cette créature, l''illusion distrayant la cible.  Vous pouvez utiliser ce don 1 fois avant un repose court ou long.','ACTION',NULL,1,'SHORT',NULL,2,'2016-09-19 08:32:57','2016-11-21 20:19:39');
INSERT INTO classfeature (id, name, description, featUsage, parentId, nbUse, restType, replaceFeatId, version, created, updated) VALUES (94,'Canalisation divine : manteau d''ombres 1','Vous pouvez utiliser votre Canalisation divine pour disparaître. Par une action, vous devenez invisible jusqu''à la fin de votre prochain tour. Vous redevenez visible si vous attaquez ou lancez un sort. Vous pouvez utiliser ce don 2 fois avant un repose court ou long.','ACTION',NULL,2,'SHORT',NULL,3,'2016-09-19 08:33:26','2016-11-21 20:28:42');
INSERT INTO classfeature (id, name, description, featUsage, parentId, nbUse, restType, replaceFeatId, version, created, updated) VALUES (95,'Frappe divine (ruse)','Vous gagnez la possibilité d’imprégner votre arme de poison, un cadeau de votre divinité. Une fois à chacun de vos tours, lorsque vous touchez une créature avec une attaque d''arme, vous pouvez infliger 1d8 de dégâts de poison supplémentaires. Lorsque vous atteignez le niveau 14, les dégâts supplémentaires passent à 2d8.','PASSIVE',NULL,NULL,NULL,NULL,1,'2016-09-19 08:36:48','2016-09-19 08:36:48');
INSERT INTO classfeature (id, name, description, featUsage, parentId, nbUse, restType, replaceFeatId, version, created, updated) VALUES (96,'Duplicité améliorée','Vous pouvez créer jusqu''à quatre doublons de vous-même, au lieu d''un, lorsque vous utilisez Invocation de duplicité. Par une action bonus à votre tour, vous pouvez déplacer un certain nombre d''entre eux jusqu''à 30 pieds, et sans les éloigner de plus de 120 pieds de vous.','PASSIVE',NULL,NULL,NULL,NULL,1,'2016-09-19 09:04:43','2016-09-19 09:04:43');
INSERT INTO classfeature (id, name, description, featUsage, parentId, nbUse, restType, replaceFeatId, version, created, updated) VALUES (97,'Maîtrises additionnelles (armes martiales/armures lourdes)','Vous gagnez la maîtrise des armes de guerres et des armures lourdes.','PASSIVE',NULL,NULL,NULL,NULL,1,'2016-09-19 13:40:19','2016-09-19 13:40:19');
INSERT INTO classfeature (id, name, description, featUsage, parentId, nbUse, restType, replaceFeatId, version, created, updated) VALUES (98,'Prêtre de guerre','Votre dieu vous inspire lors des combats. Lorsque vous utilisez l’action Attaquer, vous pouvez faire une attaque avec une arme en tant qu’action bonus. Vous pouvez utiliser cette capacité un nombre de fois égal à votre modificateur de Sagesse (minimum 1). Vous regagnez les attaques utilisées à la fin d’un repos long.','PASSIVE',NULL,1,'LONG',NULL,3,'2016-09-19 13:41:24','2016-11-21 20:32:15');
INSERT INTO classfeature (id, name, description, featUsage, parentId, nbUse, restType, replaceFeatId, version, created, updated) VALUES (99,'Canalisation divine : coup au but 1','Vous pouvez utiliser votre Canalisation divine pour frapper avec une grande précision. Lorsque vous faites un jet d’attaque, vous pouvez utilisez votre Canalisation divine pour gagner un bonus de +10 au jet. ','ACTION',NULL,1,'SHORT',NULL,2,'2016-09-19 13:42:33','2016-11-21 20:33:23');
INSERT INTO classfeature (id, name, description, featUsage, parentId, nbUse, restType, replaceFeatId, version, created, updated) VALUES (100,'Canalisation divine : bénédiction du dieu de la Guerre 1','Lorsqu''une créature dans un rayon de 30 pieds autour de vous fait un jet d’attaque, vous pouvez utiliser votre réaction pour faire bénéficier cette créature d’un bonus de +10 à son jet, en utilisant votre Canalisation divine.','REACTION',NULL,2,'SHORT',NULL,2,'2016-09-19 13:43:27','2016-11-21 20:36:10');
INSERT INTO classfeature (id, name, description, featUsage, parentId, nbUse, restType, replaceFeatId, version, created, updated) VALUES (101,'Frappe divine (guerre 1)','Vous gagnez la possibilité d’imprégner votre arme d’énergie divine. Une fois à chacun de vos tours, lorsque vous touchez une créature avec une attaque d''arme, vous pouvez infliger 1d8 de dégâts supplémentaires du même type que celui de votre arme.','ACTION',NULL,NULL,NULL,NULL,2,'2016-09-19 13:45:15','2016-11-21 20:37:59');
INSERT INTO classfeature (id, name, description, featUsage, parentId, nbUse, restType, replaceFeatId, version, created, updated) VALUES (102,'Avatar de bataille','Vous obtenez la résistance aux dégâts contondants, perforants et tranchants de toute arme non magique.','PASSIVE',NULL,NULL,NULL,NULL,1,'2016-09-19 13:45:40','2016-09-19 13:45:40');
INSERT INTO classfeature (id, name, description, featUsage, parentId, nbUse, restType, replaceFeatId, version, created, updated) VALUES (103,'Sort lumière bonus','Vous gagnez le sort mineur lumière si vous ne le connaissez pas déjà.','PASSIVE',NULL,NULL,NULL,NULL,1,'2016-09-19 13:46:39','2016-09-19 13:46:39');
INSERT INTO classfeature (id, name, description, featUsage, parentId, nbUse, restType, replaceFeatId, version, created, updated) VALUES (104,'Flamme gardienne','Vous pouvez interposer une lumière divine entre vous et un ennemi qui attaque. Lorsque vous êtes attaqué par une créature située à 30 pieds ou moins de vous et que vous pouvez voir, vous pouvez utiliser votre réaction pour imposer un désavantage à son jet d''attaque, en faisant éclater une lumière avant qu''il touche ou rate. Un attaquant qui ne peut pas être aveuglé est immunisé face à cette capacité. Vous pouvez utiliser cette capacité un nombre de fois égal à votre modificateur de Sagesse (minimum une fois). Vous en retrouver toutes les utilisations dépensées lorsque vous terminez un repos long.','REACTION',NULL,1,'LONG',NULL,3,'2016-09-19 13:47:08','2016-11-21 20:39:24');
INSERT INTO classfeature (id, name, description, featUsage, parentId, nbUse, restType, replaceFeatId, version, created, updated) VALUES (105,'Canalisation divine : radiance de l''aube 1','Vous pouvez utiliser votre Canalisation divine pour exploiter la lumière du soleil, bannissant les ténèbres et infligeant des dégâts radiants à vos ennemis. Par une action, vous présentez votre symbole sacré et toutes les ténèbres magiques dans un rayon de 30 pieds autour de vous sont dissipées. En outre, chaque créature hostile dans un rayon de 30 pieds autour de vous doit réaliser un jet de sauvegarde de Constitution. Une créature prend 2d10 + votre niveau de clerc de dégâts radiants en cas d''échec, ou la moitié de ces dégâts en cas de réussite. Une créature qui dispose d''une couverture totale vis à vis de vous n''est pas affectée.','ACTION',NULL,1,'SHORT',NULL,2,'2016-09-19 13:48:01','2016-11-21 21:10:40');
INSERT INTO classfeature (id, name, description, featUsage, parentId, nbUse, restType, replaceFeatId, version, created, updated) VALUES (106,'Flamme gardienne améliorée','Vous pouvez interposer une lumière divine entre vous et un ennemi qui attaque. Lorsque vous êtes attaqué ou une autre personne est attaquée par une créature située à 30 pieds ou moins de vous et que vous pouvez voir, vous pouvez utiliser votre réaction pour imposer un désavantage à son jet d''attaque, en faisant éclater une lumière avant qu''il touche ou rate. Un attaquant qui ne peut pas être aveuglé est immunisé face à cette capacité. Vous pouvez utiliser cette capacité un nombre de fois égal à votre modificateur de Sagesse (minimum une fois). Vous en retrouver toutes les utilisations dépensées lorsque vous terminez un repos long.','REACTION',NULL,1,'LONG',104,2,'2016-09-19 13:49:44','2016-11-21 20:43:22');
INSERT INTO classfeature (id, name, description, featUsage, parentId, nbUse, restType, replaceFeatId, version, created, updated) VALUES (109,'Couronne de lumière','Vous pouvez utiliser votre action pour activer une aura de lumière du soleil qui dure pendant 1 minute, ou jusqu''à ce que vous la rejetiez à l''aide d''une autre action. Vous émettez une lumière vive dans un rayon de 60 pieds et une lumière faible sur 30 pieds supplémentaires. Vos ennemis dans la zone de lumière vive ont un désavantage aux jets de sauvegarde contre tout sort qui inflige des dégâts de feu ou des dégâts radiants.','ACTION',NULL,NULL,NULL,NULL,1,'2016-09-19 13:53:12','2016-09-19 13:53:12');
INSERT INTO classfeature (id, name, description, featUsage, parentId, nbUse, restType, replaceFeatId, version, created, updated) VALUES (110,'Acolyte de la Nature','Vous apprenez un sort mineur de druide de votre choix. Vous gagnez également la maîtrise d''une des compétences suivantes de votre choix : Dressage, Nature ou Survie.','PASSIVE',NULL,NULL,NULL,NULL,1,'2016-09-19 13:53:47','2016-09-19 13:53:47');
INSERT INTO classfeature (id, name, description, featUsage, parentId, nbUse, restType, replaceFeatId, version, created, updated) VALUES (111,'Canalisation divine : charme des animaux et des plantes','Vous pouvez utiliser votre Canalisation divine pour charmer des animaux et de plantes. Par une action, vous présentez votre symbole sacré et invoquez le nom de votre divinité. Chaque créature du type bête ou plante qui peut vous voir et qui se situe dans un rayon de 30 pieds autour de vous doit réaliser un jet de sauvegarde de Sagesse. Si la créature rate son jet de sauvegarde, vous la charmez pendant 1 minute, ou jusqu''à ce qu''elle subisse des dégâts. Tant que vous la charmez, elle est amicale envers vous et toutes autres créatures que vous désignez.','ACTION',NULL,NULL,NULL,NULL,1,'2016-09-19 13:54:56','2016-09-19 13:54:56');
INSERT INTO classfeature (id, name, description, featUsage, parentId, nbUse, restType, replaceFeatId, version, created, updated) VALUES (112,'Affaiblissement des éléments','Lorsque vous ou une créature située à 30 pieds ou moins de vous prend des dégâts d''acide, de froid, de feu, de foudre ou de tonnerre, vous pouvez utiliser votre réaction pour accorder à la créature une résistance à ce type de dégâts.','REACTION',NULL,NULL,NULL,NULL,1,'2016-09-19 13:55:28','2016-09-19 13:55:28');
INSERT INTO classfeature (id, name, description, featUsage, parentId, nbUse, restType, replaceFeatId, version, created, updated) VALUES (113,'Frappe divine (nature)','Vous gagnez la possibilité d’imprégner votre arme d’énergie divine. Une fois à chacun de vos tours, lorsque vous touchez une créature avec une attaque d''arme, vous pouvez infliger 1d8 de dégâts supplémentaires de froid, de feu ou de foudre (selon votre choix) à la cible. Lorsque vous atteignez le niveau 14, les dégâts supplémentaires passent à 2d8.','ACTION',NULL,NULL,NULL,NULL,1,'2016-09-19 13:56:16','2016-09-19 13:56:16');
INSERT INTO classfeature (id, name, description, featUsage, parentId, nbUse, restType, replaceFeatId, version, created, updated) VALUES (114,'Maître de la Nature','Vous gagnez la possibilité de commander les animaux et les créatures végétales. Lorsque des créatures sont charmées par votre capacité de Charme des animaux et des plantes, vous pouvez utiliser une action bonus à votre tour pour commander verbalement ces créatures et leur indiquer ce qu''elles doivent faire durant leur prochain tour.','ACTION',NULL,NULL,NULL,NULL,1,'2016-09-19 13:56:58','2016-09-19 13:56:58');
INSERT INTO classfeature (id, name, description, featUsage, parentId, nbUse, restType, replaceFeatId, version, created, updated) VALUES (115,'Colère de la Tempête','Vous pouvez réprimander vos attaquants avec la puissance du tonnerre. Lorsqu’une créature que vous pouvez voir dans un rayon de 5 pieds autour de vous vous touche, vous pouvez utiliser votre réaction pour obliger l’attaquant à effectuer un jet de sauvegarde de Dextérité. En cas d’échec, la créature subit 2d8 points de dégâts de foudre ou de tonnerre (selon votre choix), ou la moitié en cas de réussite. Vous pouvez utiliser cette capacité un nombre de fois égal à votre modificateur de Sagesse (minimum 1). Vous regagnez toutes vos charges après un repos long.','REACTION',NULL,NULL,NULL,NULL,1,'2016-09-19 13:58:07','2016-09-19 13:58:07');
INSERT INTO classfeature (id, name, description, featUsage, parentId, nbUse, restType, replaceFeatId, version, created, updated) VALUES (116,'Canalisation divine : colère destructrice','Vous pouvez utiliser votre Canalisation divine pour manier la puissance de la tempête avec une férocité incontrôlée. Lorsque vous infligez des dégâts de foudre ou de tonnerre, vous pouvez utiliser votre Canalisation divine pour effectuer des dégâts maximum au lieu de lancer des dés.','PASSIVE',NULL,NULL,NULL,NULL,1,'2016-09-19 13:58:39','2016-09-19 13:58:39');
INSERT INTO classfeature (id, name, description, featUsage, parentId, nbUse, restType, replaceFeatId, version, created, updated) VALUES (117,'Frappe de l''éclair','Lorsque vous infligez des dégâts de foudre à une créature de taille G ou inférieure, vous pouvez également la repousser à 10 pieds de vous.','PASSIVE',NULL,NULL,NULL,NULL,1,'2016-09-19 13:59:12','2016-09-19 13:59:12');
INSERT INTO classfeature (id, name, description, featUsage, parentId, nbUse, restType, replaceFeatId, version, created, updated) VALUES (118,'Frappe divine (tempête)','Vous gagnez la possibilité d’imprégner votre arme d’énergie divine. Une fois à chacun de vos tours, lorsque vous touchez une créature avec une attaque d''arme, vous pouvez infliger 1d8 de dégâts de tonnerre supplémentaires. Lorsque vous atteignez le niveau 14, les dégâts supplémentaires passent à 2d8.','ACTION',NULL,NULL,NULL,NULL,1,'2016-09-19 13:59:59','2016-09-19 13:59:59');
INSERT INTO classfeature (id, name, description, featUsage, parentId, nbUse, restType, replaceFeatId, version, created, updated) VALUES (119,'Fils de la tempête','Vous obtenez une vitesse de vol égale à votre vitesse de déplacement tant que vous n’êtes ni sous terre, ni dans un intérieur.','PASSIVE',NULL,NULL,NULL,NULL,1,'2016-09-19 14:00:34','2016-09-19 14:00:34');
INSERT INTO classfeature (id, name, description, featUsage, parentId, nbUse, restType, replaceFeatId, version, created, updated) VALUES (120,'Forme animale 1','Vous pouvez utiliser votre action pour prendre par magie la forme d''une bête que vous avez déjà vue auparavant. Vous pouvez utiliser ce pouvoir deux fois. Vous récupérez les utilisations dépensées après avoir effectué un repos court ou long.\n\nVous pouvez vous transformer en n''importe qu''elle bête ayant un facteur de puissance de 1/4 ou inférieur et qui n''a ni vitesse de vol ni vitesse de nage. Exemple : loup\n\nVous pouvez rester sous forme animale un nombre d''heures égal à la moitié de votre niveau de druide (arrondi à l''entier inférieur). Une fois le temps écoulé, vous reprenez votre forme normale à moins que vous ne dépensiez une nouvelle utilisation de cette capacité. Vous pouvez également revenir plus tôt à votre forme normale en utilisant votre action lors de votre tour de jeu. Vous revenez automatiquement à votre forme normale si vous tombez inconscient, si vous tombez à 0 point de vie ou si vous mourrez. Tant que vous êtes transformé, les règles suivantes s''appliquent :\n\nVos statistiques de jeu sont remplacées par celles de la bête, mais vous conservez votre alignement, votre personnalité et vos valeurs de Charisme, Intelligence et Sagesse. Vous conservez également vos maîtrises de jets de sauvegarde et de compétences, en plus de gagner celles de la créature. Si la créature a les mêmes maîtrises que vous et que son bonus dans ce bloc de statistique est supérieur au vôtre, utilisez son bonus. Si la créature possède des actions légendaires ou des actions de repaire, vous ne pouvez pas les utiliser.\n\nQuand vous vous transformez, vous endossez également les points de vie de la bête et ses dés de vie. Lorsque vous reprenez votre forme vous récupérez le nombre de points de vie que vous aviez avant votre transformation. De plus, si vous vous retransformez parce que vous êtes tombé à 0 point de vie, tous les dégâts supplémentaires sont encaissés par les points de vie de votre forme normale. Par exemple, si vous subissez 10 points de dégâts sous forme animale alors que vous n''aviez plus qu''un point de vie, vous retournez à votre forme normale et encaissez 9 points de dégâts. Tant que ces dégâts résiduels ne font pas tomber les points de vie de votre forme normale à 0, vous ne sombrez pas dans l''inconscience.\n\nVous ne pouvez pas lancer de sorts, et votre capacité à parler ou effectuer toute action qui nécessite des mains est limitée aux possibilités qu''offre votre forme animale. Toutefois, vous transformer ne brise pas votre concentration sur un sort que vous aviez déjà lancé, ni ne vous empêche d''utiliser une action pour rediriger un sort, comme le sort appel de la foudre, que vous auriez déjà lancé.\n\nVous conservez les bénéfices de toutes vos capacités de classe, de race, ou de n''importe quelle autre origine, et vous pouvez les utiliser si vous en êtes physiquement capable. Cependant, vous ne pouvez pas utiliser de sens spéciaux, comme la vision dans le noir, sauf si votre forme animale les possède également.\n\nVous choisissez si votre équipement tombe sur le sol, fusionne avec votre nouvelle forme ou est porté par votre nouvelle forme. L''équipement porté fonctionne correctement, mais le MD décide pour chaque pièce d''équipement s''il est possible pour votre nouvelle forme de la porter, en fonction de la morphologie et de la taille de la bête. Votre équipement ne change pas de taille ou de forme pour s''adapter à votre nouvelle forme, et tout l''équipement que la nouvelle forme ne peut pas porter tombe sur le sol ou fusionne avec vous. L''équipement qui fusionne avec la nouvelle forme n''a aucun effet tant que vous restez sous cette forme.','ACTION',NULL,2,'SHORT',NULL,4,'2016-09-19 14:31:28','2016-12-04 11:14:46');
INSERT INTO classfeature (id, name, description, featUsage, parentId, nbUse, restType, replaceFeatId, version, created, updated) VALUES (121,'Éternelle jeunesse','La magie primordiale qui vous parcourt ralentit le vieillissement de votre corps. Vous ne prenez qu''un an d''âge toutes les dix années écoulées.','PASSIVE',NULL,NULL,NULL,NULL,1,'2016-09-19 14:31:52','2016-09-19 14:31:52');
INSERT INTO classfeature (id, name, description, featUsage, parentId, nbUse, restType, replaceFeatId, version, created, updated) VALUES (122,'Incantation animale','Vous pouvez lancer sous forme animale la plupart des sorts que vous connaissez. Vous pouvez réaliser les composantes somatiques et verbales des sorts de druide lorsque vous êtes sous forme animale, mais vous ne pouvez pas lancer de sorts nécessitant une composante matérielle.','PASSIVE',NULL,NULL,NULL,NULL,1,'2016-09-19 14:32:18','2016-09-19 14:32:18');
INSERT INTO classfeature (id, name, description, featUsage, parentId, nbUse, restType, replaceFeatId, version, created, updated) VALUES (123,'Archidruide','Vous pouvez utiliser votre forme animale un nombre illimité de fois par jour. De plus, vous pouvez ignorer les composantes verbales et somatiques de vos sorts de même que toute composante matérielle non coûteuse qui n''est consommée par le sort. Vous gagnez ces avantages que vous soyez sous forme normale ou animale.','PASSIVE',NULL,NULL,NULL,NULL,1,'2016-09-19 14:33:01','2016-09-19 14:33:01');
INSERT INTO classfeature (id, name, description, featUsage, parentId, nbUse, restType, replaceFeatId, version, created, updated) VALUES (124,'Sort druidique supplémentaire','Vous apprenez un sort mineur de druide supplémentaire de votre choix.','PASSIVE',NULL,NULL,NULL,NULL,1,'2016-09-19 14:33:32','2016-09-19 14:33:32');
INSERT INTO classfeature (id, name, description, featUsage, parentId, nbUse, restType, replaceFeatId, version, created, updated) VALUES (125,'Récupération naturelle','Vous pouvez récupérer une partie de votre énergie magique en méditant et communiant avec la nature. Lors d''un repos court, vous choisissez les emplacements de sort que vous souhaitez récupérer. Les emplacements de sort doivent avoir un niveau cumulé inférieur ou égal à la moitié de votre niveau de druide (arrondi à l''entier supérieur), et aucun de ces emplacements ne doit être de niveau 6 ou supérieur. Vous ne pouvez pas utiliser de nouveau cette capacité avant d''avoir terminé un repos long. Par exemple, si vous êtes un druide de niveau 4, vous pouvez récupérer jusqu''à deux niveaux d''emplacement de sort. Vous pouvez soit choisir un emplacement de sort de niveau 2, soit deux emplacements de sort de niveau 1.','PASSIVE',NULL,NULL,NULL,NULL,1,'2016-09-19 14:34:15','2016-09-19 14:34:15');
INSERT INTO classfeature (id, name, description, featUsage, parentId, nbUse, restType, replaceFeatId, version, created, updated) VALUES (126,'Sorts du cercle','Votre connexion mystique à la terre vous permet de lancer certains sorts. Aux niveaux 3, 5, 7 et 9, vous accédez à des sorts de cercle liés à la terre qui vous a vu devenir druide. Choisissez ce terrain (arctique, désert, forêt, littoral, marais, montagne, plaine ou Outreterre) et consultez la liste de sorts associée. Une fois que vous gagnez accès à un sort de cercle, ce sort est constamment préparé et ne compte pas dans le total de sorts que vous pouvez préparer chaque jour. Si vous accédez à un sort qui n''apparaît pas dans la liste de sorts du druide, ce sort est néanmoins considéré comme étant un sort de druide pour vous.\n\nArctique\n3    immobilisation de personne, croissance d''épines\n5 lenteur, giboulée\n7    liberté de mouvement, tempête de grêle\n9   communion avec la nature, cône de froid\n\nDésert\n3    flou, silence\n5    création de nourriture et d''eau, protection contre une énergie\n7  flétrissement, terrain hallucinatoire\n9    nuée d''insectes, mur de pierre\n\nForêt\n3 pattes d''araignée, peau d''écorce\n5   croissance végétale, appel de la foudre\n7  divination, liberté de mouvement\n9 communion avec la nature, voyage par les arbres\n\nLittoral\n3  image miroir, foulée brumeuse\n5    marche sur l''onde, respiration aquatique\n7    liberté de mouvement, contrôle de l''eau\n9 invocation d''élémentaire, scrutation\n\nMarais\n3  ténèbres, flèche acide de Melf\n5   marche sur l''onde, nuage puant\n7  liberté de mouvement, localisation de créature\n9   nuée d''insectes, scrutation\n\nMontagne\n3 pattes d''araignée, croissance d''épines\n5 éclair, fusion dans la pierre\n7    façonnage de la pierre, peau de pierre\n9   passe-muraille, mur de pierre\n\nPlaine\n3  invisibilité, passage sans trace\n5 lumière du jour, rapidité\n7    divination, liberté de mouvement\n9 songe, nuée d''insectes\n\nOutreterre\n3    pattes d''araignée, toile d''araignée\n5    état gazeux, nuage puant\n7 invisibilité suprême, façonnage de la pierre\n9 nuée d''insectes, brume mortelle','PASSIVE',NULL,NULL,NULL,NULL,1,'2016-09-19 14:39:26','2016-09-19 14:39:26');
INSERT INTO classfeature (id, name, description, featUsage, parentId, nbUse, restType, replaceFeatId, version, created, updated) VALUES (127,'Traversée des terrains','Vous déplacer sur un terrain difficile non magique ne vous coûte pas de déplacement supplémentaire. Vous pouvez également traverser la végétation non magique sans être ralenti et sans subir de dégâts si elle est constituée d''épines, de pointes ou d''autres inconvénients similaires. De plus, vous avez l''avantage aux jets de sauvegarde contre les plantes qui ont été créées magiquement ou manipulées pour empêcher les mouvements, comme celles créées par le sort enchevêtrement.','PASSIVE',NULL,NULL,NULL,NULL,1,'2016-09-19 14:39:57','2016-09-19 14:39:57');
INSERT INTO classfeature (id, name, description, featUsage, parentId, nbUse, restType, replaceFeatId, version, created, updated) VALUES (128,'Protection de la nature','Vous ne pouvez plus être charmé ou effrayé par les élémentaires ou les fées, et vous êtes immunisé contre les poisons et les maladies.','PASSIVE',NULL,NULL,NULL,NULL,1,'2016-09-19 14:40:22','2016-09-19 14:40:22');
INSERT INTO classfeature (id, name, description, featUsage, parentId, nbUse, restType, replaceFeatId, version, created, updated) VALUES (129,'Sanctuaire de la nature','Les créatures du monde naturel ressentent votre connexion avec la nature et hésitent à vous attaquer. Quand une bête ou une plante vous attaque, cette créature doit réussir un jet de sauvegarde de Sagesse contre votre DD de sort de druide. Si elle échoue, la créature doit choisir une autre cible, ou bien l''attaque rate automatiquement. En cas de jet de sauvegarde réussi, la créature est immunisée à cet effet pour 24 heures. La créature est consciente de cet effet avant qu''elle n''effectue son attaque contre vous.','PASSIVE',NULL,NULL,NULL,NULL,1,'2016-09-19 14:40:56','2016-09-19 14:40:56');
INSERT INTO classfeature (id, name, description, featUsage, parentId, nbUse, restType, replaceFeatId, version, created, updated) VALUES (130,'Combat sous forme animale','Vous obtenez la possibilité d''utiliser la forme animale durant votre tour par une action bonus, au lieu d''une action. De plus, lorsque vous êtes transformé via forme animale, vous pouvez utiliser une action bonus pour dépenser un emplacement de sort et récupérer ainsi 1d8 points de vie par niveau d''emplacement de sort dépensé.','ACTION_BONUS',NULL,NULL,NULL,NULL,1,'2016-09-19 14:46:12','2016-09-19 14:46:12');
INSERT INTO classfeature (id, name, description, featUsage, parentId, nbUse, restType, replaceFeatId, version, created, updated) VALUES (131,'Formes de cercle','Les rites de votre cercle vous permettent de prendre la forme d''animaux plus dangereux. Vous pouvez utiliser la forme animale pour vous transformer en une bête de facteur de puissance inférieur ou égal à 1 (ignorez la colonne FP maximum de la table Types de bêtes, vous êtes cependant toujours soumis aux autres restrictions).\n\nÀ partir du niveau 6, vous pouvez vous transformer en une bête de facteur de puissance inférieur ou égal à votre niveau de druide divisé par 3, arrondi à l''entier inférieur.','PASSIVE',NULL,NULL,NULL,NULL,1,'2016-09-19 14:47:05','2016-09-19 14:47:05');
INSERT INTO classfeature (id, name, description, featUsage, parentId, nbUse, restType, replaceFeatId, version, created, updated) VALUES (132,'Attaque bestiale','Vos attaques sous forme animale comptent comme des attaques magiques pour ce qui est de surmonter la résistance et l''immunité aux attaques et dégâts non magiques.','PASSIVE',NULL,NULL,NULL,NULL,1,'2016-09-19 14:47:26','2016-09-19 14:47:26');
INSERT INTO classfeature (id, name, description, featUsage, parentId, nbUse, restType, replaceFeatId, version, created, updated) VALUES (133,'Forme élémentaire','Vous pouvez dépenser deux utilisations de forme animale en même temps pour vous transformer en un élémentaire d''air, d''eau, de terre ou de feu.','PASSIVE',NULL,NULL,NULL,NULL,1,'2016-09-19 14:47:57','2016-09-19 14:47:57');
INSERT INTO classfeature (id, name, description, featUsage, parentId, nbUse, restType, replaceFeatId, version, created, updated) VALUES (134,'Milles formes','Vous avez appris à utiliser la magie pour améliorer votre forme physique de façon plus subtile. Vous pouvez lancer le sort modification d''apparence à volonté.','PASSIVE',NULL,NULL,NULL,NULL,1,'2016-09-19 14:48:31','2016-09-19 14:48:31');
INSERT INTO classfeature (id, name, description, featUsage, parentId, nbUse, restType, replaceFeatId, version, created, updated) VALUES (135,'Critique brutal 2','Vous pouvez lancer 2 dés de dégâts de votre arme en plus lorsque vous déterminez les dégâts supplémentaires que vous infligez sur un coup critique réussi avec une attaque de corps à corps.','PASSIVE',NULL,NULL,NULL,49,2,'2016-10-19 09:22:21','2016-12-04 11:27:11');
INSERT INTO classfeature (id, name, description, featUsage, parentId, nbUse, restType, replaceFeatId, version, created, updated) VALUES (136,'Critique brutal 3','Vous pouvez lancer 3 dés de dégâts de votre arme en plus lorsque vous déterminez les dégâts supplémentaires que vous infligez sur un coup critique réussi avec une attaque de corps à corps.','PASSIVE',NULL,NULL,NULL,135,2,'2016-10-19 09:22:45','2016-12-04 11:27:21');
INSERT INTO classfeature (id, name, description, featUsage, parentId, nbUse, restType, replaceFeatId, version, created, updated) VALUES (137,'Forme animale 2','Vous pouvez utiliser votre action pour prendre par magie la forme d''une bête que vous avez déjà vue auparavant. Vous pouvez utiliser ce pouvoir deux fois. Vous récupérez les utilisations dépensées après avoir effectué un repos court ou long.\n\nVous pouvez vous transformer en n''importe qu''elle bête ayant un facteur de puissance de 1/2 ou inférieur et qui n''a pas de vitesse de vol. Exemple : crocodile.\n\nVous pouvez rester sous forme animale un nombre d''heures égal à la moitié de votre niveau de druide (arrondi à l''entier inférieur). Une fois le temps écoulé, vous reprenez votre forme normale à moins que vous ne dépensiez une nouvelle utilisation de cette capacité. Vous pouvez également revenir plus tôt à votre forme normale en utilisant votre action lors de votre tour de jeu. Vous revenez automatiquement à votre forme normale si vous tombez inconscient, si vous tombez à 0 point de vie ou si vous mourrez. Tant que vous êtes transformé, les règles suivantes s''appliquent :\n\nVos statistiques de jeu sont remplacées par celles de la bête, mais vous conservez votre alignement, votre personnalité et vos valeurs de Charisme, Intelligence et Sagesse. Vous conservez également vos maîtrises de jets de sauvegarde et de compétences, en plus de gagner celles de la créature. Si la créature a les mêmes maîtrises que vous et que son bonus dans ce bloc de statistique est supérieur au vôtre, utilisez son bonus. Si la créature possède des actions légendaires ou des actions de repaire, vous ne pouvez pas les utiliser.\n\nQuand vous vous transformez, vous endossez également les points de vie de la bête et ses dés de vie. Lorsque vous reprenez votre forme vous récupérez le nombre de points de vie que vous aviez avant votre transformation. De plus, si vous vous retransformez parce que vous êtes tombé à 0 point de vie, tous les dégâts supplémentaires sont encaissés par les points de vie de votre forme normale. Par exemple, si vous subissez 10 points de dégâts sous forme animale alors que vous n''aviez plus qu''un point de vie, vous retournez à votre forme normale et encaissez 9 points de dégâts. Tant que ces dégâts résiduels ne font pas tomber les points de vie de votre forme normale à 0, vous ne sombrez pas dans l''inconscience.\n\nVous ne pouvez pas lancer de sorts, et votre capacité à parler ou effectuer toute action qui nécessite des mains est limitée aux possibilités qu''offre votre forme animale. Toutefois, vous transformer ne brise pas votre concentration sur un sort que vous aviez déjà lancé, ni ne vous empêche d''utiliser une action pour rediriger un sort, comme le sort appel de la foudre, que vous auriez déjà lancé.\n\nVous conservez les bénéfices de toutes vos capacités de classe, de race, ou de n''importe quelle autre origine, et vous pouvez les utiliser si vous en êtes physiquement capable. Cependant, vous ne pouvez pas utiliser de sens spéciaux, comme la vision dans le noir, sauf si votre forme animale les possède également.\n\nVous choisissez si votre équipement tombe sur le sol, fusionne avec votre nouvelle forme ou est porté par votre nouvelle forme. L''équipement porté fonctionne correctement, mais le MD décide pour chaque pièce d''équipement s''il est possible pour votre nouvelle forme de la porter, en fonction de la morphologie et de la taille de la bête. Votre équipement ne change pas de taille ou de forme pour s''adapter à votre nouvelle forme, et tout l''équipement que la nouvelle forme ne peut pas porter tombe sur le sol ou fusionne avec vous. L''équipement qui fusionne avec la nouvelle forme n''a aucun effet tant que vous restez sous cette forme.','ACTION',NULL,2,'SHORT',120,3,'2016-11-11 14:26:12','2016-12-04 11:14:35');
INSERT INTO classfeature (id, name, description, featUsage, parentId, nbUse, restType, replaceFeatId, version, created, updated) VALUES (138,'Forme animale 3','Vous pouvez utiliser votre action pour prendre par magie la forme d''une bête que vous avez déjà vue auparavant. Vous pouvez utiliser ce pouvoir deux fois. Vous récupérez les utilisations dépensées après avoir effectué un repos court ou long.\n\nVous pouvez vous transformer en n''importe qu''elle bête ayant un facteur de puissance de 1 ou inférieur. Il n''y a pas de restriction de mouvement. Exemple : aigle géant.\n\nVous pouvez rester sous forme animale un nombre d''heures égal à la moitié de votre niveau de druide (arrondi à l''entier inférieur). Une fois le temps écoulé, vous reprenez votre forme normale à moins que vous ne dépensiez une nouvelle utilisation de cette capacité. Vous pouvez également revenir plus tôt à votre forme normale en utilisant votre action lors de votre tour de jeu. Vous revenez automatiquement à votre forme normale si vous tombez inconscient, si vous tombez à 0 point de vie ou si vous mourrez. Tant que vous êtes transformé, les règles suivantes s''appliquent :\n\nVos statistiques de jeu sont remplacées par celles de la bête, mais vous conservez votre alignement, votre personnalité et vos valeurs de Charisme, Intelligence et Sagesse. Vous conservez également vos maîtrises de jets de sauvegarde et de compétences, en plus de gagner celles de la créature. Si la créature a les mêmes maîtrises que vous et que son bonus dans ce bloc de statistique est supérieur au vôtre, utilisez son bonus. Si la créature possède des actions légendaires ou des actions de repaire, vous ne pouvez pas les utiliser.\n\nQuand vous vous transformez, vous endossez également les points de vie de la bête et ses dés de vie. Lorsque vous reprenez votre forme vous récupérez le nombre de points de vie que vous aviez avant votre transformation. De plus, si vous vous retransformez parce que vous êtes tombé à 0 point de vie, tous les dégâts supplémentaires sont encaissés par les points de vie de votre forme normale. Par exemple, si vous subissez 10 points de dégâts sous forme animale alors que vous n''aviez plus qu''un point de vie, vous retournez à votre forme normale et encaissez 9 points de dégâts. Tant que ces dégâts résiduels ne font pas tomber les points de vie de votre forme normale à 0, vous ne sombrez pas dans l''inconscience.\n\nVous ne pouvez pas lancer de sorts, et votre capacité à parler ou effectuer toute action qui nécessite des mains est limitée aux possibilités qu''offre votre forme animale. Toutefois, vous transformer ne brise pas votre concentration sur un sort que vous aviez déjà lancé, ni ne vous empêche d''utiliser une action pour rediriger un sort, comme le sort appel de la foudre, que vous auriez déjà lancé.\n\nVous conservez les bénéfices de toutes vos capacités de classe, de race, ou de n''importe quelle autre origine, et vous pouvez les utiliser si vous en êtes physiquement capable. Cependant, vous ne pouvez pas utiliser de sens spéciaux, comme la vision dans le noir, sauf si votre forme animale les possède également.\n\nVous choisissez si votre équipement tombe sur le sol, fusionne avec votre nouvelle forme ou est porté par votre nouvelle forme. L''équipement porté fonctionne correctement, mais le MD décide pour chaque pièce d''équipement s''il est possible pour votre nouvelle forme de la porter, en fonction de la morphologie et de la taille de la bête. Votre équipement ne change pas de taille ou de forme pour s''adapter à votre nouvelle forme, et tout l''équipement que la nouvelle forme ne peut pas porter tombe sur le sol ou fusionne avec vous. L''équipement qui fusionne avec la nouvelle forme n''a aucun effet tant que vous restez sous cette forme.','ACTION',NULL,2,'SHORT',137,2,'2016-11-11 14:27:35','2016-12-04 11:15:02');
INSERT INTO classfeature (id, name, description, featUsage, parentId, nbUse, restType, replaceFeatId, version, created, updated) VALUES (139,'Expertise 1','Choisissez deux des compétences que vous maîtrisez. Votre bonus de maîtrise est doublé pour tout jet de caractéristique que vous réalisez et qui utilise l''une des compétences choisies.','PASSIVE',NULL,NULL,NULL,NULL,1,'2016-11-11 14:30:54','2016-11-11 14:30:54');
INSERT INTO classfeature (id, name, description, featUsage, parentId, nbUse, restType, replaceFeatId, version, created, updated) VALUES (140,'Expertise 2','Vous pouvez choisir deux maîtrises supplémentaires (compétences ou outils de voleur) et votre bonus de maîtrise est doublé pour tout jet de caractéristique que vous réalisez et qui utilise l''une des compétences choisies.','PASSIVE',NULL,NULL,NULL,NULL,1,'2016-11-11 14:32:25','2016-11-11 14:32:25');
INSERT INTO classfeature (id, name, description, featUsage, parentId, nbUse, restType, replaceFeatId, version, created, updated) VALUES (141,'Attaque sournoise','Vous savez comment trouver et exploiter subtilement la distraction d''un ennemi. Une fois par tour, vous pouvez infliger 1d6 points de dégâts supplémentaires à une créature que vous réussissez à toucher si vous avez l''avantage au jet d''attaque. L''attaque doit utiliser une arme de finesse ou une arme à distance. Vous n''avez pas besoin d''avoir l''avantage au jet d''attaque si un autre ennemi de la cible est à 5 pieds ou moins de celle-ci, que cet ennemi n''est pas incapable d''agir, et que vous n''avez pas un désavantage au jet d''attaque. Le nombre de dégâts supplémentaires augmente à mesure que vous gagnez des niveaux dans cette classe','ACTION',NULL,NULL,NULL,NULL,1,'2016-11-11 14:33:36','2016-11-11 14:33:36');
INSERT INTO classfeature (id, name, description, featUsage, parentId, nbUse, restType, replaceFeatId, version, created, updated) VALUES (142,'Jargon de voleurs','Au cours de votre formation de roublard, vous avez appris le jargon des voleurs, un mélange secret de dialecte, de jargon et de codes, qui vous permet de cacher des messages dans une conversation apparemment normale. Seule une autre créature qui connaît le jargon des voleurs comprend ces messages. Il faut quatre fois plus de temps pour transmettre un tel message qu''il ne le faudrait pour transmettre la même idée clairement.\n\nEn outre, vous comprenez un ensemble de signes et de symboles secrets utilisés pour transmettre des messages courts et simples, comme pour indiquer qu''une zone est dangereuse ou qu''elle fait partie du territoire d''une guilde des voleurs, qu''un butin est à proximité, ou que les gens d''une région sont des proies faciles ou qu''ils fourniront une maison sûre pour des voleurs en fuite.','PASSIVE',NULL,NULL,NULL,NULL,1,'2016-11-11 14:34:01','2016-11-11 14:34:01');
INSERT INTO classfeature (id, name, description, featUsage, parentId, nbUse, restType, replaceFeatId, version, created, updated) VALUES (143,'Action fourbe','Votre vivacité d''esprit et votre agilité vous permettent de vous déplacer et d''agir rapidement. Vous pouvez effectuer une action bonus à chacun de vos tours en combat. Cette action ne peut être utilisée que pour vous désengager, vous cacher ou courir.','ACTION_BONUS',NULL,NULL,NULL,NULL,1,'2016-11-11 14:34:40','2016-11-11 14:34:40');
INSERT INTO classfeature (id, name, description, featUsage, parentId, nbUse, restType, replaceFeatId, version, created, updated) VALUES (144,'Esquive','Quand un attaquant que vous pouvez voir vous touche avec une attaque, vous pouvez utiliser votre réaction pour réduire de moitié les dégâts de l''attaque contre vous.','REACTION',NULL,NULL,NULL,NULL,1,'2016-11-11 14:35:25','2016-11-11 14:35:25');
INSERT INTO classfeature (id, name, description, featUsage, parentId, nbUse, restType, replaceFeatId, version, created, updated) VALUES (145,'Évasion','Vous pouvez esquiver certains effets de zone, tels le souffle ardent d''un dragon rouge ou un sort de tempête de glace. Lorsque vous êtes sujet à un effet qui vous permet de faire un jet de sauvegarde de Dextérité pour ne prendre que la moitié des dégâts, vous ne prenez aucun dégât si vous réussissez le jet de sauvegarde, et seulement la moitié des dégâts si vous échouez.','PASSIVE',NULL,NULL,NULL,NULL,1,'2016-11-11 14:35:57','2016-11-11 14:35:57');
INSERT INTO classfeature (id, name, description, featUsage, parentId, nbUse, restType, replaceFeatId, version, created, updated) VALUES (146,'Talent','Les compétences que vous avez choisies sont si affinées qu''elles approchent la perfection. Chaque fois que vous faites un jet de caractéristique qui vous permet d''ajouter votre bonus de maîtrise, vous pouvez traiter un résultat au dé de 9 ou moins comme un 10.','PASSIVE',NULL,NULL,NULL,NULL,1,'2016-11-11 14:36:31','2016-11-11 14:36:31');
INSERT INTO classfeature (id, name, description, featUsage, parentId, nbUse, restType, replaceFeatId, version, created, updated) VALUES (147,'Sens de l''aveugle','Si vous êtes capable d''entendre, vous pouvez assumer l''emplacement de n''importe quelle créature cachée ou invisible à 10 pieds ou moins de vous.','PASSIVE',NULL,NULL,NULL,NULL,1,'2016-11-11 14:37:33','2016-11-11 14:37:33');
INSERT INTO classfeature (id, name, description, featUsage, parentId, nbUse, restType, replaceFeatId, version, created, updated) VALUES (148,'Esprit insaisissable','Vous avez acquis une plus grande force mentale. Vous gagnez la maîtrise aux jets de sauvegarde de Sagesse.','PASSIVE',NULL,NULL,NULL,NULL,1,'2016-11-11 14:38:06','2016-11-11 14:38:06');
INSERT INTO classfeature (id, name, description, featUsage, parentId, nbUse, restType, replaceFeatId, version, created, updated) VALUES (149,'Coup de chance','Vous avez un talent surnaturel pour réussir quand vous en avez besoin. Si votre attaque échoue contre une cible à portée, vous pouvez transformer l''échec en succès. Ou bien si vous échouez à un jet de caractéristique, vous pouvez traiter le résultat du d20 comme un 20. Une fois cette capacité utilisée, vous devez terminer un repos court ou long pour pouvoir l''utiliser de nouveau.','ACTION',NULL,1,'SHORT',NULL,2,'2016-11-11 14:38:59','2016-12-04 11:19:42');
INSERT INTO classfeature (id, name, description, featUsage, parentId, nbUse, restType, replaceFeatId, version, created, updated) VALUES (150,'Mains rapides','Vous pouvez utiliser l''action bonus accordée par votre Action fourbe pour réaliser un jet de Dextérité (Escamotage), utiliser vos outils de voleur pour désarmer un piège ou ouvrir une serrure, ou prendre l''action d''Utiliser un objet.','ACTION_BONUS',NULL,NULL,NULL,NULL,1,'2016-11-11 14:39:42','2016-11-11 14:39:42');
INSERT INTO classfeature (id, name, description, featUsage, parentId, nbUse, restType, replaceFeatId, version, created, updated) VALUES (151,'Cambriolage','Vous gagnez la possibilité d''escalader plus vite que la normale ; escalader ne vous coûte aucun mouvement supplémentaire. En outre, lorsque vous effectuez un saut en longueur, la distance que vous pouvez couvrir augmente d''une distance égale à votre modificateur de Dextérité x 1 pied.','PASSIVE',NULL,NULL,NULL,NULL,1,'2016-11-11 14:40:30','2016-11-11 14:40:30');
INSERT INTO classfeature (id, name, description, featUsage, parentId, nbUse, restType, replaceFeatId, version, created, updated) VALUES (152,'Discrétion suprême','Vous avez l''avantage à tous vos jets de Dextérité (Discrétion) si vous ne vous déplacez pas de plus de la moitié de votre vitesse durant le même tour.','PASSIVE',NULL,NULL,NULL,NULL,1,'2016-11-11 14:41:09','2016-11-11 14:41:09');
INSERT INTO classfeature (id, name, description, featUsage, parentId, nbUse, restType, replaceFeatId, version, created, updated) VALUES (153,'Utiliser des objets magiques','Vous en savez assez sur le fonctionnement de la magie pour pouvoir utiliser des objets même s''ils ne vous sont pas destinés. Ignorez toutes les exigences de classe, de race et de niveau pour l''utilisation d''objets magiques.','PASSIVE',NULL,NULL,NULL,NULL,1,'2016-11-11 14:41:49','2016-11-11 14:41:49');
INSERT INTO classfeature (id, name, description, featUsage, parentId, nbUse, restType, replaceFeatId, version, created, updated) VALUES (154,'Réflexes de voleur','Vous pouvez jouer deux tours lors du premier round d''un combat. Vous prenez votre premier tour suivant votre initiative normale et votre deuxième tour à votre initiative moins 10. Vous ne pouvez pas utiliser cette capacité si vous êtes surpris.','PASSIVE',NULL,NULL,NULL,NULL,1,'2016-11-11 14:42:34','2016-11-11 14:42:34');
INSERT INTO classfeature (id, name, description, featUsage, parentId, nbUse, restType, replaceFeatId, version, created, updated) VALUES (155,'Maîtrises additionnelles (assassin)','Vous gagner la maîtrise du kit de déguisement et du kit d''empoisonneur.','PASSIVE',NULL,NULL,NULL,NULL,2,'2016-11-11 14:43:30','2016-11-11 14:43:43');
INSERT INTO classfeature (id, name, description, featUsage, parentId, nbUse, restType, replaceFeatId, version, created, updated) VALUES (156,'Assassin ','Vous êtes au summum de votre art lorsque vous prenez votre adversaire au dépourvu. Vous avez l''avantage à vos jets d''attaque contre toute créature qui n''a pas encore joué son tour durant le combat. En outre, si vous attaquez et touchez une créature surprise, cette attaque est considérée comme un coup critique.','PASSIVE',NULL,NULL,NULL,NULL,2,'2016-11-11 14:44:25','2016-11-11 14:45:49');
INSERT INTO classfeature (id, name, description, featUsage, parentId, nbUse, restType, replaceFeatId, version, created, updated) VALUES (157,'Expert en infiltration','Vous pouvez créer de fausses identités pour vous-même. Vous devez passer une semaine et dépenser 25 po pour établir l''histoire, la profession et les affiliations d''une identité. Cependant, vous ne pouvez pas établir une identité qui appartient déjà à une personne existante. Par exemple, vous devriez vous procurer les vêtements adéquats, des lettres d''introduction et une certification paraissant officielle pour vous faire passer pour le membre d''une guilde d''une ville lointaine et ainsi vous infiltrer dans un cercle de marchands. Par la suite, si vous adoptez une nouvelle identité avec un déguisement, les autres créatures croiront que vous êtes cette personne jusqu''à ce qu''elles aient une bonne raison pour penser le contraire.','PASSIVE',NULL,NULL,NULL,NULL,1,'2016-11-11 14:45:49','2016-11-11 14:45:49');
INSERT INTO classfeature (id, name, description, featUsage, parentId, nbUse, restType, replaceFeatId, version, created, updated) VALUES (158,'Imposteur','Vous gagnez la capacité d''imiter le discours, l''écriture et le comportement d''une autre personne avec une précision extraordinaire. Vous devez étudier pendant au moins trois heures ces trois aspects (écouter parler la personne, examiner son écriture ou observer ses manières). Votre ruse est indiscernable pour un observateur occasionnel. Si une créature suspecte que quelque chose ne va pas, vous avez l''avantage pour tout jet de Charisme (Tromperie) que vous réaliser pour éviter d''être détecté.','PASSIVE',NULL,NULL,NULL,NULL,1,'2016-11-11 14:46:39','2016-11-11 14:46:39');
INSERT INTO classfeature (id, name, description, featUsage, parentId, nbUse, restType, replaceFeatId, version, created, updated) VALUES (159,'Coup mortel','Vous êtes un maître de la mort instantanée. Quand vous attaquez et touchez une créature qui est surprise, celle-ci doit réussir un jet de sauvegarde de Constitution DD 8 + votre modificateur de Dextérité + votre bonus de maîtrise. En cas d''échec, doublez les dégâts de l''attaque contre cette créature.','PASSIVE',NULL,NULL,NULL,NULL,1,'2016-11-11 14:47:22','2016-11-11 14:47:22');
INSERT INTO classfeature (id, name, description, featUsage, parentId, nbUse, restType, replaceFeatId, version, created, updated) VALUES (160,'Manipulation à distance','Lorsque vous lancez manipulation à distance, vous pouvez rendre la main spectrale invisible, et vous pouvez effectuer les tâches supplémentaires suivantes avec celle-ci :\n\nVous pouvez ranger un objet que la main tient dans un contenant, porté ou transporté par une autre créature.\nVous pouvez récupérer un objet dans un contenant, porté ou transporté par une autre créature.\nVous pouvez utiliser des outils de voleur pour crocheter les serrures et pour désarmer les pièges à distance.\nVous pouvez effectuer une de ces tâches sans vous faire remarquer par une créature si vous réussissez un jet de Dextérité (Escamotage) opposé à un jet de Sagesse (Perception) de la créature. En outre, vous pouvez utiliser l''action bonus accordé par votre Action fourbe pour contrôler la main.','ACTION',NULL,NULL,NULL,NULL,1,'2016-11-11 14:54:26','2016-11-11 14:54:26');
INSERT INTO classfeature (id, name, description, featUsage, parentId, nbUse, restType, replaceFeatId, version, created, updated) VALUES (161,'Embuscade magique','Si vous êtes caché d''une créature quand vous lui lancez un sort, la créature a un désavantage à tous les jets de sauvegarde contre ce sort pendant ce tour.','PASSIVE',NULL,NULL,NULL,NULL,1,'2016-11-11 14:54:56','2016-11-11 14:54:56');
INSERT INTO classfeature (id, name, description, featUsage, parentId, nbUse, restType, replaceFeatId, version, created, updated) VALUES (162,'Filou versatile','Vous obtenez la possibilité de distraire les cibles avec la main de manipulation à distance. Par une action bonus à votre tour, vous pouvez désigner une créature dans un rayon de 5 pieds autour de la main spectrale créé par le sort. Le faire vous donne l''avantage aux jets d’attaque contre cette créature jusqu''à la fin du tour.','ACTION_BONUS',NULL,NULL,NULL,NULL,1,'2016-11-11 14:55:46','2016-11-11 14:55:46');
INSERT INTO classfeature (id, name, description, featUsage, parentId, nbUse, restType, replaceFeatId, version, created, updated) VALUES (163,'Voleur de sort','Vous gagnez la capacité de voler magiquement à un lanceur de sorts sa connaissance pour lancer un sort. Immédiatement après qu’une créature jette un sort qui vous cible ou vous inclut dans sa zone d''effet, vous pouvez utiliser votre réaction pour forcer la créature à faire un jet de sauvegarde avec son modificateur de la caractéristique pour lancer des sorts. Le DD est égal à votre sort DD de sauvegarde contre les sorts. En cas d''échec, vous niez l''effet du sort contre vous, et vous volez la connaissance du sort s’il est au moins de niveau 1 et d''un niveau que vous pouvez lancer (le sort ne doit pas forcément être un sort de magicien). Pour les prochaines 8 heures, vous connaissez le sort et pouvez le lancer à l''aide de vos emplacements de sorts. La créature ne peut plus lancer ce sort jusqu''à ce que les 8 heures soient passées. Une fois que vous utilisez cette capacité, vous ne pouvez pas l''utiliser de nouveau jusqu''à ce que vous finissiez un repos long.','REACTION',NULL,1,'LONG',NULL,2,'2016-11-11 14:56:41','2016-12-04 11:20:49');
INSERT INTO classfeature (id, name, description, featUsage, parentId, nbUse, restType, replaceFeatId, version, created, updated) VALUES (164,'Maître de l''intrigue','Vous gagnez la maîtrise du kit de déguisement, du kit de contrefaçon et d''un type de jeu de votre choix. Vous apprenez également deux langues de votre choix. En outre, vous pouvez infailliblement imiter la tonalité de voix et l''accent d''une créature que vous entendez parler pendant au moins 1 minute, vous permettant de vous faire passer pour un locuteur natif d''une terre particulière, à condition de connaitre la langue.','PASSIVE',NULL,NULL,NULL,NULL,1,'2016-11-11 14:57:22','2016-11-11 14:57:22');
INSERT INTO classfeature (id, name, description, featUsage, parentId, nbUse, restType, replaceFeatId, version, created, updated) VALUES (165,'Maître des tactiques','Vous pouvez utiliser l''action Aider en tant qu''action bonus. En outre, lorsque vous utilisez l''action Aider pour aider un allié à attaquer une créature, la cible de cette attaque peut être dans un rayon de 30 pieds autour de vous, au lieu de 5 pieds, si la cible peut vous voir ou vous entendre.','ACTION_BONUS',NULL,NULL,NULL,NULL,1,'2016-11-11 14:58:16','2016-11-11 14:58:16');
INSERT INTO classfeature (id, name, description, featUsage, parentId, nbUse, restType, replaceFeatId, version, created, updated) VALUES (166,'Manipulateur perspicace','Si vous passez au moins 1 minute à observer ou interagir avec une autre créature en dehors d''une situation de combat, vous pouvez apprendre certaines informations sur ses capacités par rapport aux vôtres. Le MD vous indique si la créature est votre égal, supérieur ou inférieur par rapport à deux des caractéristiques suivantes de votre choix :\n\nValeur d''Intelligence\nValeur de Sagesse\nValeur de Charisme\nNiveau de classe (le cas échéant)\nÀ la discrétion du MD, vous pouvez aussi réaliser que vous connaissez une part de l''histoire de la créature ou l''un de ses traits de personnalité, si elle en possède.','ACTION',NULL,NULL,NULL,NULL,1,'2016-11-11 14:58:57','2016-11-11 14:58:57');
INSERT INTO classfeature (id, name, description, featUsage, parentId, nbUse, restType, replaceFeatId, version, created, updated) VALUES (167,'Détournement','Vous pouvez parfois faire qu''une créature finisse par être la cible d''une attaque qui vous visait. Lorsque vous êtes ciblé par une attaque alors qu''une créature dans un rayon de 5 pieds autour de vous vous offre un abri contre cette attaque, vous pouvez utiliser votre réaction pour que la cible de l''attaque soit cette créature, à votre place.','REACTION',NULL,NULL,NULL,NULL,1,'2016-11-11 15:00:00','2016-11-11 15:00:00');
INSERT INTO classfeature (id, name, description, featUsage, parentId, nbUse, restType, replaceFeatId, version, created, updated) VALUES (168,'Âme de tromperie','Vos pensées ne peuvent être lues par télépathie ou par d''autres moyens, sauf si vous le permettez. Vous pouvez présenter de fausses pensées en faisant un jet de Charisme (Tromperie) opposé à un jet de Sagesse (Intuition) du lecteur de votre esprit. En outre, peu importe ce que vous dites, la magie qui permettrait de déterminer si vous dites la vérité indique que vous ne mentez pas, si vous le souhaitez, et vous ne pouvez pas être obligé de dire la vérité par magie.','PASSIVE',NULL,NULL,NULL,NULL,1,'2016-11-11 15:00:58','2016-11-11 15:00:58');
INSERT INTO classfeature (id, name, description, featUsage, parentId, nbUse, restType, replaceFeatId, version, created, updated) VALUES (169,'Insaisissable','Les attaquants gagnent rarement le dessus sur vous. Aucun jet d''attaque n''a l''avantage contre vous tant que vous n''êtes pas incapable d''agir.','PASSIVE',NULL,NULL,NULL,NULL,1,'2016-11-11 20:40:22','2016-11-11 20:40:22');
INSERT INTO classfeature (id, name, description, featUsage, parentId, nbUse, restType, replaceFeatId, version, created, updated) VALUES (170,'Inspiration bardique d6','Vous pouvez inspirer les autres en maniant les mots ou la musique. Pour ce faire, utilisez une action bonus à votre tour pour choisir une créature autre que vous-même dans un rayon de 18 mètres autour de vous et qui peut vous entendre. Cette créature gagne un dé d''Inspiration bardique (d6). Une fois dans les 10 minutes suivantes, la créature peut lancer le dé et ajouter le nombre obtenu à un jet de caractéristique, d''attaque ou de sauvegarde qu''elle vient de faire. La créature peut attendre de voir le résultat de jet de caractéristique, d''attaque ou de sauvegarde avant de décider d''appliquer le dé d''Inspiration bardique, mais elle doit se décider avant que le MD ne dise si le jet est un succès ou un échec. Une fois le dé d''Inspiration bardique lancé, il est consommé. Une créature ne peut avoir qu''un seul dé d''Inspiration bardique à la fois.\nVous pouvez utiliser cette capacité un nombre de fois égal à votre modificateur de Charisme (minimum 1). Vous regagnez vos dés d''Inspiration bardique après avoir terminé un repos long.','ACTION_BONUS',NULL,NULL,NULL,NULL,1,'2016-11-21 08:40:45','2016-11-21 08:40:45');
INSERT INTO classfeature (id, name, description, featUsage, parentId, nbUse, restType, replaceFeatId, version, created, updated) VALUES (171,'Inspiration bardique d8','Vous pouvez inspirer les autres en maniant les mots ou la musique. Pour ce faire, utilisez une action bonus à votre tour pour choisir une créature autre que vous-même dans un rayon de 18 mètres autour de vous et qui peut vous entendre. Cette créature gagne un dé d''Inspiration bardique (d8). Une fois dans les 10 minutes suivantes, la créature peut lancer le dé et ajouter le nombre obtenu à un jet de caractéristique, d''attaque ou de sauvegarde qu''elle vient de faire. La créature peut attendre de voir le résultat de jet de caractéristique, d''attaque ou de sauvegarde avant de décider d''appliquer le dé d''Inspiration bardique, mais elle doit se décider avant que le MD ne dise si le jet est un succès ou un échec. Une fois le dé d''Inspiration bardique lancé, il est consommé. Une créature ne peut avoir qu''un seul dé d''Inspiration bardique à la fois.\nVous pouvez utiliser cette capacité un nombre de fois égal à votre modificateur de Charisme (minimum 1). Vous regagnez vos dés d''Inspiration bardique après avoir terminé un repos long.','ACTION_BONUS',NULL,NULL,NULL,NULL,1,'2016-11-21 08:41:23','2016-11-21 08:41:23');
INSERT INTO classfeature (id, name, description, featUsage, parentId, nbUse, restType, replaceFeatId, version, created, updated) VALUES (172,'Inspiration bardique d10','Vous pouvez inspirer les autres en maniant les mots ou la musique. Pour ce faire, utilisez une action bonus à votre tour pour choisir une créature autre que vous-même dans un rayon de 18 mètres autour de vous et qui peut vous entendre. Cette créature gagne un dé d''Inspiration bardique (d10). Une fois dans les 10 minutes suivantes, la créature peut lancer le dé et ajouter le nombre obtenu à un jet de caractéristique, d''attaque ou de sauvegarde qu''elle vient de faire. La créature peut attendre de voir le résultat de jet de caractéristique, d''attaque ou de sauvegarde avant de décider d''appliquer le dé d''Inspiration bardique, mais elle doit se décider avant que le MD ne dise si le jet est un succès ou un échec. Une fois le dé d''Inspiration bardique lancé, il est consommé. Une créature ne peut avoir qu''un seul dé d''Inspiration bardique à la fois.\nVous pouvez utiliser cette capacité un nombre de fois égal à votre modificateur de Charisme (minimum 1). Vous regagnez vos dés d''Inspiration bardique après avoir terminé un repos long.','ACTION_BONUS',NULL,NULL,NULL,NULL,1,'2016-11-21 08:41:51','2016-11-21 08:41:51');
INSERT INTO classfeature (id, name, description, featUsage, parentId, nbUse, restType, replaceFeatId, version, created, updated) VALUES (173,'Inspiration bardique d12','Vous pouvez inspirer les autres en maniant les mots ou la musique. Pour ce faire, utilisez une action bonus à votre tour pour choisir une créature autre que vous-même dans un rayon de 18 mètres autour de vous et qui peut vous entendre. Cette créature gagne un dé d''Inspiration bardique (d12). Une fois dans les 10 minutes suivantes, la créature peut lancer le dé et ajouter le nombre obtenu à un jet de caractéristique, d''attaque ou de sauvegarde qu''elle vient de faire. La créature peut attendre de voir le résultat de jet de caractéristique, d''attaque ou de sauvegarde avant de décider d''appliquer le dé d''Inspiration bardique, mais elle doit se décider avant que le MD ne dise si le jet est un succès ou un échec. Une fois le dé d''Inspiration bardique lancé, il est consommé. Une créature ne peut avoir qu''un seul dé d''Inspiration bardique à la fois.\nVous pouvez utiliser cette capacité un nombre de fois égal à votre modificateur de Charisme (minimum 1). Vous regagnez vos dés d''Inspiration bardique après avoir terminé un repos long.','ACTION_BONUS',NULL,NULL,NULL,NULL,1,'2016-11-21 08:42:36','2016-11-21 08:42:36');
INSERT INTO classfeature (id, name, description, featUsage, parentId, nbUse, restType, replaceFeatId, version, created, updated) VALUES (174,'Chant de repos d8','Vous pouvez utiliser de la musique ou une oraison apaisante lors d''un repos court pour aider à revitaliser vos alliés blessés. Si vous ou toute créature amie qui peut entendre votre représentation récupérez des points de vie à la fin d''un repos court, chacune de ces créatures récupère 1d8 points de vie supplémentaires.','ACTION',NULL,NULL,NULL,NULL,1,'2016-11-21 09:01:53','2016-11-21 09:01:53');
INSERT INTO classfeature (id, name, description, featUsage, parentId, nbUse, restType, replaceFeatId, version, created, updated) VALUES (175,'Chant de repos d10','Vous pouvez utiliser de la musique ou une oraison apaisante lors d''un repos court pour aider à revitaliser vos alliés blessés. Si vous ou toute créature amie qui peut entendre votre représentation récupérez des points de vie à la fin d''un repos court, chacune de ces créatures récupère 1d10 points de vie supplémentaires.','ACTION',NULL,NULL,NULL,NULL,1,'2016-11-21 09:02:36','2016-11-21 09:02:36');
INSERT INTO classfeature (id, name, description, featUsage, parentId, nbUse, restType, replaceFeatId, version, created, updated) VALUES (176,'Chant de repos d12','Vous pouvez utiliser de la musique ou une oraison apaisante lors d''un repos court pour aider à revitaliser vos alliés blessés. Si vous ou toute créature amie qui peut entendre votre représentation récupérez des points de vie à la fin d''un repos court, chacune de ces créatures récupère 1d12 points de vie supplémentaires.','ACTION',NULL,NULL,NULL,NULL,1,'2016-11-21 09:03:32','2016-11-21 09:03:32');
INSERT INTO classfeature (id, name, description, featUsage, parentId, nbUse, restType, replaceFeatId, version, created, updated) VALUES (177,'Renvoi de morts-vivants 2','Au prix d''une action, vous présentez votre symbole sacré en psalmodiant une prière contre les morts-vivants. Chaque mort-vivant qui peut vous voir ou vous entendre et qui se trouve à 30 pieds ou moins de vous doit effectuer un jet de sauvegarde de Sagesse. Si la créature rate son jet de sauvegarde, elle est renvoyée pendant 1 minute ou jusqu''à ce qu''elle prenne des dégâts.\n\nUne créature renvoyée doit passer ses actions à essayer de s''éloigner le plus loin possible de vous et ne peut volontairement se rapprocher à moins de 30 pieds de vous. Elle ne peut pas avoir de réactions et peut utiliser ses actions seulement pour courir ou essayer de s''échapper d''un effet immobilisant. S''il n''y a nulle part où aller, la créature peut utiliser l''action d''esquive.','ACTION',NULL,2,'SHORT',78,1,'2016-11-21 19:58:27','2016-11-21 19:58:27');
INSERT INTO classfeature (id, name, description, featUsage, parentId, nbUse, restType, replaceFeatId, version, created, updated) VALUES (178,'Renvoi de morts-vivants 3','Au prix d''une action, vous présentez votre symbole sacré en psalmodiant une prière contre les morts-vivants. Chaque mort-vivant qui peut vous voir ou vous entendre et qui se trouve à 30 pieds ou moins de vous doit effectuer un jet de sauvegarde de Sagesse. Si la créature rate son jet de sauvegarde, elle est renvoyée pendant 1 minute ou jusqu''à ce qu''elle prenne des dégâts.\n\nUne créature renvoyée doit passer ses actions à essayer de s''éloigner le plus loin possible de vous et ne peut volontairement se rapprocher à moins de 30 pieds de vous. Elle ne peut pas avoir de réactions et peut utiliser ses actions seulement pour courir ou essayer de s''échapper d''un effet immobilisant. S''il n''y a nulle part où aller, la créature peut utiliser l''action d''esquive.','ACTION',NULL,3,'SHORT',177,1,'2016-11-21 19:59:18','2016-11-21 19:59:18');
INSERT INTO classfeature (id, name, description, featUsage, parentId, nbUse, restType, replaceFeatId, version, created, updated) VALUES (179,'Destruction de morts-vivants CR 1','Quand un mort-vivant rate son jet de sauvegarde contre votre capacité de Renvoi de morts-vivants, la créature est immédiatement détruite si son CR est égal ou inférieur à 1.','PASSIVE',NULL,NULL,NULL,79,1,'2016-11-21 20:01:38','2016-11-21 20:01:38');
INSERT INTO classfeature (id, name, description, featUsage, parentId, nbUse, restType, replaceFeatId, version, created, updated) VALUES (180,'Destruction de morts-vivants CR 2','Quand un mort-vivant rate son jet de sauvegarde contre votre capacité de Renvoi de morts-vivants, la créature est immédiatement détruite si son CR est égal ou inférieur à 2','PASSIVE',NULL,NULL,NULL,179,1,'2016-11-21 20:02:16','2016-11-21 20:02:16');
INSERT INTO classfeature (id, name, description, featUsage, parentId, nbUse, restType, replaceFeatId, version, created, updated) VALUES (181,'Destruction de morts-vivants CR 3','Quand un mort-vivant rate son jet de sauvegarde contre votre capacité de Renvoi de morts-vivants, la créature est immédiatement détruite si son CR est égal ou inférieur à 3.','PASSIVE',NULL,NULL,NULL,180,1,'2016-11-21 20:02:44','2016-11-21 20:02:44');
INSERT INTO classfeature (id, name, description, featUsage, parentId, nbUse, restType, replaceFeatId, version, created, updated) VALUES (182,'Destruction de morts-vivants CR 4','Quand un mort-vivant rate son jet de sauvegarde contre votre capacité de Renvoi de morts-vivants, la créature est immédiatement détruite si son CR est égal ou inférieur à 4','PASSIVE',NULL,NULL,NULL,181,1,'2016-11-21 20:03:15','2016-11-21 20:03:15');
INSERT INTO classfeature (id, name, description, featUsage, parentId, nbUse, restType, replaceFeatId, version, created, updated) VALUES (183,'Intervention divine améliorée','Vous pouvez faire appel à votre divinité pour qu''elle intervienne en cas de besoin réel. Implorer l''aide de votre divinité vous oblige à utiliser votre action. Décrivez l''aide que vous recherchez et l''appel à votre divinité réussit automatiquement. Le MD choisit la nature de l''intervention; l''effet d''un sort de clerc ou d''un sort de domaine est approprié. Vous ne pouvez plus utiliser cette capacité durant les 7 prochains jours.','ACTION',NULL,1,'LONG',80,1,'2016-11-21 20:06:55','2016-11-21 20:06:55');
INSERT INTO classfeature (id, name, description, featUsage, parentId, nbUse, restType, replaceFeatId, version, created, updated) VALUES (184,'Canalisation divine : préservation de vie 2','Vous pouvez utiliser votre Canalisation divine pour soigner des blessures graves. Au prix d''une action, vous présentez votre symbole sacré et invoquez une énergie curative qui redonne un montant de points de vie égal à 5 fois votre niveau de clerc. Choisissez une ou plusieurs créatures à 30 pieds ou moins de vous, et divisez ces points entre elles. Cette capacité ne peut pas ramener une créature à plus de 50% de ses points de vie maximums, et elle ne fonctionne pas sur les morts-vivants et les créatures artificielles.  Vous pouvez utiliser ce don 2 fois avant un repose court ou long.','ACTION',NULL,2,'SHORT',83,2,'2016-11-21 20:09:16','2016-11-21 20:18:01');
INSERT INTO classfeature (id, name, description, featUsage, parentId, nbUse, restType, replaceFeatId, version, created, updated) VALUES (185,'Canalisation divine : préservation de vie 3','Vous pouvez utiliser votre Canalisation divine pour soigner des blessures graves. Au prix d''une action, vous présentez votre symbole sacré et invoquez une énergie curative qui redonne un montant de points de vie égal à 5 fois votre niveau de clerc. Choisissez une ou plusieurs créatures à 30 pieds ou moins de vous, et divisez ces points entre elles. Cette capacité ne peut pas ramener une créature à plus de 50% de ses points de vie maximums, et elle ne fonctionne pas sur les morts-vivants et les créatures artificielles.  Vous pouvez utiliser ce don 3 fois avant un repose court ou long.','ACTION',NULL,3,'SHORT',184,2,'2016-11-21 20:09:58','2016-11-21 20:18:08');
INSERT INTO classfeature (id, name, description, featUsage, parentId, nbUse, restType, replaceFeatId, version, created, updated) VALUES (186,'Frappe divine (vie 2)','Vous gagnez la possibilité d’imprégner votre arme d''énergie divine. Une fois par tour, lorsque vous touchez une créature avec une attaque armée, vous pouvez infliger 2d8 de dégâts supplémentaires de type radiant à la cible.','PASSIVE',NULL,NULL,NULL,85,1,'2016-11-21 20:12:53','2016-11-21 20:12:53');
INSERT INTO classfeature (id, name, description, featUsage, parentId, nbUse, restType, replaceFeatId, version, created, updated) VALUES (187,'Canalisation divine : connaissance des âges 2','Vous pouvez utiliser votre Canalisation divine pour tirer profit d’un puits de connaissance divin. Au prix d’une action, vous choisissez une compétence ou un outil. Pendant 10 minutes, vous obtenez la maîtrise de la compétence ou de l’outil choisi.  Vous pouvez utiliser ce don 2 fois avant un repose court ou long.','ACTION',NULL,2,'SHORT',88,2,'2016-11-21 20:15:24','2016-11-21 20:17:39');
INSERT INTO classfeature (id, name, description, featUsage, parentId, nbUse, restType, replaceFeatId, version, created, updated) VALUES (188,'Canalisation divine : connaissance des âges 3','Vous pouvez utiliser votre Canalisation divine pour tirer profit d’un puits de connaissance divin. Au prix d’une action, vous choisissez une compétence ou un outil. Pendant 10 minutes, vous obtenez la maîtrise de la compétence ou de l’outil choisi.  Vous pouvez utiliser ce don 3 fois avant un repose court ou long.','ACTION',NULL,3,'SHORT',187,2,'2016-11-21 20:16:26','2016-11-21 20:17:46');
INSERT INTO classfeature (id, name, description, featUsage, parentId, nbUse, restType, replaceFeatId, version, created, updated) VALUES (189,'Canalisation divine : invocation de duplicité 2','Vous pouvez utiliser votre Canalisation divine pour créer une copie illusoire de vous-même. Par une action, vous créez une illusion parfaite de vous-même qui dure pendant 1 minute, ou jusqu''à ce que vous perdiez votre concentration (comme si vous étiez concentré sur un sort). L''illusion apparaît dans un espace inoccupé que vous pouvez voir dans un rayon de 30 pieds autour de vous. Par une action bonus à votre tour, vous pouvez déplacer l''illusion jusqu''à 30 pieds, dans un espace que vous pouvez, et sans l''éloigner de plus de 120 pieds de vous. Durant ce temps, vous pouvez lancer des sorts comme si vous étiez dans l''espace de l''illusion, mais vous devez utiliser vos propres sens. En outre, lorsque vous et votre illusion êtes à 5 pieds mètre ou moins d''une créature qui peut voir l''illusion, vous avez l''avantage aux jets d''attaque contre cette créature, l''illusion distrayant la cible.  Vous pouvez utiliser ce don 2 fois avant un repose court ou long.','ACTION',NULL,2,'SHORT',93,1,'2016-11-21 20:20:21','2016-11-21 20:20:21');
INSERT INTO classfeature (id, name, description, featUsage, parentId, nbUse, restType, replaceFeatId, version, created, updated) VALUES (190,'Canalisation divine : invocation de duplicité 3','Vous pouvez utiliser votre Canalisation divine pour créer une copie illusoire de vous-même. Par une action, vous créez une illusion parfaite de vous-même qui dure pendant 1 minute, ou jusqu''à ce que vous perdiez votre concentration (comme si vous étiez concentré sur un sort). L''illusion apparaît dans un espace inoccupé que vous pouvez voir dans un rayon de 30 pieds autour de vous. Par une action bonus à votre tour, vous pouvez déplacer l''illusion jusqu''à 30 pieds, dans un espace que vous pouvez, et sans l''éloigner de plus de 120 pieds de vous. Durant ce temps, vous pouvez lancer des sorts comme si vous étiez dans l''espace de l''illusion, mais vous devez utiliser vos propres sens. En outre, lorsque vous et votre illusion êtes à 5 pieds mètre ou moins d''une créature qui peut voir l''illusion, vous avez l''avantage aux jets d''attaque contre cette créature, l''illusion distrayant la cible.  Vous pouvez utiliser ce don 3 fois avant un repose court ou long.','ACTION',NULL,3,'SHORT',189,2,'2016-11-21 20:20:56','2016-11-21 20:21:12');
INSERT INTO classfeature (id, name, description, featUsage, parentId, nbUse, restType, replaceFeatId, version, created, updated) VALUES (191,'Canalisation divine : manteau d''ombres 2','Vous pouvez utiliser votre Canalisation divine pour disparaître. Par une action, vous devenez invisible jusqu''à la fin de votre prochain tour. Vous redevenez visible si vous attaquez ou lancez un sort. Vous pouvez utiliser ce don 3 fois avant un repose court ou long.','ACTION',NULL,3,'SHORT',94,2,'2016-11-21 20:23:05','2016-11-21 20:28:53');
INSERT INTO classfeature (id, name, description, featUsage, parentId, nbUse, restType, replaceFeatId, version, created, updated) VALUES (193,'Canalisation divine : lecture des pensées 2','Vous pouvez utiliser votre Canalisation divine pour lire les pensées d’une créature. Vous pouvez ensuite avoir accès à l’esprit de la créature et la commander. Par une action, choisissez une créature que vous pouvez voir située à 18 mètres ou moins de vous. La créature doit effectuer un jet de sauvegarde de Sagesse. Si la créature le réussi, vous ne pouvez réutiliser cette capacité sur la créature qu’après avoir terminé un repos long. Si la créature échoue, vous pouvez lire la surface de ses pensées (celles les plus en vue dans son esprit, représentant ses émotions et ce à quoi elle pense actuellement) lorsqu''elle est à 60 pieds ou moins de vous. Cet effet dure une minute. Pendant cette durée, vous pouvez utiliser votre action pour mettre fin à cet effet et lancer le sort suggestion à la créature sans consommer d’emplacement de sort. La créature échoue automatiquement son jet de sauvegarde contre ce sort.','ACTION',NULL,3,'LONG',89,2,'2016-11-21 20:30:01','2016-11-21 20:31:17');
INSERT INTO classfeature (id, name, description, featUsage, parentId, nbUse, restType, replaceFeatId, version, created, updated) VALUES (194,'Canalisation divine : coup au but 2','Vous pouvez utiliser votre Canalisation divine pour frapper avec une grande précision. Lorsque vous faites un jet d’attaque, vous pouvez utilisez votre Canalisation divine pour gagner un bonus de +10 au jet. ','ACTION',NULL,2,'SHORT',99,1,'2016-11-21 20:34:10','2016-11-21 20:34:10');
INSERT INTO classfeature (id, name, description, featUsage, parentId, nbUse, restType, replaceFeatId, version, created, updated) VALUES (195,'Canalisation divine : coup au but 3','Vous pouvez utiliser votre Canalisation divine pour frapper avec une grande précision. Lorsque vous faites un jet d’attaque, vous pouvez utilisez votre Canalisation divine pour gagner un bonus de +10 au jet. ','ACTION',NULL,3,'SHORT',194,1,'2016-11-21 20:34:40','2016-11-21 20:34:40');
INSERT INTO classfeature (id, name, description, featUsage, parentId, nbUse, restType, replaceFeatId, version, created, updated) VALUES (196,'Canalisation divine : bénédiction du dieu de la Guerre 2','Lorsqu''une créature dans un rayon de 30 pieds autour de vous fait un jet d’attaque, vous pouvez utiliser votre réaction pour faire bénéficier cette créature d’un bonus de +10 à son jet, en utilisant votre Canalisation divine.','REACTION',NULL,3,'SHORT',100,1,'2016-11-21 20:36:42','2016-11-21 20:36:42');
INSERT INTO classfeature (id, name, description, featUsage, parentId, nbUse, restType, replaceFeatId, version, created, updated) VALUES (197,'Frappe divine (guerre 2)','Vous gagnez la possibilité d’imprégner votre arme d’énergie divine. Une fois à chacun de vos tours, lorsque vous touchez une créature avec une attaque d''arme, vous pouvez infliger 2d8 de dégâts supplémentaires du même type que celui de votre arme.','ACTION',NULL,NULL,NULL,101,1,'2016-11-21 20:38:36','2016-11-21 20:38:36');
INSERT INTO classfeature (id, name, description, featUsage, parentId, nbUse, restType, replaceFeatId, version, created, updated) VALUES (198,'Canalisation divine : radiance de l''aube 2','Vous pouvez utiliser votre Canalisation divine pour exploiter la lumière du soleil, bannissant les ténèbres et infligeant des dégâts radiants à vos ennemis. Par une action, vous présentez votre symbole sacré et toutes les ténèbres magiques dans un rayon de 30 pieds autour de vous sont dissipées. En outre, chaque créature hostile dans un rayon de 30 pieds autour de vous doit réaliser un jet de sauvegarde de Constitution. Une créature prend 2d10 + votre niveau de clerc de dégâts radiants en cas d''échec, ou la moitié de ces dégâts en cas de réussite. Une créature qui dispose d''une couverture totale vis à vis de vous n''est pas affectée.','ACTION',NULL,2,'SHORT',105,1,'2016-11-21 21:11:19','2016-11-21 21:11:19');
INSERT INTO classfeature (id, name, description, featUsage, parentId, nbUse, restType, replaceFeatId, version, created, updated) VALUES (199,'Canalisation divine : radiance de l''aube 3','Vous pouvez utiliser votre Canalisation divine pour exploiter la lumière du soleil, bannissant les ténèbres et infligeant des dégâts radiants à vos ennemis. Par une action, vous présentez votre symbole sacré et toutes les ténèbres magiques dans un rayon de 30 pieds autour de vous sont dissipées. En outre, chaque créature hostile dans un rayon de 30 pieds autour de vous doit réaliser un jet de sauvegarde de Constitution. Une créature prend 2d10 + votre niveau de clerc de dégâts radiants en cas d''échec, ou la moitié de ces dégâts en cas de réussite. Une créature qui dispose d''une couverture totale vis à vis de vous n''est pas affectée.','ACTION',NULL,3,'SHORT',198,1,'2016-11-21 21:11:52','2016-11-21 21:11:52');

/* Equipment */
INSERT INTO equipment (id, type, name, description, weight, isMagical, isPurchasable, isSellable, basePrice, version, created, updated) VALUES (1,'TOOL','Chalemie','La chalemie est un instrument à vent à anche double qui est considéré comme l''ancêtre direct du hautbois. Comme celui-ci, la chalemie a une perce conique; mais cette perce, ainsi que le pavillon et les trous sont plus larges et l''instrument comporte un disque en bois. Destiné à être jouée en plein air, la chalemie possède une sonorité puissante.',1,0,1,1,2,1,'2016-09-14 14:15:25','2016-09-14 14:15:25');
INSERT INTO equipment (id, type, name, description, weight, isMagical, isPurchasable, isSellable, basePrice, version, created, updated) VALUES (2,'TOOL','Luth','Instrument à cordes pincées, à caisse de résonance en forme de demi-poire; dont le manche est en deux parties qui se coupent à angle droit.',2,0,1,1,35,1,'2016-09-14 14:17:08','2016-09-14 14:17:08');
INSERT INTO equipment (id, type, name, description, weight, isMagical, isPurchasable, isSellable, basePrice, version, created, updated) VALUES (3,'TOOL','Flute','La flûte est un instrument à vent qui comporte huit trous de jeu, dont un manipulé par le pouce pour permettre l''émission des octaves aiguës.',1,0,1,1,2,1,'2016-09-14 14:20:58','2016-09-14 14:20:58');
INSERT INTO equipment (id, type, name, description, weight, isMagical, isPurchasable, isSellable, basePrice, version, created, updated) VALUES (4,'TOOL','Cornemuse','La cornemuse est un instrument de musique à vent et plus particulièrement à anches qui se compose d''au moins deux tuyaux à anche simple ou double. Les anches sont mises en mouvement par une alimentation d''air provenant de la pression du bras de l''instrumentiste sur un réservoir taillé dans une peau.',6,0,1,1,30,1,'2016-09-14 14:25:05','2016-09-14 14:25:05');
INSERT INTO equipment (id, type, name, description, weight, isMagical, isPurchasable, isSellable, basePrice, version, created, updated) VALUES (5,'TOOL','Lyre','La lyre est un instrument à corde. Elle n''a pas de manche, comme la guitare, dans le prolongement de sa caisse de résonance, mais deux bras flanqués de part et d''autre. La lyre fait partie de la famille de la harpe : les cordes sont verticales, elles se pincent à vide et ne produisent qu''un son unique. À la différence de la harpe, la lyre a des cordes d''égales longueurs qui forment un léger rayonnement. C''est la tension et la grosseur de la corde qui permet les différentes intonations. Contrairement à la harpe, les cordes sont aussi parallèles aux deux montants.',2,0,1,1,30,1,'2016-09-14 14:27:39','2016-09-14 14:27:39');
INSERT INTO equipment (id, type, name, description, weight, isMagical, isPurchasable, isSellable, basePrice, version, created, updated) VALUES (6,'TOOL','Viole','La viole est un instrument de musique à 6 cordes jouées à l’aide d''un archet.',1,0,1,1,30,1,'2016-09-14 14:30:10','2016-09-14 14:30:10');
INSERT INTO equipment (id, type, name, description, weight, isMagical, isPurchasable, isSellable, basePrice, version, created, updated) VALUES (7,'TOOL','Tympanon','Le tympanon est un instrument de musique de la famille des cithares sur table qui se présente sous la forme d''une caisse trapézoïdale. Un certain nombre de cordes, parfois réunies en divers chœurs, sont tendues sur la table d''harmonie. Le son est produit en frappant les cordes à l''aide de mailloches.',10,0,1,1,25,1,'2016-09-14 14:32:23','2016-09-14 14:32:23');
INSERT INTO equipment (id, type, name, description, weight, isMagical, isPurchasable, isSellable, basePrice, version, created, updated) VALUES (8,'TOOL','Flute de pan','La flûte de Pan est un instrument de musique composé d''un ensemble de tuyaux sonores assemblés.',1,0,1,1,2,1,'2016-09-14 14:33:26','2016-09-14 14:33:26');
INSERT INTO equipment (id, type, name, description, weight, isMagical, isPurchasable, isSellable, basePrice, version, created, updated) VALUES (9,'TOOL','Tambour','Un tambour est un instrument de musique à percussion constitué d''un fût sur lequel sont tendues une ou plusieurs peaux, frappées à l''aide des doigts ou de baguettes prévues à cet effet. La vibration ainsi obtenue est amplifiée par le fût qui fait office de caisse de résonance.',3,0,1,1,6,1,'2016-09-14 14:35:00','2016-09-14 14:35:00');
INSERT INTO equipment (id, type, name, description, weight, isMagical, isPurchasable, isSellable, basePrice, version, created, updated) VALUES (10,'TOOL','Dés','Le jeu de dés se pratique avec les dés, des objets le plus souvent cubiques dont les 6 faces sont habituellement numérotées de 1 à 6.',0.1,0,1,1,1,1,'2016-09-14 14:38:37','2016-09-14 14:38:37');
INSERT INTO equipment (id, type, name, description, weight, isMagical, isPurchasable, isSellable, basePrice, version, created, updated) VALUES (11,'TOOL','Cartes à jouer','Le jeu comprend 52 cartes à jouer, réparties suivant treize valeurs sur quatre enseignes.',0.1,0,1,1,1,1,'2016-09-14 14:40:56','2016-09-14 14:40:56');
INSERT INTO equipment (id, type, name, description, weight, isMagical, isPurchasable, isSellable, basePrice, version, created, updated) VALUES (12,'TOOL','Jeu d''échecs','Le jeu d''échecs se compose d’un plateau ou tablier appelé échiquier composé de soixante-quatre cases claires et sombres nommées les cases blanches et les cases noires. Les joueurs jouent à tour de rôle en déplaçant l''une de leurs seize pièces, claires pour le camp des blancs, sombres pour le camp des noirs. Chaque joueur possède au départ un roi, une dame, deux tours, deux fous, deux cavaliers et huit pions.',0.5,0,1,1,2,1,'2016-09-14 14:44:14','2016-09-14 14:44:14');
INSERT INTO equipment (id, type, name, description, weight, isMagical, isPurchasable, isSellable, basePrice, version, created, updated) VALUES (13,'TOOL','Kit d''empoisonneur','Ce kit comprend les flacons, produits chimiques et autres appareils nécessaires à la création de poisons. Si vous maîtrisez le kit d''empoisonneur, vous ajoutez votre bonus de maîtrise à tous les jets de caractéristique pour créer et manipuler des poisons.',2,0,1,1,50,2,'2016-09-14 14:45:25','2016-09-14 14:46:22');
INSERT INTO equipment (id, type, name, description, weight, isMagical, isPurchasable, isSellable, basePrice, version, created, updated) VALUES (14,'TOOL','Kit d''herboriste','Ce kit contient une variété d''instruments, tels des pinces, un pilon, des sachets et des flacons que les herboristes utilisent pour créer des remèdes et des potions. Si vous maîtrisez le kit d''herboriste, vous ajoutez votre bonus de maîtrise à tous les jets de caractéristique pour identifier des herbes ou concocter des mélanges et des infusions. Maîtriser le kit d''herboriste est indispensable pour créer des potions de soins et des antidotes.',3,0,1,1,5,1,'2016-09-14 14:46:15','2016-09-14 14:46:15');
INSERT INTO equipment (id, type, name, description, weight, isMagical, isPurchasable, isSellable, basePrice, version, created, updated) VALUES (15,'TOOL','Kit de contrefaçon','Cette petite boîte contient une variété de papiers et parchemins, plumes et encres, sceaux et cire à cacheter, feuilles d''argent et d''or, et autres fournitures nécessaires à la création de faux documents physiques convaincants. La maîtrise de ce kit vous permet d''ajouter votre bonus de maîtrise à tous les jets de caractéristique pour créer un faux d''un document physique.',5,0,1,1,15,1,'2016-09-14 14:47:07','2016-09-14 14:47:07');
INSERT INTO equipment (id, type, name, description, weight, isMagical, isPurchasable, isSellable, basePrice, version, created, updated) VALUES (16,'TOOL','Kit de déguisement','Ce kit comprend des produits cosmétiques, de la teinture pour les cheveux et de petits accessoires pour vous permettre de créer des déguisements qui changent votre apparence physique. Si vous maîtrisez le kit de déguisement, vous ajoutez votre bonus de maîtrise à tous les jets de caractéristiques pour créer un déguisement visuel.',3,0,1,1,25,2,'2016-09-14 14:47:45','2016-09-14 14:49:21');
INSERT INTO equipment (id, type, name, description, weight, isMagical, isPurchasable, isSellable, basePrice, version, created, updated) VALUES (17,'TOOL','Outils de navigation','Ces outils sont utilisés pour la navigation en mer. La maîtrise des outils de navigation vous permet de tracer le parcours d''un navire et de suivre des cartes de navigation. En outre, ces outils vous permettent d''ajouter votre bonus de maîtrise à tous les jets de caractéristique pour éviter de se perdre en mer.',2,0,1,1,25,1,'2016-09-14 14:48:20','2016-09-14 14:48:20');
INSERT INTO equipment (id, type, name, description, weight, isMagical, isPurchasable, isSellable, basePrice, version, created, updated) VALUES (18,'TOOL','Outils de voleur','Ces outils comprennent une petite lime, divers outils de crochetage, un petit miroir monté sur une poignée en métal, une paire de ciseaux à lames fines et une paire de pinces. Si vous maîtrisez les outils de voleur, vous pouvez ajouter votre bonus de maîtrise à tous les jets de caractéristique pour désactiver un piège ou crocheter une serrure.',1,0,1,1,25,2,'2016-09-14 14:48:57','2016-09-14 14:49:09');
INSERT INTO equipment (id, type, name, description, weight, isMagical, isPurchasable, isSellable, basePrice, version, created, updated) VALUES (19,'TOOL','Matériel d''alchimie',NULL,8,0,1,1,50,1,'2016-09-14 14:50:19','2016-09-14 14:50:19');
INSERT INTO equipment (id, type, name, description, weight, isMagical, isPurchasable, isSellable, basePrice, version, created, updated) VALUES (20,'TOOL','Matériel de brasseur',NULL,9,0,1,1,20,1,'2016-09-14 14:50:43','2016-09-14 14:50:43');
INSERT INTO equipment (id, type, name, description, weight, isMagical, isPurchasable, isSellable, basePrice, version, created, updated) VALUES (21,'TOOL','Matériel de calligraphie',NULL,5,0,1,1,10,1,'2016-09-14 14:51:13','2016-09-14 14:51:13');
INSERT INTO equipment (id, type, name, description, weight, isMagical, isPurchasable, isSellable, basePrice, version, created, updated) VALUES (22,'TOOL','Matériel de peintre',NULL,5,0,1,1,10,1,'2016-09-14 14:51:55','2016-09-14 14:51:55');
INSERT INTO equipment (id, type, name, description, weight, isMagical, isPurchasable, isSellable, basePrice, version, created, updated) VALUES (23,'TOOL','Outils de bijoutier',NULL,2,0,1,1,25,2,'2016-09-14 14:52:27','2016-09-14 14:56:18');
INSERT INTO equipment (id, type, name, description, weight, isMagical, isPurchasable, isSellable, basePrice, version, created, updated) VALUES (24,'TOOL','Outils de cartographe',NULL,6,0,1,1,15,1,'2016-09-14 14:52:50','2016-09-14 14:52:50');
INSERT INTO equipment (id, type, name, description, weight, isMagical, isPurchasable, isSellable, basePrice, version, created, updated) VALUES (25,'TOOL','Outils de charpentier',NULL,6,0,1,1,8,2,'2016-09-14 14:53:17','2016-09-14 14:53:22');
INSERT INTO equipment (id, type, name, description, weight, isMagical, isPurchasable, isSellable, basePrice, version, created, updated) VALUES (26,'TOOL','Outils de cordonnier',NULL,5,0,1,1,5,1,'2016-09-14 14:53:56','2016-09-14 14:53:56');
INSERT INTO equipment (id, type, name, description, weight, isMagical, isPurchasable, isSellable, basePrice, version, created, updated) VALUES (27,'TOOL','Outils de cuisinier',NULL,8,0,1,1,1,1,'2016-09-14 14:54:19','2016-09-14 14:54:19');
INSERT INTO equipment (id, type, name, description, weight, isMagical, isPurchasable, isSellable, basePrice, version, created, updated) VALUES (28,'TOOL','Outils de forgeron',NULL,8,0,1,1,20,1,'2016-09-14 14:54:44','2016-09-14 14:54:44');
INSERT INTO equipment (id, type, name, description, weight, isMagical, isPurchasable, isSellable, basePrice, version, created, updated) VALUES (29,'TOOL','Outils de maçon',NULL,8,0,1,1,10,1,'2016-09-14 14:55:11','2016-09-14 14:55:11');
INSERT INTO equipment (id, type, name, description, weight, isMagical, isPurchasable, isSellable, basePrice, version, created, updated) VALUES (30,'TOOL','Outils de menuisier',NULL,5,0,1,1,1,1,'2016-09-14 14:55:33','2016-09-14 14:55:33');
INSERT INTO equipment (id, type, name, description, weight, isMagical, isPurchasable, isSellable, basePrice, version, created, updated) VALUES (31,'TOOL','Outils de potier',NULL,3,0,1,1,10,1,'2016-09-14 14:56:01','2016-09-14 14:56:01');
INSERT INTO equipment (id, type, name, description, weight, isMagical, isPurchasable, isSellable, basePrice, version, created, updated) VALUES (32,'TOOL','Outils de bricolleur',NULL,10,0,1,1,50,1,'2016-09-14 14:57:53','2016-09-14 14:57:53');
INSERT INTO equipment (id, type, name, description, weight, isMagical, isPurchasable, isSellable, basePrice, version, created, updated) VALUES (33,'TOOL','Outils de souffleur de verre',NULL,5,0,1,1,30,1,'2016-09-14 14:58:24','2016-09-14 14:58:24');
INSERT INTO equipment (id, type, name, description, weight, isMagical, isPurchasable, isSellable, basePrice, version, created, updated) VALUES (34,'TOOL','Outils de tanneur de cuir',NULL,5,0,1,1,5,1,'2016-09-14 14:58:54','2016-09-14 14:58:54');
INSERT INTO equipment (id, type, name, description, weight, isMagical, isPurchasable, isSellable, basePrice, version, created, updated) VALUES (35,'TOOL','Outils de tisserand',NULL,5,0,1,1,1,1,'2016-09-14 14:59:14','2016-09-14 14:59:14');
INSERT INTO equipment (id, type, name, description, weight, isMagical, isPurchasable, isSellable, basePrice, version, created, updated) VALUES (36,'ARMOR','Armure matelassée','L''armure matelassée se compose de couches matelassées de tissu et ouate.',8,0,1,1,5,1,'2016-09-15 08:07:17','2016-09-15 08:07:17');
INSERT INTO equipment (id, type, name, description, weight, isMagical, isPurchasable, isSellable, basePrice, version, created, updated) VALUES (37,'ARMOR','Armure de cuir','Le plastron et les épaules protecteurs de cette armure sont faits de cuir qui a été solidifié en étant bouilli dans de l''huile. Le reste de l''armure est constituée de matériaux plus doux et plus souples.',10,0,1,1,10,1,'2016-09-15 08:07:39','2016-09-15 08:07:39');
INSERT INTO equipment (id, type, name, description, weight, isMagical, isPurchasable, isSellable, basePrice, version, created, updated) VALUES (38,'ARMOR','Armure de cuir clouté','Fabriqué à partir de cuir solide mais flexible, l''armure de cuir clouté est renforcée avec des rivets ou des crampons.',13,0,1,1,45,1,'2016-09-15 08:08:01','2016-09-15 08:08:01');
INSERT INTO equipment (id, type, name, description, weight, isMagical, isPurchasable, isSellable, basePrice, version, created, updated) VALUES (39,'ARMOR','Armure de peau','Cette armure brute se compose de fourrures épaisses et de peaux. Il est communément porté par les tribus barbares , les humanoïdes mauvais et d''autres gens qui n''ont pas accès aux outils et les matériaux nécessaires pour créer une meilleure armure.',12,0,1,1,10,1,'2016-09-15 08:08:19','2016-09-15 08:08:19');
INSERT INTO equipment (id, type, name, description, weight, isMagical, isPurchasable, isSellable, basePrice, version, created, updated) VALUES (40,'ARMOR','Chemise de cotte de maille','Fait d''anneaux métalliques entrelacées, une chemise de cotte de maille est portée entre les couches de vêtements ou de cuir. Cette armure offre une protection modeste supérieure au porteur et permet au son des mailles d''être étouffé par les couches extérieures.',20,0,1,1,50,1,'2016-09-15 08:08:46','2016-09-15 08:08:46');
INSERT INTO equipment (id, type, name, description, weight, isMagical, isPurchasable, isSellable, basePrice, version, created, updated) VALUES (41,'ARMOR','Armure feuilletée','Cette armure se compose d''un manteau et des jambières de cuir recouvert de chevauchement des morceaux de métal, un peu comme les écailles d''un poisson. Le costume comprend gantelets.',45,0,1,1,50,1,'2016-09-15 08:09:07','2016-09-15 08:09:07');
INSERT INTO equipment (id, type, name, description, weight, isMagical, isPurchasable, isSellable, basePrice, version, created, updated) VALUES (42,'ARMOR','Plastron de plate','Cette armure est constituée d''un métal ajusté à la poitrine porté avec cuir souple. Bien qu''elle laisse les jambes et les bras relativement non protégés, cette armure fournit une bonne protection pour les organes vitaux tout en laissant le porteur relativement non-encombré.',20,0,1,1,400,1,'2016-09-15 08:09:39','2016-09-15 08:09:39');
INSERT INTO equipment (id, type, name, description, weight, isMagical, isPurchasable, isSellable, basePrice, version, created, updated) VALUES (43,'ARMOR','Armure demie-plate','La demie-plate est constituée de plaques métalliques profilées qui couvrent la majeure partie du corps de l''utilisateur. Il ne comprend pas de protection aux jambes sauf des jambières simples qui sont attachées\navec des lanières de cuir.',40,0,1,1,750,1,'2016-09-15 08:10:01','2016-09-15 08:10:01');
INSERT INTO equipment (id, type, name, description, weight, isMagical, isPurchasable, isSellable, basePrice, version, created, updated) VALUES (44,'ARMOR','Armure annelée','Cette armure est une armure de cuir avec de lourdes anneaux cousus en elle. Les anneaux contribuent à renforcer l''armure contre les coups de sabres et des haches. L''armure annelée est inférieure à la cotte de maille et est généralement portée que par ceux qui ne peuvent pas se permettre une meilleure armure.',40,0,1,1,30,1,'2016-09-15 08:10:19','2016-09-15 08:10:19');
INSERT INTO equipment (id, type, name, description, weight, isMagical, isPurchasable, isSellable, basePrice, version, created, updated) VALUES (45,'ARMOR','Cotte de maille','Fait d''anneaux métalliques entrelacés , la cotte de maille contient une couche de tissu matelassé portée sous\nles mailles pour éviter les frottements et à amortir l''impact des coups. Le costume comprend gantelets.',55,0,1,1,75,1,'2016-09-15 08:10:42','2016-09-15 08:10:42');
INSERT INTO equipment (id, type, name, description, weight, isMagical, isPurchasable, isSellable, basePrice, version, created, updated) VALUES (46,'ARMOR','Armure à éclisses','Cette armure est faite de bandes verticales étroites de métal riveté sur un support de cuir qui est porté sur un\nrembourrage en tissu. Une cotte de mailles flexible protège les articulations.',60,0,1,1,200,1,'2016-09-15 08:11:02','2016-09-15 08:11:02');
INSERT INTO equipment (id, type, name, description, weight, isMagical, isPurchasable, isSellable, basePrice, version, created, updated) VALUES (47,'ARMOR','Armure de plate complète','L''armure de plate complète est formée de plaques de métal entremêlées pour couvrir l''ensemble du corps. Une armure de plate comprend gantelets, des bottes en cuir épais, un casque à visière et une épaisse couche de rembourrage sous l''armure. Boucles et sangles distribuent le poids sur le corps.',65,0,1,1,1500,1,'2016-09-15 08:11:24','2016-09-15 08:11:24');
INSERT INTO equipment (id, type, name, description, weight, isMagical, isPurchasable, isSellable, basePrice, version, created, updated) VALUES (48,'WEAPON','Gourdin',NULL,2,0,1,1,1,1,'2016-09-15 08:21:36','2016-09-15 08:21:36');
INSERT INTO equipment (id, type, name, description, weight, isMagical, isPurchasable, isSellable, basePrice, version, created, updated) VALUES (49,'WEAPON','Dague',NULL,1,0,1,1,2,1,'2016-09-15 08:21:53','2016-09-15 08:21:53');
INSERT INTO equipment (id, type, name, description, weight, isMagical, isPurchasable, isSellable, basePrice, version, created, updated) VALUES (50,'WEAPON','Massue',NULL,10,0,1,1,1,1,'2016-09-15 08:22:05','2016-09-15 08:22:05');
INSERT INTO equipment (id, type, name, description, weight, isMagical, isPurchasable, isSellable, basePrice, version, created, updated) VALUES (51,'WEAPON','Hache',NULL,2,0,1,1,5,1,'2016-09-15 08:22:40','2016-09-15 08:22:40');
INSERT INTO equipment (id, type, name, description, weight, isMagical, isPurchasable, isSellable, basePrice, version, created, updated) VALUES (52,'WEAPON','Javeline',NULL,2,0,1,1,1,1,'2016-09-15 08:22:55','2016-09-15 08:22:55');
INSERT INTO equipment (id, type, name, description, weight, isMagical, isPurchasable, isSellable, basePrice, version, created, updated) VALUES (53,'WEAPON','Marteau',NULL,2,0,1,1,2,1,'2016-09-15 08:23:10','2016-09-15 08:23:10');
INSERT INTO equipment (id, type, name, description, weight, isMagical, isPurchasable, isSellable, basePrice, version, created, updated) VALUES (54,'WEAPON','Masse d''arme',NULL,4,0,1,1,5,1,'2016-09-15 08:23:27','2016-09-15 08:23:27');
INSERT INTO equipment (id, type, name, description, weight, isMagical, isPurchasable, isSellable, basePrice, version, created, updated) VALUES (55,'WEAPON','Bâton',NULL,4,0,1,1,1,1,'2016-09-15 08:23:51','2016-09-15 08:23:51');
INSERT INTO equipment (id, type, name, description, weight, isMagical, isPurchasable, isSellable, basePrice, version, created, updated) VALUES (56,'WEAPON','Faucillle',NULL,2,0,1,1,1,1,'2016-09-15 08:24:15','2016-09-15 08:24:15');
INSERT INTO equipment (id, type, name, description, weight, isMagical, isPurchasable, isSellable, basePrice, version, created, updated) VALUES (57,'WEAPON','Arbalète légère',NULL,5,0,1,1,25,1,'2016-09-15 08:24:45','2016-09-15 08:24:45');
INSERT INTO equipment (id, type, name, description, weight, isMagical, isPurchasable, isSellable, basePrice, version, created, updated) VALUES (58,'WEAPON','Fléchette',NULL,0.25,0,1,1,1,1,'2016-09-15 08:25:12','2016-09-15 08:25:12');
INSERT INTO equipment (id, type, name, description, weight, isMagical, isPurchasable, isSellable, basePrice, version, created, updated) VALUES (59,'WEAPON','Arc court',NULL,2,0,1,1,25,1,'2016-09-15 08:25:31','2016-09-15 08:25:31');
INSERT INTO equipment (id, type, name, description, weight, isMagical, isPurchasable, isSellable, basePrice, version, created, updated) VALUES (60,'WEAPON','Fronde',NULL,0.1,0,1,1,1,1,'2016-09-15 08:25:47','2016-09-15 08:25:47');
INSERT INTO equipment (id, type, name, description, weight, isMagical, isPurchasable, isSellable, basePrice, version, created, updated) VALUES (61,'WEAPON','Hache d''arme',NULL,4,0,1,1,10,1,'2016-09-15 08:26:06','2016-09-15 08:26:06');
INSERT INTO equipment (id, type, name, description, weight, isMagical, isPurchasable, isSellable, basePrice, version, created, updated) VALUES (62,'WEAPON','Fléau',NULL,2,0,1,1,10,1,'2016-09-15 08:26:19','2016-09-15 08:26:19');
INSERT INTO equipment (id, type, name, description, weight, isMagical, isPurchasable, isSellable, basePrice, version, created, updated) VALUES (63,'WEAPON','Hache à 2 mains',NULL,7,0,1,1,30,1,'2016-09-15 08:26:34','2016-09-15 08:26:34');
INSERT INTO equipment (id, type, name, description, weight, isMagical, isPurchasable, isSellable, basePrice, version, created, updated) VALUES (64,'WEAPON','Épée à 2 mains',NULL,6,0,1,1,50,1,'2016-09-15 08:26:48','2016-09-15 08:26:48');
INSERT INTO equipment (id, type, name, description, weight, isMagical, isPurchasable, isSellable, basePrice, version, created, updated) VALUES (65,'WEAPON','Hallebarde',NULL,6,0,1,1,20,1,'2016-09-15 08:27:00','2016-09-15 08:27:00');
INSERT INTO equipment (id, type, name, description, weight, isMagical, isPurchasable, isSellable, basePrice, version, created, updated) VALUES (66,'WEAPON','Épieu',NULL,3,0,1,1,1,1,'2016-09-15 08:27:14','2016-09-15 08:27:14');
INSERT INTO equipment (id, type, name, description, weight, isMagical, isPurchasable, isSellable, basePrice, version, created, updated) VALUES (67,'WEAPON','Épée longue',NULL,3,0,1,1,15,1,'2016-09-15 08:27:30','2016-09-15 08:27:30');
INSERT INTO equipment (id, type, name, description, weight, isMagical, isPurchasable, isSellable, basePrice, version, created, updated) VALUES (68,'WEAPON','Marteau à 2 mains',NULL,10,0,1,1,10,1,'2016-09-15 08:27:52','2016-09-15 08:27:52');
INSERT INTO equipment (id, type, name, description, weight, isMagical, isPurchasable, isSellable, basePrice, version, created, updated) VALUES (69,'WEAPON','Étoile du matin',NULL,4,0,1,1,15,1,'2016-09-15 08:28:22','2016-09-15 08:28:22');
INSERT INTO equipment (id, type, name, description, weight, isMagical, isPurchasable, isSellable, basePrice, version, created, updated) VALUES (70,'WEAPON','Pique',NULL,18,0,1,1,5,1,'2016-09-15 08:28:39','2016-09-15 08:28:39');
INSERT INTO equipment (id, type, name, description, weight, isMagical, isPurchasable, isSellable, basePrice, version, created, updated) VALUES (71,'WEAPON','Rapière',NULL,2,0,1,1,25,1,'2016-09-15 08:28:59','2016-09-15 08:28:59');
INSERT INTO equipment (id, type, name, description, weight, isMagical, isPurchasable, isSellable, basePrice, version, created, updated) VALUES (72,'WEAPON','Cimetère',NULL,3,0,1,1,25,1,'2016-09-15 08:29:21','2016-09-15 08:29:21');
INSERT INTO equipment (id, type, name, description, weight, isMagical, isPurchasable, isSellable, basePrice, version, created, updated) VALUES (73,'WEAPON','Épée courte',NULL,2,0,1,1,10,1,'2016-09-15 08:29:35','2016-09-15 08:29:35');
INSERT INTO equipment (id, type, name, description, weight, isMagical, isPurchasable, isSellable, basePrice, version, created, updated) VALUES (74,'WEAPON','Trident',NULL,4,0,1,1,5,1,'2016-09-15 08:29:48','2016-09-15 08:29:48');
INSERT INTO equipment (id, type, name, description, weight, isMagical, isPurchasable, isSellable, basePrice, version, created, updated) VALUES (75,'WEAPON','Marteau de guerre',NULL,2,0,1,1,15,1,'2016-09-15 08:30:08','2016-09-15 08:30:08');
INSERT INTO equipment (id, type, name, description, weight, isMagical, isPurchasable, isSellable, basePrice, version, created, updated) VALUES (76,'WEAPON','Fouet',NULL,3,0,1,1,2,1,'2016-09-15 08:30:21','2016-09-15 08:30:21');
INSERT INTO equipment (id, type, name, description, weight, isMagical, isPurchasable, isSellable, basePrice, version, created, updated) VALUES (77,'WEAPON','Sarbacane',NULL,1,0,1,1,10,1,'2016-09-15 08:30:45','2016-09-15 08:30:45');
INSERT INTO equipment (id, type, name, description, weight, isMagical, isPurchasable, isSellable, basePrice, version, created, updated) VALUES (78,'WEAPON','Arbalète de poing',NULL,3,0,1,1,75,1,'2016-09-15 08:31:02','2016-09-15 08:31:02');
INSERT INTO equipment (id, type, name, description, weight, isMagical, isPurchasable, isSellable, basePrice, version, created, updated) VALUES (79,'WEAPON','Arbalète lourde',NULL,18,0,1,1,50,1,'2016-09-15 08:31:27','2016-09-15 08:31:27');
INSERT INTO equipment (id, type, name, description, weight, isMagical, isPurchasable, isSellable, basePrice, version, created, updated) VALUES (80,'WEAPON','Arc long',NULL,2,0,1,1,50,1,'2016-09-15 08:31:43','2016-09-15 08:31:43');
INSERT INTO equipment (id, type, name, description, weight, isMagical, isPurchasable, isSellable, basePrice, version, created, updated) VALUES (81,'BRACER','Bracelets de cuir','Pair de bracelet de cuir qui couvre l''avant bras. Ne fournit pas de protection particulière.',0.5,0,1,1,2,1,'2016-09-15 08:43:50','2016-09-15 08:43:50');
INSERT INTO equipment (id, type, name, description, weight, isMagical, isPurchasable, isSellable, basePrice, version, created, updated) VALUES (82,'BRACER','Bracelets de métal','Pair de bracelet de métal couvrant l''avant bras et attaché avec des lanières de cuir. Ne fournit pas de protection particulière.',1,0,1,1,5,2,'2016-09-15 08:47:24','2016-09-15 08:49:56');
INSERT INTO equipment (id, type, name, description, weight, isMagical, isPurchasable, isSellable, basePrice, version, created, updated) VALUES (83,'BOOT','Bottes de cuir','Pair de bottes de cuir simple.',1,0,1,1,2,1,'2016-09-15 08:48:30','2016-09-15 08:48:30');
INSERT INTO equipment (id, type, name, description, weight, isMagical, isPurchasable, isSellable, basePrice, version, created, updated) VALUES (84,'BELT','Ceinture de cuir','Ceinture de cuir simple.',0.4,0,1,1,1,1,'2016-09-15 08:49:19','2016-09-15 08:49:19');
INSERT INTO equipment (id, type, name, description, weight, isMagical, isPurchasable, isSellable, basePrice, version, created, updated) VALUES (85,'GEAR','Fiole d''acide','Au prix d''une action, vous pouvez lancer le contenu de ce flacon sur une créature à 5 pieds ou moins de vous, ou jeter le flacon jusqu''à 20 pieds, le brisant à l''impact. Dans les deux cas, faire une attaque à distance contre une créature ou un objet, en considérant l''acide comme une arme improvisée. En cas de succès, la cible reçoit 2d6 dégâts d''acide.',1,0,1,1,25,1,'2016-09-15 08:57:27','2016-09-15 08:57:27');
INSERT INTO equipment (id, type, name, description, weight, isMagical, isPurchasable, isSellable, basePrice, version, created, updated) VALUES (86,'GEAR','Antidote','Une créature qui boit cette fiole gagne l''avantage aux jets de sauvegarde contre le poison pendant 1 heure. Il ne confère aucun avantage aux morts-vivants et aux créatures artificielles.',0.1,0,1,1,50,1,'2016-09-15 08:58:21','2016-09-15 08:58:21');
INSERT INTO equipment (id, type, name, description, weight, isMagical, isPurchasable, isSellable, basePrice, version, created, updated) VALUES (87,'GEAR','Bélier portable','Vous pouvez utiliser un bélier portable pour enfoncer des portes. Ce faisant, vous gagnez un bonus de +4 au jet de Force. Un autre personnage peut vous aider à utiliser le bélier, ce qui vous donne l''avantage à ce jet.',35,0,1,1,4,2,'2016-09-15 09:05:25','2016-09-15 09:05:52');
INSERT INTO equipment (id, type, name, description, weight, isMagical, isPurchasable, isSellable, basePrice, version, created, updated) VALUES (88,'GEAR','Sac de billes','Au prix d''une action, vous pouvez sortir ces petites billes métalliques de leur poche pour recouvrir une zone de 10x10 pieds. Une créature se déplaçant à travers la zone recouverte doit réussir un jet de sauvegarde de Dextérité DD 10 ou tomber à terre. Une créature se déplaçant à travers la zone à la moitié de sa vitesse n''a pas besoin de faire le jet de sauvegarde.',2,0,1,1,1,2,'2016-09-15 09:06:51','2016-09-15 09:07:02');
INSERT INTO equipment (id, type, name, description, weight, isMagical, isPurchasable, isSellable, basePrice, version, created, updated) VALUES (89,'GEAR','Boite d''allume-feu','Cette petite boite contient un silex, des amorces et de l''amadou (généralement des bouts de tissu sec trempés dans de l''huile), soit tout le nécessaire pour allumer un feu. L''utiliser pour allumer une torche, ou autre chose qui contient suffisamment d''huile, prend une action. Allumer tout autre type de feu prend 1 minute.',1,0,1,1,1,1,'2016-09-15 09:08:16','2016-09-15 09:08:16');
INSERT INTO equipment (id, type, name, description, weight, isMagical, isPurchasable, isSellable, basePrice, version, created, updated) VALUES (90,'GEAR','Bougie','Une bougie génère une lumière vive dans un rayon de 5 pieds et une lumière faible sur 5 pieds supplémentaire durant 1 heure.',0.1,0,1,1,1,1,'2016-09-15 09:08:54','2016-09-15 09:08:54');
INSERT INTO equipment (id, type, name, description, weight, isMagical, isPurchasable, isSellable, basePrice, version, created, updated) VALUES (91,'GEAR','Bourse','Une bourse en tissu ou en cuir peut contenir jusqu''à 20 billes de fronde ou 50 aiguilles de sarbacane, entre autres choses. Une bourse compartimentée pour abriter des composants de sorts est appelé une sacoche à composantes.',1,0,1,1,1,1,'2016-09-15 09:09:52','2016-09-15 09:09:52');
INSERT INTO equipment (id, type, name, description, weight, isMagical, isPurchasable, isSellable, basePrice, version, created, updated) VALUES (92,'GEAR','Cadenas','Une clé est fournie avec le cadenas. Sans la clé, une créature qui maîtrise les outils de voleur peut ouvrir le cadenas en réussissant un jet de Dextérité DD 15. Votre MD peut décider que des cadenas de meilleure qualité sont disponibles à des prix plus élevés.',1,0,1,1,10,1,'2016-09-15 09:10:24','2016-09-15 09:10:24');
INSERT INTO equipment (id, type, name, description, weight, isMagical, isPurchasable, isSellable, basePrice, version, created, updated) VALUES (93,'GEAR','Carquois','Un carquois peut contenir jusqu''à 20 flèches.',1,0,1,1,1,1,'2016-09-15 09:10:45','2016-09-15 09:10:45');
INSERT INTO equipment (id, type, name, description, weight, isMagical, isPurchasable, isSellable, basePrice, version, created, updated) VALUES (94,'GEAR','Chaine (10 pieds)','Une chaîne dispose de 10 pv. Elle peut être brisée en réussissant un jet de Force de DD 20.',10,0,1,1,5,1,'2016-09-15 09:11:26','2016-09-15 09:11:26');
INSERT INTO equipment (id, type, name, description, weight, isMagical, isPurchasable, isSellable, basePrice, version, created, updated) VALUES (95,'GEAR','Chausses-trappes','Au prix d''une action, vous pouvez étaler le contenu d''un sac de chausse-trappes pour couvrir une zone de 1,50 m x 1,50 m. Toute créature qui entre dans la zone doit réussir un jet de sauvegarde de Dextérité DD 15 ou mettre fin à son mouvement et prendre 1 point de dégâts perforant. Jusqu''à ce que la créature retrouve au moins 1 point de vie, sa vitesse de marche est réduite de 3 mètres. Une créature se déplaçant à travers la zone à la moitié de sa vitesse n''a pas besoin de faire le jet de sauvegarde.',2,0,1,1,1,2,'2016-09-15 09:12:51','2016-09-15 09:12:57');
INSERT INTO equipment (id, type, name, description, weight, isMagical, isPurchasable, isSellable, basePrice, version, created, updated) VALUES (96,'GEAR','Corde de chanvre','Une corde, qu''elle soit faite de chanvre ou de soie, possède 2 pv et peut être cassée avec un jet de Force DD 17.',10,0,1,1,1,1,'2016-09-15 09:15:20','2016-09-15 09:15:20');
INSERT INTO equipment (id, type, name, description, weight, isMagical, isPurchasable, isSellable, basePrice, version, created, updated) VALUES (97,'GEAR','Corde de soie','Une corde, qu''elle soit faite de chanvre ou de soie, possède 2 pv et peut être cassée avec un jet de Force DD 17.',5,0,1,1,10,1,'2016-09-15 09:15:47','2016-09-15 09:15:47');
INSERT INTO equipment (id, type, name, description, weight, isMagical, isPurchasable, isSellable, basePrice, version, created, updated) VALUES (98,'GEAR','Couverture','Une couverture chaude.',3,0,1,1,1,1,'2016-09-15 09:17:08','2016-09-15 09:17:08');
INSERT INTO equipment (id, type, name, description, weight, isMagical, isPurchasable, isSellable, basePrice, version, created, updated) VALUES (99,'GEAR','Flasque d''eau bénite','Au prix d''une action, vous pouvez lancer le contenu de cette flasque sur une créature à 1,50 mètre ou moins de vous, ou jeter le flacon jusqu''à 6 mètres, la brisant à l''impact. Dans les deux cas, faire une attaque à distance contre une créature, en considérant l''eau bénite comme une arme improvisée. Si la cible est un fiélon ou mort-vivant, elle reçoit 2d6 dégâts radiant. Un clerc ou un paladin peut créer de l''eau bénite lors d''un rituel spécial. Le rituel dure 1 heure, consomme pour 25 po de poudre d''argent, et nécessite que le lanceur dépense un emplacement de sort de niveau 1.',1,0,1,1,25,1,'2016-09-15 09:18:15','2016-09-15 09:18:15');
INSERT INTO equipment (id, type, name, description, weight, isMagical, isPurchasable, isSellable, basePrice, version, created, updated) VALUES (100,'GEAR','Étui à carreaux d''arbalète','Cet étui en bois peut contenir jusqu''à vingt carreaux d''arbalète.',1,0,1,1,1,1,'2016-09-15 09:18:56','2016-09-15 09:18:56');
INSERT INTO equipment (id, type, name, description, weight, isMagical, isPurchasable, isSellable, basePrice, version, created, updated) VALUES (101,'GEAR','Étui à parchemins','Cet étui en cuir cylindrique peut contenir jusqu''à dix feuilles de papier enroulées ou cinq feuilles de parchemin enroulées.',1,0,1,1,1,1,'2016-09-15 09:19:24','2016-09-15 09:19:24');
INSERT INTO equipment (id, type, name, description, weight, isMagical, isPurchasable, isSellable, basePrice, version, created, updated) VALUES (102,'GEAR','Fiole (10 cl)','Une fiole vide pouvant contenir 10 centilitres.',0.1,0,1,1,1,1,'2016-09-15 09:20:32','2016-09-15 09:20:32');
INSERT INTO equipment (id, type, name, description, weight, isMagical, isPurchasable, isSellable, basePrice, version, created, updated) VALUES (103,'GEAR','Flasque (50 cl)','Une flasque vide pouvant contenir 50 centilitres.',0.5,0,1,1,1,2,'2016-09-15 09:21:13','2016-09-15 09:21:21');
INSERT INTO equipment (id, type, name, description, weight, isMagical, isPurchasable, isSellable, basePrice, version, created, updated) VALUES (104,'GEAR','Gourde d''eau','Une gourde d''eau pleine',5,0,1,1,1,1,'2016-09-15 09:22:34','2016-09-15 09:22:34');
INSERT INTO equipment (id, type, name, description, weight, isMagical, isPurchasable, isSellable, basePrice, version, created, updated) VALUES (105,'GEAR','Gamelle','Cette boîte en étain contient une tasse et des couverts. Faite de deux parties qui s''assemblent, un côté de la boîte peut être utilisé pour cuire des aliments et l''autre comme une assiette ou une petite cuvette.',1,0,1,1,1,1,'2016-09-15 09:23:16','2016-09-15 09:23:16');
INSERT INTO equipment (id, type, name, description, weight, isMagical, isPurchasable, isSellable, basePrice, version, created, updated) VALUES (106,'GEAR','Feu grégeois','Ce liquide adhésif et collant s''enflamme lorsqu''il est exposé à l''air. Au prix d''une action, vous pouvez jeter cette flasque jusqu''à 20 pieds, la brisant à l''impact. Faire une attaque à distance contre une créature ou un objet, en considérant le feu grégeois comme une arme improvisée. En cas de succès, la cible reçoit 1d4 dégâts de feu au début de chacun de ses tours. Une créature peut mettre fin à ces dégâts en utilisant son action pour faire un jet de Dextérité DD 10 pour éteindre les flammes.',1,0,1,1,50,1,'2016-09-15 09:24:27','2016-09-15 09:24:27');
INSERT INTO equipment (id, type, name, description, weight, isMagical, isPurchasable, isSellable, basePrice, version, created, updated) VALUES (107,'GEAR','Grimoire','Essentiel pour les magiciens, un grimoire est un livre relié en cuir qui contient 100 pages de vélin blanc, et sur lesquelles on peut recopier des sorts.',3,0,1,1,50,1,'2016-09-15 09:25:33','2016-09-15 09:25:33');
INSERT INTO equipment (id, type, name, description, weight, isMagical, isPurchasable, isSellable, basePrice, version, created, updated) VALUES (108,'GEAR','Robe de mage','Une robe de mage simple',4,0,1,1,1,1,'2016-09-15 09:26:42','2016-09-15 09:26:42');
INSERT INTO equipment (id, type, name, description, weight, isMagical, isPurchasable, isSellable, basePrice, version, created, updated) VALUES (109,'GEAR','Flasque d''huile','L''huile vient habituellement dans une fiole d''argile de 50 cl. Au prix d''une action, vous pouvez lancer le contenu de cette flasque sur une créature à 5 pieds ou moins de vous, ou jeter la flasque jusqu''à 20 pieds, la brisant à l''impact. Dans les deux cas, faire une attaque à distance contre une créature ou un objet, en considérant l''huile comme une arme improvisée. En cas de succès, la cible est couverte d''huile. Si la cible reçoit des dégâts de feu avant que l''huile ne sèche (après 1 minute), la cible prend 5 points de dégâts de feu supplémentaire dus à l''huile brûlante. Vous pouvez aussi verser une flasque d''huile sur le sol pour couvrir une zone de 5x5 pieds, à condition que la surface soit plane. Une fois allumée, l''huile brûle pendant 2 rounds et inflige 5 points de dégâts de feu à toute créature qui pénètre dans la zone ou qui y termine son tour. Une créature ne peut prendre ces dégâts qu''une fois par tour.',1,0,1,1,1,1,'2016-09-15 09:28:01','2016-09-15 09:28:01');
INSERT INTO equipment (id, type, name, description, weight, isMagical, isPurchasable, isSellable, basePrice, version, created, updated) VALUES (110,'GEAR','Lampe','Une lampe projette une lumière vive dans un rayon de 15 pieds et une lumière faible sur 30 pieds supplémentaires. Une fois allumée, elle brûle pendant 6 heures tout en consommant une flasque d''huile (50 cl).',1,0,1,1,1,1,'2016-09-15 09:28:58','2016-09-15 09:28:58');
INSERT INTO equipment (id, type, name, description, weight, isMagical, isPurchasable, isSellable, basePrice, version, created, updated) VALUES (111,'GEAR','Lanterne à capote','Une lanterne à capote projette une lumière vive dans un rayon de 30 pieds et une lumière faible sur 30 pieds supplémentaires. Une fois allumée, elle brûle pendant 6 heures tout en consommant une flasque d''huile (50 cl). Au prix d''une action, vous pouvez ajuster la capote, ce qui réduit la lumière à une lumière faible dans un rayon de 5 pieds.',2,0,1,1,5,1,'2016-09-15 09:30:29','2016-09-15 09:30:29');
INSERT INTO equipment (id, type, name, description, weight, isMagical, isPurchasable, isSellable, basePrice, version, created, updated) VALUES (112,'GEAR','Lanterne sourde','Une lanterne sourde projette une lumière vive dans un cône de 60 pieds et une lumière faible sur 60 pieds supplémentaires. Une fois allumée, elle brûle pendant 6 heures tout en consommant une flasque d''huile (50 cl).',2,0,1,1,10,1,'2016-09-15 09:31:22','2016-09-15 09:31:22');
INSERT INTO equipment (id, type, name, description, weight, isMagical, isPurchasable, isSellable, basePrice, version, created, updated) VALUES (113,'GEAR','Livre','Un livre peut contenir de la poésie, des récits historiques, des informations relatives à un domaine particulier de connaissance, des diagrammes et des notes sur une invention gnome, ou n''importe quoi d''autre qui peut être représenté en utilisant du texte ou des images.',5,0,1,1,25,1,'2016-09-15 09:32:10','2016-09-15 09:32:10');
INSERT INTO equipment (id, type, name, description, weight, isMagical, isPurchasable, isSellable, basePrice, version, created, updated) VALUES (114,'GEAR','Longue-vue','Les objets vus à travers une longue-vue sont amplifiés de deux fois leur taille.',1,0,1,1,1000,1,'2016-09-15 09:32:55','2016-09-15 09:32:55');
INSERT INTO equipment (id, type, name, description, weight, isMagical, isPurchasable, isSellable, basePrice, version, created, updated) VALUES (115,'GEAR','Loupe','Ce verre permet un examen plus minutieux des petits objets. Il est également utile comme substitut au silex pour allumer un feu. Allumer un feu avec une loupe nécessite une lumière aussi vive que celle du soleil pour faire prendre l''amadou, et environ 5 minutes pour que le feu prenne. Une loupe donne l''avantage aux jets de caractéristique pour évaluer ou inspecter un objet de petite taille ou très détaillé.',0.1,0,1,1,100,1,'2016-09-15 09:33:33','2016-09-15 09:33:33');
INSERT INTO equipment (id, type, name, description, weight, isMagical, isPurchasable, isSellable, basePrice, version, created, updated) VALUES (117,'GEAR','Marteau de charpentier','Un simple marteau en bois.',3,0,1,1,1,1,'2016-09-15 09:35:20','2016-09-15 09:35:20');
INSERT INTO equipment (id, type, name, description, weight, isMagical, isPurchasable, isSellable, basePrice, version, created, updated) VALUES (118,'GEAR','Marteau de forgeron','Un marteau de forgeron en métal très dur.',10,0,1,1,2,1,'2016-09-15 09:36:17','2016-09-15 09:36:17');
INSERT INTO equipment (id, type, name, description, weight, isMagical, isPurchasable, isSellable, basePrice, version, created, updated) VALUES (119,'GEAR','Matériel d''escalade','Ce kit comprend des pitons spéciaux, des pointes pour les chaussures, des gants et un harnais. Vous pouvez utiliser le matériel d''escalade pour vous accrocher au prix d''une action ; une fois fait, vous ne pouvez pas tomber de plus de 25 pieds de l''endroit où vous êtes ancré, et ne pouvez pas monter de plus de 25 pieds de ce point sans devoir défaire l''ancrage.',12,0,1,1,25,1,'2016-09-15 09:37:32','2016-09-15 09:37:32');
INSERT INTO equipment (id, type, name, description, weight, isMagical, isPurchasable, isSellable, basePrice, version, created, updated) VALUES (120,'GEAR','Matériel de pêche','Ce kit comprend une tige en bois, une ligne de soie, des flotteurs en liège, des hameçons en acier, des plombs, des leurres en velours et un petit filet.',4,0,1,1,1,1,'2016-09-15 09:38:04','2016-09-15 09:38:04');
INSERT INTO equipment (id, type, name, description, weight, isMagical, isPurchasable, isSellable, basePrice, version, created, updated) VALUES (121,'GEAR','Matériel de marchand','Cela comprend une petite balance, des plateaux et un assortiment de poids approprié jusqu''à 2 lbs. Avec, vous pouvez mesurer le poids exact de petits objets, tels que des métaux précieux ou des biens commerciaux, pour aider à déterminer leur valeur.',3,0,1,1,5,1,'2016-09-15 09:40:00','2016-09-15 09:40:00');
INSERT INTO equipment (id, type, name, description, weight, isMagical, isPurchasable, isSellable, basePrice, version, created, updated) VALUES (122,'GEAR','Menottes','Ces menottes métalliques servent pour une créature de taille Petite ou Moyenne. Se libérer des menottes nécessite un jet de Dextérité DD 20 réussi. Briser les menottes nécessite un jet de Force DD 20 réussi. Chaque paire de menottes est livrée avec une clé. Sans la clé, une créature qui maîtrise les outils de voleur peut ouvrir les menottes en réussissant un jet de Dextérité DD 15. Les menottes ont 15 points de vie.',6,0,1,1,2,1,'2016-09-15 10:00:32','2016-09-15 10:00:32');
INSERT INTO equipment (id, type, name, description, weight, isMagical, isPurchasable, isSellable, basePrice, version, created, updated) VALUES (123,'GEAR','Palan','Ensemble de poulies avec un câble et un crochet pour attacher des objets, un palan permet de hisser jusqu''à quatre fois le poids que vous pouvez normalement soulever.',5,0,1,1,1,1,'2016-09-15 10:01:17','2016-09-15 10:01:17');
INSERT INTO equipment (id, type, name, description, weight, isMagical, isPurchasable, isSellable, basePrice, version, created, updated) VALUES (124,'GEAR','Pied-de-biche','Un pied de biche octroie un avantage aux jets de Force lorsque le levier du pied de biche peut être utilisé.',1,0,1,1,1,1,'2016-09-15 10:02:12','2016-09-15 10:02:12');
INSERT INTO equipment (id, type, name, description, weight, isMagical, isPurchasable, isSellable, basePrice, version, created, updated) VALUES (125,'GEAR','Papier','Une feuille de papier vierge.',0,0,1,1,1,1,'2016-09-15 10:02:43','2016-09-15 10:02:43');
INSERT INTO equipment (id, type, name, description, weight, isMagical, isPurchasable, isSellable, basePrice, version, created, updated) VALUES (126,'GEAR','Parchemin','Une feuille de parchemin vierge.',0,0,1,1,1,1,'2016-09-15 10:03:14','2016-09-15 10:03:14');
INSERT INTO equipment (id, type, name, description, weight, isMagical, isPurchasable, isSellable, basePrice, version, created, updated) VALUES (127,'GEAR','Pelle','Une pelle avec un manche en bois et le bout pour creuser en fer.',5,0,1,1,2,1,'2016-09-15 10:04:32','2016-09-15 10:04:32');
INSERT INTO equipment (id, type, name, description, weight, isMagical, isPurchasable, isSellable, basePrice, version, created, updated) VALUES (128,'GEAR','Piège de chasse','Lorsque vous utilisez votre action pour l''installer, ce piège forme un anneau d''acier en dents de scie qui se referme lorsqu''une créature marche sur la plaque de pression située au centre. Le piège est fixé par une lourde chaîne à un objet immobile, comme un arbre ou un pic enfoncé dans le sol. Une créature qui marche sur la plaque doit réussir un jet de sauvegarde de Dextérité DD 13 ou prendre 1d4 points de dégâts perforants et devoir s''arrêter de bouger. Par la suite, tant que la créature ne s''échappe pas du piège, son mouvement est limité par la longueur de la chaîne (généralement un mètre de long). Une créature peut utiliser son action pour faire un jet de Force DD 13 pour se libérer ou libérer une autre créature à sa portée en cas de succès. Chaque échec inflige 1 point de dégât perforant à la créature piégée.',25,0,1,1,5,1,'2016-09-15 10:05:32','2016-09-15 10:05:32');
INSERT INTO equipment (id, type, name, description, weight, isMagical, isPurchasable, isSellable, basePrice, version, created, updated) VALUES (129,'GEAR','Plume d''écriture','Une plume pour écrire.',0,0,1,1,1,1,'2016-09-15 10:06:10','2016-09-15 10:06:10');
INSERT INTO equipment (id, type, name, description, weight, isMagical, isPurchasable, isSellable, basePrice, version, created, updated) VALUES (130,'GEAR','Fiole de poison','Vous pouvez utiliser le poison de cette fiole pour couvrir une arme tranchante ou perforante, ou jusqu''à trois munitions. Appliquer le poison prend une action. Une créature touchée par une arme ou une munition empoisonnée doit réussir un jet de sauvegarde de Constitution DD 10 ou prendre 1d4 points de dégâts de poison. Une fois appliqué, le poison conserve son activité 1 minute avant de sécher.',0.1,0,1,1,1,1,'2016-09-15 10:06:57','2016-09-15 10:06:57');
INSERT INTO equipment (id, type, name, description, weight, isMagical, isPurchasable, isSellable, basePrice, version, created, updated) VALUES (131,'GEAR','Potion de soins','Un personnage qui boit le liquide magique rouge de ce flacon reprend 2d4 + 2 points de vie. Boire ou administrer une potion prend une action.',0.2,0,1,1,50,1,'2016-09-15 10:07:39','2016-09-15 10:07:39');
INSERT INTO equipment (id, type, name, description, weight, isMagical, isPurchasable, isSellable, basePrice, version, created, updated) VALUES (132,'GEAR','Sablier','Sablier qui permet de calculer 10 minutes de temps.',1,0,1,1,25,1,'2016-09-15 10:08:32','2016-09-15 10:08:32');
INSERT INTO equipment (id, type, name, description, weight, isMagical, isPurchasable, isSellable, basePrice, version, created, updated) VALUES (133,'GEAR','Sacoche à composantes','Une sacoche à composantes est une petite bourse étanche en cuir qui possède des compartiments pour contenir toutes les composantes matérielles et autres éléments spéciaux dont vous avez besoin pour lancer vos sorts.',2,0,1,1,25,1,'2016-09-15 10:09:49','2016-09-15 10:09:49');
INSERT INTO equipment (id, type, name, description, weight, isMagical, isPurchasable, isSellable, basePrice, version, created, updated) VALUES (134,'GEAR','Tente','Abri de toile simple et portable, une tente peut accueillir deux personnes.',20,0,1,1,2,1,'2016-09-15 10:10:50','2016-09-15 10:10:50');
INSERT INTO equipment (id, type, name, description, weight, isMagical, isPurchasable, isSellable, basePrice, version, created, updated) VALUES (135,'GEAR','Torche','Une torche brûle pendant 1 heure, projetant une lumière vive dans un rayon de 20 pieds et une lumière faible sur 20 pieds supplémentaires. Si vous effectuez une attaque au corps à corps avec une torche enflammée et touchez, vous infligez 1 point de dégât de feu.',1,0,1,1,1,1,'2016-09-15 10:11:28','2016-09-15 10:11:28');
INSERT INTO equipment (id, type, name, description, weight, isMagical, isPurchasable, isSellable, basePrice, version, created, updated) VALUES (136,'GEAR','Trousse de soins','Ce kit est un étui en cuir qui contient des bandages, des pommades et des attelles. Le kit permet dix utilisations. Au prix d''une action, vous pouvez dépenser une utilisation du kit pour stabiliser une créature qui a 0 pv sans avoir à réaliser un jet de Sagesse (Soin).',3,0,1,1,5,1,'2016-09-15 10:12:18','2016-09-15 10:12:18');
INSERT INTO equipment (id, type, name, description, weight, isMagical, isPurchasable, isSellable, basePrice, version, created, updated) VALUES (137,'GEAR','Vêtements communs','Des vêtements communs comportant une chemise simple et un pantalon.',3,0,1,1,1,1,'2016-09-15 10:14:49','2016-09-15 10:14:49');
INSERT INTO equipment (id, type, name, description, weight, isMagical, isPurchasable, isSellable, basePrice, version, created, updated) VALUES (138,'GEAR','Vêtements, costume','Costume élégant',4,0,1,1,5,1,'2016-09-15 10:15:58','2016-09-15 10:15:58');
INSERT INTO equipment (id, type, name, description, weight, isMagical, isPurchasable, isSellable, basePrice, version, created, updated) VALUES (139,'GEAR','Vêtements fins','Vêtements de lin ou de soie',6,0,1,1,15,1,'2016-09-15 10:16:30','2016-09-15 10:16:30');
INSERT INTO equipment (id, type, name, description, weight, isMagical, isPurchasable, isSellable, basePrice, version, created, updated) VALUES (140,'GEAR','Vêtements de voyageur','Vêtements chauds et pratiques pour le voyage.',4,0,1,1,2,1,'2016-09-15 10:17:35','2016-09-15 10:17:35');
INSERT INTO equipment (id, type, name, description, weight, isMagical, isPurchasable, isSellable, basePrice, version, created, updated) VALUES (141,'AMMUNITION','Flèches (20)','Des flèches pour l''arc court et long.',1,0,1,0,1,2,'2016-09-15 10:18:54','2016-09-15 10:19:03');
INSERT INTO equipment (id, type, name, description, weight, isMagical, isPurchasable, isSellable, basePrice, version, created, updated) VALUES (142,'AMMUNITION','Aiguilles de sarbacane (50)','Des aiguilles servant de munition pour la sarbacane.',1,0,1,0,1,1,'2016-09-15 10:19:57','2016-09-15 10:19:57');
INSERT INTO equipment (id, type, name, description, weight, isMagical, isPurchasable, isSellable, basePrice, version, created, updated) VALUES (143,'AMMUNITION','Carreaux d''arbalète (20)','Des carreaux servant à l''arbalète de poing, légère ou lourde.',1.5,0,1,0,1,2,'2016-09-15 10:20:57','2016-09-15 10:21:45');
INSERT INTO equipment (id, type, name, description, weight, isMagical, isPurchasable, isSellable, basePrice, version, created, updated) VALUES (144,'AMMUNITION','Billes de fronde (20)','Des billes servant de munition à la fronde.',1.5,0,1,0,1,1,'2016-09-15 10:21:37','2016-09-15 10:21:37');
INSERT INTO equipment (id, type, name, description, weight, isMagical, isPurchasable, isSellable, basePrice, version, created, updated) VALUES (145,'FOCUS','Baguette d''if','Un druide peut utiliser une baguette d''if comme focaliseur pour ses sorts.',1,0,1,1,10,1,'2016-09-15 10:59:17','2016-09-15 10:59:17');
INSERT INTO equipment (id, type, name, description, weight, isMagical, isPurchasable, isSellable, basePrice, version, created, updated) VALUES (146,'FOCUS','Bâton en bois','Un druide ou un mage peut utiliser un bâton comme focaliseur pour ses sorts.',4,0,1,1,5,1,'2016-09-15 11:01:09','2016-09-15 11:01:09');
INSERT INTO equipment (id, type, name, description, weight, isMagical, isPurchasable, isSellable, basePrice, version, created, updated) VALUES (147,'FOCUS','Branche de gui','Un druide peut utiliser une branche de gui comme focaliseur pour ses sorts.',0.1,0,1,0,1,1,'2016-09-15 11:02:05','2016-09-15 11:02:05');
INSERT INTO equipment (id, type, name, description, weight, isMagical, isPurchasable, isSellable, basePrice, version, created, updated) VALUES (148,'FOCUS','Totem','Un druide peut utiliser un totem comme focaliseur pour ses sorts.',0.1,0,1,0,1,1,'2016-09-15 11:02:31','2016-09-15 11:02:31');
INSERT INTO equipment (id, type, name, description, weight, isMagical, isPurchasable, isSellable, basePrice, version, created, updated) VALUES (149,'FOCUS','Baguette','Un mage peut utiliser une baguette comme focaliseur pour ses sorts.',1,0,1,1,10,1,'2016-09-15 11:03:17','2016-09-15 11:03:17');
INSERT INTO equipment (id, type, name, description, weight, isMagical, isPurchasable, isSellable, basePrice, version, created, updated) VALUES (150,'FOCUS','Boule de cristal','Un mage peut utiliser une boule de cristal comme focaliseur pour ses sorts.',1,0,1,1,10,1,'2016-09-15 11:04:12','2016-09-15 11:04:12');
INSERT INTO equipment (id, type, name, description, weight, isMagical, isPurchasable, isSellable, basePrice, version, created, updated) VALUES (151,'FOCUS','Orbe','Un mage peut utiliser une orbe comme focaliseur pour ses sorts.',3,0,1,1,20,1,'2016-09-15 11:04:40','2016-09-15 11:04:40');
INSERT INTO equipment (id, type, name, description, weight, isMagical, isPurchasable, isSellable, basePrice, version, created, updated) VALUES (152,'FOCUS','Sceptre','Un mage peut utiliser un sceptre comme focaliseur pour ses sorts.',2,0,1,1,10,1,'2016-09-15 11:05:20','2016-09-15 11:05:20');
INSERT INTO equipment (id, type, name, description, weight, isMagical, isPurchasable, isSellable, basePrice, version, created, updated) VALUES (153,'FOCUS','Emblème','Un clerc peut utiliser un emblème comme focaliseur pour ses sorts.',0.1,0,1,0,5,1,'2016-09-15 11:06:14','2016-09-15 11:06:14');
INSERT INTO equipment (id, type, name, description, weight, isMagical, isPurchasable, isSellable, basePrice, version, created, updated) VALUES (154,'FOCUS','Relique','Un clerc peut utiliser une relique comme focaliseur pour ses sorts.',2,0,1,1,5,1,'2016-09-15 11:06:53','2016-09-15 11:06:53');
INSERT INTO equipment (id, type, name, description, weight, isMagical, isPurchasable, isSellable, basePrice, version, created, updated) VALUES (155,'FOCUS','Amulette sacré','Un clerc peut utiliser une amulette sacré comme focaliseur pour ses sorts.',1,0,1,1,5,1,'2016-09-15 11:07:41','2016-09-15 11:07:41');
INSERT INTO equipment (id, type, name, description, weight, isMagical, isPurchasable, isSellable, basePrice, version, created, updated) VALUES (156,'COMPONENT','la tige d''une plante avec des épines',NULL,0,0,1,1,1,1,'2016-11-10 20:39:45','2016-11-10 20:39:45');

/* Tool */
INSERT INTO tool (id, toolType) VALUES (1,'MUSICAL');
INSERT INTO tool (id, toolType) VALUES (2,'MUSICAL');
INSERT INTO tool (id, toolType) VALUES (3,'MUSICAL');
INSERT INTO tool (id, toolType) VALUES (4,'MUSICAL');
INSERT INTO tool (id, toolType) VALUES (5,'MUSICAL');
INSERT INTO tool (id, toolType) VALUES (6,'MUSICAL');
INSERT INTO tool (id, toolType) VALUES (7,'MUSICAL');
INSERT INTO tool (id, toolType) VALUES (8,'MUSICAL');
INSERT INTO tool (id, toolType) VALUES (9,'MUSICAL');
INSERT INTO tool (id, toolType) VALUES (10,'GAMING');
INSERT INTO tool (id, toolType) VALUES (11,'GAMING');
INSERT INTO tool (id, toolType) VALUES (12,'GAMING');
INSERT INTO tool (id, toolType) VALUES (13,'POISONER');
INSERT INTO tool (id, toolType) VALUES (14,'HERBALISM');
INSERT INTO tool (id, toolType) VALUES (15,'FORGERY');
INSERT INTO tool (id, toolType) VALUES (16,'DISGUISE');
INSERT INTO tool (id, toolType) VALUES (17,'NAVIGATOR');
INSERT INTO tool (id, toolType) VALUES (18,'THIEVE');
INSERT INTO tool (id, toolType) VALUES (19,'ARTISAN');
INSERT INTO tool (id, toolType) VALUES (20,'ARTISAN');
INSERT INTO tool (id, toolType) VALUES (21,'ARTISAN');
INSERT INTO tool (id, toolType) VALUES (22,'ARTISAN');
INSERT INTO tool (id, toolType) VALUES (23,'ARTISAN');
INSERT INTO tool (id, toolType) VALUES (24,'ARTISAN');
INSERT INTO tool (id, toolType) VALUES (25,'ARTISAN');
INSERT INTO tool (id, toolType) VALUES (26,'ARTISAN');
INSERT INTO tool (id, toolType) VALUES (27,'ARTISAN');
INSERT INTO tool (id, toolType) VALUES (28,'ARTISAN');
INSERT INTO tool (id, toolType) VALUES (29,'ARTISAN');
INSERT INTO tool (id, toolType) VALUES (30,'ARTISAN');
INSERT INTO tool (id, toolType) VALUES (31,'ARTISAN');
INSERT INTO tool (id, toolType) VALUES (32,'ARTISAN');
INSERT INTO tool (id, toolType) VALUES (33,'ARTISAN');
INSERT INTO tool (id, toolType) VALUES (34,'ARTISAN');
INSERT INTO tool (id, toolType) VALUES (35,'ARTISAN');

/* Armor */
INSERT INTO armor (id, armorClass, magicalAcBonus, armorTypeId) VALUES (36,1,NULL,1);
INSERT INTO armor (id, armorClass, magicalAcBonus, armorTypeId) VALUES (37,1,NULL,2);
INSERT INTO armor (id, armorClass, magicalAcBonus, armorTypeId) VALUES (38,2,NULL,3);
INSERT INTO armor (id, armorClass, magicalAcBonus, armorTypeId) VALUES (39,2,NULL,4);
INSERT INTO armor (id, armorClass, magicalAcBonus, armorTypeId) VALUES (40,3,NULL,5);
INSERT INTO armor (id, armorClass, magicalAcBonus, armorTypeId) VALUES (41,4,NULL,6);
INSERT INTO armor (id, armorClass, magicalAcBonus, armorTypeId) VALUES (42,4,NULL,7);
INSERT INTO armor (id, armorClass, magicalAcBonus, armorTypeId) VALUES (43,5,NULL,8);
INSERT INTO armor (id, armorClass, magicalAcBonus, armorTypeId) VALUES (44,4,NULL,9);
INSERT INTO armor (id, armorClass, magicalAcBonus, armorTypeId) VALUES (45,6,NULL,10);
INSERT INTO armor (id, armorClass, magicalAcBonus, armorTypeId) VALUES (46,7,NULL,11);
INSERT INTO armor (id, armorClass, magicalAcBonus, armorTypeId) VALUES (47,8,NULL,12);

/* Weapon */
INSERT INTO weapon (id, additionalDamage, magicalBonus, oneHandDamage, twoHandDamage, additionalDamageTypeId, weaponTypeId) VALUES (48,NULL,NULL,'1d4',NULL,NULL,1);
INSERT INTO weapon (id, additionalDamage, magicalBonus, oneHandDamage, twoHandDamage, additionalDamageTypeId, weaponTypeId) VALUES (49,NULL,NULL,'1d4',NULL,NULL,2);
INSERT INTO weapon (id, additionalDamage, magicalBonus, oneHandDamage, twoHandDamage, additionalDamageTypeId, weaponTypeId) VALUES (50,NULL,NULL,NULL,'1d8',NULL,3);
INSERT INTO weapon (id, additionalDamage, magicalBonus, oneHandDamage, twoHandDamage, additionalDamageTypeId, weaponTypeId) VALUES (51,NULL,NULL,'1d6',NULL,NULL,4);
INSERT INTO weapon (id, additionalDamage, magicalBonus, oneHandDamage, twoHandDamage, additionalDamageTypeId, weaponTypeId) VALUES (52,NULL,NULL,'1d6',NULL,NULL,5);
INSERT INTO weapon (id, additionalDamage, magicalBonus, oneHandDamage, twoHandDamage, additionalDamageTypeId, weaponTypeId) VALUES (53,NULL,NULL,'1d4',NULL,NULL,6);
INSERT INTO weapon (id, additionalDamage, magicalBonus, oneHandDamage, twoHandDamage, additionalDamageTypeId, weaponTypeId) VALUES (54,NULL,NULL,'1d6',NULL,NULL,7);
INSERT INTO weapon (id, additionalDamage, magicalBonus, oneHandDamage, twoHandDamage, additionalDamageTypeId, weaponTypeId) VALUES (55,NULL,NULL,'1d6','1d8',NULL,8);
INSERT INTO weapon (id, additionalDamage, magicalBonus, oneHandDamage, twoHandDamage, additionalDamageTypeId, weaponTypeId) VALUES (56,NULL,NULL,'1d4',NULL,NULL,9);
INSERT INTO weapon (id, additionalDamage, magicalBonus, oneHandDamage, twoHandDamage, additionalDamageTypeId, weaponTypeId) VALUES (57,NULL,NULL,NULL,'1d8',NULL,10);
INSERT INTO weapon (id, additionalDamage, magicalBonus, oneHandDamage, twoHandDamage, additionalDamageTypeId, weaponTypeId) VALUES (58,NULL,NULL,'1d4',NULL,NULL,11);
INSERT INTO weapon (id, additionalDamage, magicalBonus, oneHandDamage, twoHandDamage, additionalDamageTypeId, weaponTypeId) VALUES (59,NULL,NULL,NULL,'1d6',NULL,12);
INSERT INTO weapon (id, additionalDamage, magicalBonus, oneHandDamage, twoHandDamage, additionalDamageTypeId, weaponTypeId) VALUES (60,NULL,NULL,'1d4',NULL,NULL,13);
INSERT INTO weapon (id, additionalDamage, magicalBonus, oneHandDamage, twoHandDamage, additionalDamageTypeId, weaponTypeId) VALUES (61,NULL,NULL,'1d8','1d10',NULL,14);
INSERT INTO weapon (id, additionalDamage, magicalBonus, oneHandDamage, twoHandDamage, additionalDamageTypeId, weaponTypeId) VALUES (62,NULL,NULL,'1d8',NULL,NULL,15);
INSERT INTO weapon (id, additionalDamage, magicalBonus, oneHandDamage, twoHandDamage, additionalDamageTypeId, weaponTypeId) VALUES (63,NULL,NULL,NULL,'1d12',NULL,17);
INSERT INTO weapon (id, additionalDamage, magicalBonus, oneHandDamage, twoHandDamage, additionalDamageTypeId, weaponTypeId) VALUES (64,NULL,NULL,NULL,'2d6',NULL,18);
INSERT INTO weapon (id, additionalDamage, magicalBonus, oneHandDamage, twoHandDamage, additionalDamageTypeId, weaponTypeId) VALUES (65,NULL,NULL,NULL,'1d10',NULL,19);
INSERT INTO weapon (id, additionalDamage, magicalBonus, oneHandDamage, twoHandDamage, additionalDamageTypeId, weaponTypeId) VALUES (66,NULL,NULL,'1d6','1d8',NULL,20);
INSERT INTO weapon (id, additionalDamage, magicalBonus, oneHandDamage, twoHandDamage, additionalDamageTypeId, weaponTypeId) VALUES (67,NULL,NULL,'1d8','1d10',NULL,21);
INSERT INTO weapon (id, additionalDamage, magicalBonus, oneHandDamage, twoHandDamage, additionalDamageTypeId, weaponTypeId) VALUES (68,NULL,NULL,NULL,'2d6',NULL,22);
INSERT INTO weapon (id, additionalDamage, magicalBonus, oneHandDamage, twoHandDamage, additionalDamageTypeId, weaponTypeId) VALUES (69,NULL,NULL,'1d8',NULL,NULL,23);
INSERT INTO weapon (id, additionalDamage, magicalBonus, oneHandDamage, twoHandDamage, additionalDamageTypeId, weaponTypeId) VALUES (70,NULL,NULL,NULL,'1d10',NULL,24);
INSERT INTO weapon (id, additionalDamage, magicalBonus, oneHandDamage, twoHandDamage, additionalDamageTypeId, weaponTypeId) VALUES (71,NULL,NULL,'1d8',NULL,NULL,25);
INSERT INTO weapon (id, additionalDamage, magicalBonus, oneHandDamage, twoHandDamage, additionalDamageTypeId, weaponTypeId) VALUES (72,NULL,NULL,'1d6',NULL,NULL,26);
INSERT INTO weapon (id, additionalDamage, magicalBonus, oneHandDamage, twoHandDamage, additionalDamageTypeId, weaponTypeId) VALUES (73,NULL,NULL,'1d6',NULL,NULL,27);
INSERT INTO weapon (id, additionalDamage, magicalBonus, oneHandDamage, twoHandDamage, additionalDamageTypeId, weaponTypeId) VALUES (74,NULL,NULL,'1d6','1d8',NULL,28);
INSERT INTO weapon (id, additionalDamage, magicalBonus, oneHandDamage, twoHandDamage, additionalDamageTypeId, weaponTypeId) VALUES (75,NULL,NULL,'1d8','1d10',NULL,29);
INSERT INTO weapon (id, additionalDamage, magicalBonus, oneHandDamage, twoHandDamage, additionalDamageTypeId, weaponTypeId) VALUES (76,NULL,NULL,'1d4',NULL,NULL,30);
INSERT INTO weapon (id, additionalDamage, magicalBonus, oneHandDamage, twoHandDamage, additionalDamageTypeId, weaponTypeId) VALUES (77,NULL,NULL,'1d1',NULL,NULL,31);
INSERT INTO weapon (id, additionalDamage, magicalBonus, oneHandDamage, twoHandDamage, additionalDamageTypeId, weaponTypeId) VALUES (78,NULL,NULL,'1d6',NULL,NULL,32);
INSERT INTO weapon (id, additionalDamage, magicalBonus, oneHandDamage, twoHandDamage, additionalDamageTypeId, weaponTypeId) VALUES (79,NULL,NULL,NULL,'1d10',NULL,33);
INSERT INTO weapon (id, additionalDamage, magicalBonus, oneHandDamage, twoHandDamage, additionalDamageTypeId, weaponTypeId) VALUES (80,NULL,NULL,NULL,'1d8',NULL,34);

/* Spell */
INSERT INTO spell (id, name, description, level, school, castingTime, castingTimeValue, castingTimeUnit, duration, durationTimeValue, durationTimeUnit, target, areaOfEffect, rangeType, rangeValueInFeet, savingThrowAbilityId, attackRoll, higherLevel, version, created, updated) VALUES (1,'Jet d''acide','Vous propulsez une bulle d''acide. Choisissez une ou deux créatures, lesquelles sont à 5 pieds ou moins l''une de l''autre, dans la portée du sort. La cible doit réussir un jet de sauvegarde de Dextérité sans quoi elle subit 1d6 de dégâts d''acide. \nLes dégâts de ce sort augmentent de 1d6 lorsque vous atteignez le niveau 5 (2d6), le niveau 11 (3d6) et le niveau 17 (4d6). ',0,'EVOCATION','ACTION',NULL,NULL,'INSTANTANEOUS',NULL,NULL,'CREATURE',NULL,'DISTANCE',60,2,0,1,2,'2016-09-16 08:47:01','2016-09-16 08:52:56');
INSERT INTO spell (id, name, description, level, school, castingTime, castingTimeValue, castingTimeUnit, duration, durationTimeValue, durationTimeUnit, target, areaOfEffect, rangeType, rangeValueInFeet, savingThrowAbilityId, attackRoll, higherLevel, version, created, updated) VALUES (2,'Contact glacial','Vous créez une main squelettique fantomatique dans l''espace d''une créature à portée. Faites une attaque de sort à distance contre la créature pour l''étreindre d''une froideur sépulcrale. Si le coup touche, la cible subit 1d8 dégâts nécrotiques, et elle ne peut récupérer ses points de vie avant le début de votre prochain tour. Jusque là, la main fantomatique s''accroche à la cible. Si vous ciblez un mort-vivant, il aura également un désavantage à ses jets d''attaque contre vous jusqu''à la fin de votre prochain tour. \nLes dégâts de ce sort augmentent de 1d8 lorsque vous atteignez le niveau 5 (2d8), le niveau 11 (3d8) et le niveau 17 (4d8). ',0,'NECROMANCIE','ACTION',NULL,NULL,'TIME',NULL,'MINUTE','CREATURE',NULL,'DISTANCE',100,NULL,1,1,1,'2016-09-16 08:55:01','2016-09-16 08:55:01');
INSERT INTO spell (id, name, description, level, school, castingTime, castingTimeValue, castingTimeUnit, duration, durationTimeValue, durationTimeUnit, target, areaOfEffect, rangeType, rangeValueInFeet, savingThrowAbilityId, attackRoll, higherLevel, version, created, updated) VALUES (3,'Coup au but','Vous tendez votre main et pointez un doigt en direction d''une cible à portée. Votre magie vous aide à trouver une petite faille dans les défenses de votre cible. Lors de votre prochain tour, vous obtenez l''avantage sur votre premier jet d''attaque contre la cible, à condition que le sort ne soit pas déjà terminé. ',0,'DIVINATION','ACTION',NULL,NULL,'CONCENTRATION',NULL,NULL,'CREATURE',NULL,'DISTANCE',30,NULL,0,0,1,'2016-09-16 08:57:34','2016-09-16 08:57:34');
INSERT INTO spell (id, name, description, level, school, castingTime, castingTimeValue, castingTimeUnit, duration, durationTimeValue, durationTimeUnit, target, areaOfEffect, rangeType, rangeValueInFeet, savingThrowAbilityId, attackRoll, higherLevel, version, created, updated) VALUES (4,'Décharge électrique','La foudre jaillit de votre main pour délivrer un choc électrique à une créature que vous essayez de toucher. Effectuez une attaque de sort de corps à corps contre la cible. Vous avez l''avantage sur le jet d''attaque si la cible porte une armure en métal. En cas de réussite, la cible prend 1d8 dégâts de foudre, et elle ne peut pas prendre de réaction jusqu''au début de son prochain tour. \nLes dégâts du sort augmentent de 1d8 lorsque vous atteignez le niveau 5 (2d8), le niveau 11 (3d8) et le niveau 17 (4d8). ',0,'EVOCATION','ACTION',NULL,NULL,'INSTANTANEOUS',NULL,NULL,'CREATURE',NULL,'TOUCH',NULL,NULL,1,1,1,'2016-09-16 08:58:57','2016-09-16 08:58:57');
INSERT INTO spell (id, name, description, level, school, castingTime, castingTimeValue, castingTimeUnit, duration, durationTimeValue, durationTimeUnit, target, areaOfEffect, rangeType, rangeValueInFeet, savingThrowAbilityId, attackRoll, higherLevel, version, created, updated) VALUES (5,'Décharge occulte','Un rayon d''énergie crépitante zigzague jusqu''à une créature à portée. Effectuez une attaque de sort à distance contre la cible. En cas de réussite, la cible subit 1d10 dégâts de force. \nCe sort crée plus d''un rayon lorsque vous montez en niveau : deux rayons au niveau 5, trois rayons au niveau 11, et quatre rayons au niveau 17. Vous pouvez diriger les rayons sur une cible unique et les répartir entre différentes créatures. Effectuez un jet d''attaque séparé pour chaque rayon. ',0,'EVOCATION','ACTION',NULL,NULL,'INSTANTANEOUS',NULL,NULL,'CREATURE',NULL,'DISTANCE',100,NULL,1,1,1,'2016-09-16 09:00:39','2016-09-16 09:00:39');
INSERT INTO spell (id, name, description, level, school, castingTime, castingTimeValue, castingTimeUnit, duration, durationTimeValue, durationTimeUnit, target, areaOfEffect, rangeType, rangeValueInFeet, savingThrowAbilityId, attackRoll, higherLevel, version, created, updated) VALUES (6,'Druiderie','En murmurant aux esprits de la nature, vous créez l''un des effets suivants, dans la portée du sort : \n• Vous créez un minuscule et inoffensif effet sensoriel qui permet de prédire les conditions météorologiques pour les 24 prochaines heures, à l''endroit où vous êtes. L''effet pourrait se manifester comme un orbe doré pour indiquer un ciel dégagé, un nuage pour annoncer la pluie, un flocon de neige pour une chute de neige et ainsi de suite. L''effet persiste pour 1 round. \n• Vous provoquez immédiatement la floraison d''une fleur, l''ouverture d''une gousse ou le débourrement d''un bourgeon de feuille. \n• Vous créez un inoffensif effet sensoriel instantané comme une chute de feuilles, une légère brise, le son d''un petit animal ou une subtile odeur de putois. L''effet doit se limiter à un cube de 5 pieds mètre d''arête. \n• Vous éteignez ou allumez instantanément une chandelle, une torche ou un petit feu de camp. ',0,'TRANSMUTATION','ACTION',NULL,NULL,'INSTANTANEOUS',NULL,NULL,'OBJECT',NULL,'DISTANCE',30,NULL,0,0,1,'2016-09-16 09:02:11','2016-09-16 09:02:11');
INSERT INTO spell (id, name, description, level, school, castingTime, castingTimeValue, castingTimeUnit, duration, durationTimeValue, durationTimeUnit, target, areaOfEffect, rangeType, rangeValueInFeet, savingThrowAbilityId, attackRoll, higherLevel, version, created, updated) VALUES (7,'Flamme','Une flamme vacillante apparaît dans votre main. La flamme y reste pour la durée du sort et n''endommage pas votre équipement, ni ne vous blesse. La flamme diffuse une lumière vive dans un rayon de 10 pieds et une lumière faible dans un rayon supplémentaire de 10 pieds. Le sort prend fin si vous l''annulez par une action ou si vous le lancez de nouveau. \nVous pouvez également attaquer avec la flamme, mettant ainsi un terme au sort. Lorsque vous incantez ce sort, ou en utilisant une action lors d''un tour suivant, vous pouvez lancer la flamme sur une créature située à 30 pieds de vous maximum. Faites une attaque de sort à distance. En cas de réussite, la cible subit 1d8 dégâts de feu. \nLes dégâts de ce sort augmentent de 1d8 lorsque vous atteignez le niveau 5 (2d8), le niveau 11 (3d8) et le niveau 17 (4d8). ',0,'EVOCATION','ACTION',NULL,NULL,'TIME',NULL,'MINUTE','CREATURE',NULL,'SELF',NULL,NULL,1,0,2,'2016-09-16 09:12:12','2016-09-16 09:13:54');
INSERT INTO spell (id, name, description, level, school, castingTime, castingTimeValue, castingTimeUnit, duration, durationTimeValue, durationTimeUnit, target, areaOfEffect, rangeType, rangeValueInFeet, savingThrowAbilityId, attackRoll, higherLevel, version, created, updated) VALUES (8,'Flamme sacrée','Un rayonnement semblable à des flammes descend sur une créature que vous pouvez voir dans la portée du sort. La cible doit réussir un jet de sauvegarde de Dextérité ou subir 1d8 dégâts de type radiant. La cible ne gagne aucun bénéfice d''abri pour ce jet de sauvegarde. \nLes dégâts du sort augmentent de 1d8 lorsque vous atteignez le niveau 5 (2d8), le niveau 11 (3d8), et le niveau 17 (4d8). ',0,'EVOCATION','ACTION',NULL,NULL,'INSTANTANEOUS',NULL,NULL,'CREATURE',NULL,'DISTANCE',60,2,0,1,2,'2016-09-16 09:13:31','2016-09-16 09:14:05');
INSERT INTO spell (id, name, description, level, school, castingTime, castingTimeValue, castingTimeUnit, duration, durationTimeValue, durationTimeUnit, target, areaOfEffect, rangeType, rangeValueInFeet, savingThrowAbilityId, attackRoll, higherLevel, version, created, updated) VALUES (9,'Gourdin magique','Le bois du gourdin que vous tenez est altéré par les pouvoirs de la nature. Pour la durée du sort, vous pouvez utiliser votre caractéristique pour lancer vos sorts plutôt que votre Force pour les jets d''attaque au corps à corps et de dégâts avec cette arme, et les dégâts de l''arme deviennent des d8. De plus, l''arme devient une arme magique, si ce n''est pas déjà le cas. Ce sort se termine si vous le lancez de nouveau ou si vous lâchez l''arme enchantée. ',0,'TRANSMUTATION','BONUS_ACTION',NULL,NULL,'TIME',NULL,'MINUTE','OBJECT',NULL,'TOUCH',NULL,NULL,0,0,2,'2016-09-16 09:16:31','2016-09-16 09:16:51');
INSERT INTO spell (id, name, description, level, school, castingTime, castingTimeValue, castingTimeUnit, duration, durationTimeValue, durationTimeUnit, target, areaOfEffect, rangeType, rangeValueInFeet, savingThrowAbilityId, attackRoll, higherLevel, version, created, updated) VALUES (10,'Guide','Vous touchez une créature consentante. Une fois avant la fin du sort, la cible peut lancer un d4 et ajouter le résultat du dé à un jet de caractéristique de son choix. Elle peut lancer le dé avant ou après avoir effectué son jet de caractéristique. Le sort prend alors fin.',0,'DIVINATION','ACTION',NULL,NULL,'CONCENTRATION',NULL,NULL,'CREATURE',NULL,'TOUCH',NULL,NULL,0,0,1,'2016-09-16 09:19:21','2016-09-16 09:19:21');
INSERT INTO spell (id, name, description, level, school, castingTime, castingTimeValue, castingTimeUnit, duration, durationTimeValue, durationTimeUnit, target, areaOfEffect, rangeType, rangeValueInFeet, savingThrowAbilityId, attackRoll, higherLevel, version, created, updated) VALUES (11,'Moquerie vicieuse','Vous vomissez un flot d''insultes entremêlées de subtils enchantements sur une créature à portée et que vous pouvez voir. Si la cible peut vous entendre (il n''est pas nécessaire qu''elle comprenne mais juste qu''elle devine votre intention), elle doit réussir un jet de sauvegarde de Sagesse ou subir 1d4 dégâts psychiques et avoir un désavantage au prochain jet d''attaque qu''elle fera avant la fin de son prochain tour. \nLes dégâts de ce sort augmentent de 1d4 lorsque vous atteignez le niveau 5 (2d4), le niveau 11 (3d4) et le niveau 17 (4d4). ',0,'ENCHANTEMENT','ACTION',NULL,NULL,'INSTANTANEOUS',NULL,NULL,'CREATURE',NULL,'DISTANCE',60,5,0,1,1,'2016-09-16 09:22:46','2016-09-16 09:22:46');
INSERT INTO spell (id, name, description, level, school, castingTime, castingTimeValue, castingTimeUnit, duration, durationTimeValue, durationTimeUnit, target, areaOfEffect, rangeType, rangeValueInFeet, savingThrowAbilityId, attackRoll, higherLevel, version, created, updated) VALUES (12,'Prestidigitation','Ce sort est un tour de magie mineur que les lanceurs de sorts novices emploient comme exercice. Ce sort permet de provoquer l''un des effets magiques suivants : \n• Le sort crée instantanément un effet sensoriel inoffensif, comme une pluie d''étincelles, une bouffée d''air, de timides notes de musique, ou une étrange odeur. \n• Le sort allume ou éteint instantanément une bougie, torche ou un petit feu de camp. \n• Le sort nettoie ou souille instantanément un objet pas plus volumineux qu''un cube de 30 cm de côté. \n• Le sort réchauffe ou refroidit du matériel non vivant pouvant être contenu dans un cube de 30 cm de côté pendant une heure. \n• Le sort fait apparaître un symbole, une petite marque ou couleur sur un objet ou une surface pendant 1 heure. \n• Le sort permet de créer une babiole non magique ou une image illusoire qui peut tenir dans votre main et qui dure jusqu''à la fin de votre prochain tour. \nSi le sort est lancé plusieurs fois, il est possible de conserver actifs 3 de ces effets non instantanés simultanément, et il est possible de révoquer ces effets au prix d''une action. ',0,'TRANSMUTATION','ACTION',NULL,NULL,'TIME',NULL,'HOUR','OBJECT',NULL,'DISTANCE',10,NULL,0,0,1,'2016-09-16 09:25:13','2016-09-16 09:25:13');
INSERT INTO spell (id, name, description, level, school, castingTime, castingTimeValue, castingTimeUnit, duration, durationTimeValue, durationTimeUnit, target, areaOfEffect, rangeType, rangeValueInFeet, savingThrowAbilityId, attackRoll, higherLevel, version, created, updated) VALUES (13,'Protection contre les armes','Vous tendez votre main et tracez un symbole de protection dans les airs. Jusqu''à la fin de votre prochain tour, vous obtenez la résistance contre les dégâts contondants, tranchants et perforants infligés par des attaques avec arme. ',0,'ABJURATION','ACTION',NULL,NULL,'TIME',NULL,'MINUTE','SELF',NULL,'SELF',NULL,NULL,0,0,1,'2016-09-16 09:30:10','2016-09-16 09:30:10');
INSERT INTO spell (id, name, description, level, school, castingTime, castingTimeValue, castingTimeUnit, duration, durationTimeValue, durationTimeUnit, target, areaOfEffect, rangeType, rangeValueInFeet, savingThrowAbilityId, attackRoll, higherLevel, version, created, updated) VALUES (14,'Rayon de givre','Un faisceau frigide de lumière bleuâtre se dirige vers une créature dans la portée du sort. Effectuez une attaque de sort à distance contre la cible. S''il touche, la cible subit 1d8 dégâts de froid et sa vitesse est réduite de 10 pieds jusqu''à début de votre prochain tour de jeu. \nLes dégâts du sort augmentent de 1d8 lorsque vous atteignez le niveau 5 (2d8), le niveau 11 (3d8) et le niveau 17 (4d8). ',0,'EVOCATION','ACTION',NULL,NULL,'INSTANTANEOUS',NULL,NULL,'CREATURE',NULL,'DISTANCE',60,NULL,1,1,1,'2016-09-16 09:50:22','2016-09-16 09:50:22');
INSERT INTO spell (id, name, description, level, school, castingTime, castingTimeValue, castingTimeUnit, duration, durationTimeValue, durationTimeUnit, target, areaOfEffect, rangeType, rangeValueInFeet, savingThrowAbilityId, attackRoll, higherLevel, version, created, updated) VALUES (15,'Stabilisation','Vous touchez une créature vivante qui est à 0 point de vie. La créature devient stable. Ce sort n''a aucun effet sur les morts-vivants ou les créatures artificielles. ',0,'NECROMANCIE','ACTION',NULL,NULL,'INSTANTANEOUS',NULL,NULL,'CREATURE',NULL,'TOUCH',NULL,NULL,0,0,1,'2016-09-16 10:00:13','2016-09-16 10:00:13');
INSERT INTO spell (id, name, description, level, school, castingTime, castingTimeValue, castingTimeUnit, duration, durationTimeValue, durationTimeUnit, target, areaOfEffect, rangeType, rangeValueInFeet, savingThrowAbilityId, attackRoll, higherLevel, version, created, updated) VALUES (16,'Thaumaturgie','Vous simulez une chose extraordinaire, un signe de puissance surnaturelle. Vous créez un des effets magiques suivants dans la limite de portée du sort : \n• Votre voix devient trois fois plus puissante que la normale pour 1 minute. \n• Vous faîtes vaciller des flammes, augmentez ou diminuez leur intensité, ou bien encore vous changez leur couleur pendant 1 minute.\n• Vous causez des tremblements inoffensifs dans le sol pendant 1 minute. \n• Vous créez un son instantané qui provient d''un point de votre choix dans la limite de portée du sort, tel qu''un grondement de tonnerre, le cri d''un corbeau ou des chuchotements de mauvais augure. \n• Vous provoquez instantanément l''ouverture ou le claquement brusque d''une porte ou d''une fenêtre non verrouillée. \n• Vous altérez l''apparence de vos yeux pendant 1 minute. \nSi vous lancez ce sort plusieurs fois, vous pouvez avoir activement jusqu''à trois de ses effets à la fois, et vous pouvez rompre un effet au prix d''une action. ',0,'TRANSMUTATION','ACTION',NULL,NULL,'TIME',NULL,'MINUTE','OBJECT',NULL,'DISTANCE',30,NULL,0,0,1,'2016-09-16 10:02:49','2016-09-16 10:02:49');
INSERT INTO spell (id, name, description, level, school, castingTime, castingTimeValue, castingTimeUnit, duration, durationTimeValue, durationTimeUnit, target, areaOfEffect, rangeType, rangeValueInFeet, savingThrowAbilityId, attackRoll, higherLevel, version, created, updated) VALUES (17,'Trait de feu','Vous lancez un trait de feu sur une créature ou un objet à portée. Faites une attaque de sort à distance contre la cible. En cas de réussite, la cible prend 1d10 dégâts de feu. Un objet inflammable touché par ce sort prend feu s''il n est pas porté. \nLes dégâts du sort augmentent de 1d10 aux niveaux 5 (2d10), 11 (3d10) et 17 (4d10). ',0,'EVOCATION','ACTION',NULL,NULL,'INSTANTANEOUS',NULL,NULL,'CREATURE',NULL,'DISTANCE',120,NULL,1,1,1,'2016-09-16 10:04:12','2016-09-16 10:04:12');
INSERT INTO spell (id, name, description, level, school, castingTime, castingTimeValue, castingTimeUnit, duration, durationTimeValue, durationTimeUnit, target, areaOfEffect, rangeType, rangeValueInFeet, savingThrowAbilityId, attackRoll, higherLevel, version, created, updated) VALUES (18,'Vaporisation de poison','Vous tendez votre paume vers une créature visible dans la portée du sort et vous projetez une bouffée de gaz nocif de votre main. La créature doit réussir un jet de sauvegarde de Constitution sans quoi elle subit 1d12 de dégâts de poison. \nLes dégâts de ce sort augmentent de 1d12 lorsque vous atteignez le niveau 5 (2d12), le niveau 11 (3d12) et le niveau 17 (4d12). ',0,'EVOCATION','ACTION',NULL,NULL,'INSTANTANEOUS',NULL,NULL,'CREATURE',NULL,'DISTANCE',10,3,0,0,1,'2016-09-16 10:05:32','2016-09-16 10:05:32');
INSERT INTO spell (id, name, description, level, school, castingTime, castingTimeValue, castingTimeUnit, duration, durationTimeValue, durationTimeUnit, target, areaOfEffect, rangeType, rangeValueInFeet, savingThrowAbilityId, attackRoll, higherLevel, version, created, updated) VALUES (19,'Liane épineuse','Vous créez une longue et épaisse liane ressemblant à de la vigne et recouverte d''épines qui, selon vos ordres, s''accroche à une créature à portée. Effectuez une attaque de sort de corps à corps contre la cible. Si l''attaque touche, la créature subit 1d6 dégâts perforants, et si la créature est de taille G ou inférieure, vous la tirez de 3 mètres vers vous. \nLes dégâts de ce sort augmentent de 1d6 lorsque vous atteignez le niveau 5 (2d6), le niveau 11 (3d6) et le niveau 17 (4d6). ',0,'TRANSMUTATION','ACTION',NULL,NULL,'INSTANTANEOUS',NULL,NULL,'CREATURE',NULL,'DISTANCE',30,NULL,1,1,3,'2016-11-10 20:20:01','2016-11-10 20:39:46');
INSERT INTO spell (id, name, description, level, school, castingTime, castingTimeValue, castingTimeUnit, duration, durationTimeValue, durationTimeUnit, target, areaOfEffect, rangeType, rangeValueInFeet, savingThrowAbilityId, attackRoll, higherLevel, version, created, updated) VALUES (20,'Manipulation à distance','Une main spectrale apparaît à un point précis choisi à portée. La main expire à la fin de la durée du sort ou si elle est révoquée au prix d''une action. La main disparaît si elle se retrouve à plus de 9 m du lanceur de sorts ou si ce sort est jeté une nouvelle fois. \nLe lanceur de sorts peut utiliser son action pour contrôler la main. La main peut manipuler un objet, ouvrir une porte ou un contenant non verrouillé, ranger ou récupérer un objet d''un contenant ouvert, ou bien verser le contenu d''une fiole. La main peut être déplacée jusqu''à 30 pieds à chaque fois que vous l''utilisez. \nLa main ne peut attaquer, activer des objets magiques ou transporter plus de 10 lbs. ',0,'EVOCATION','ACTION',NULL,NULL,'TIME',NULL,'MINUTE','POINT',NULL,'DISTANCE',30,NULL,0,0,1,'2016-11-11 14:53:17','2016-11-11 14:53:17');


/* SpellComponentType */
INSERT INTO spellcomponenttype (spellId, componentType) VALUES (1,'V');
INSERT INTO spellcomponenttype (spellId, componentType) VALUES (1,'G');
INSERT INTO spellcomponenttype (spellId, componentType) VALUES (2,'V');
INSERT INTO spellcomponenttype (spellId, componentType) VALUES (2,'G');
INSERT INTO spellcomponenttype (spellId, componentType) VALUES (3,'G');
INSERT INTO spellcomponenttype (spellId, componentType) VALUES (4,'V');
INSERT INTO spellcomponenttype (spellId, componentType) VALUES (4,'G');
INSERT INTO spellcomponenttype (spellId, componentType) VALUES (5,'V');
INSERT INTO spellcomponenttype (spellId, componentType) VALUES (5,'G');
INSERT INTO spellcomponenttype (spellId, componentType) VALUES (6,'V');
INSERT INTO spellcomponenttype (spellId, componentType) VALUES (6,'G');
INSERT INTO spellcomponenttype (spellId, componentType) VALUES (7,'V');
INSERT INTO spellcomponenttype (spellId, componentType) VALUES (7,'G');
INSERT INTO spellcomponenttype (spellId, componentType) VALUES (8,'V');
INSERT INTO spellcomponenttype (spellId, componentType) VALUES (8,'G');
INSERT INTO spellcomponenttype (spellId, componentType) VALUES (9,'M');
INSERT INTO spellcomponenttype (spellId, componentType) VALUES (9,'G');
INSERT INTO spellcomponenttype (spellId, componentType) VALUES (9,'V');
INSERT INTO spellcomponenttype (spellId, componentType) VALUES (10,'G');
INSERT INTO spellcomponenttype (spellId, componentType) VALUES (10,'V');
INSERT INTO spellcomponenttype (spellId, componentType) VALUES (11,'V');
INSERT INTO spellcomponenttype (spellId, componentType) VALUES (12,'G');
INSERT INTO spellcomponenttype (spellId, componentType) VALUES (12,'V');
INSERT INTO spellcomponenttype (spellId, componentType) VALUES (13,'G');
INSERT INTO spellcomponenttype (spellId, componentType) VALUES (13,'V');
INSERT INTO spellcomponenttype (spellId, componentType) VALUES (14,'G');
INSERT INTO spellcomponenttype (spellId, componentType) VALUES (14,'V');
INSERT INTO spellcomponenttype (spellId, componentType) VALUES (15,'G');
INSERT INTO spellcomponenttype (spellId, componentType) VALUES (15,'V');
INSERT INTO spellcomponenttype (spellId, componentType) VALUES (16,'V');
INSERT INTO spellcomponenttype (spellId, componentType) VALUES (17,'G');
INSERT INTO spellcomponenttype (spellId, componentType) VALUES (17,'V');
INSERT INTO spellcomponenttype (spellId, componentType) VALUES (18,'G');
INSERT INTO spellcomponenttype (spellId, componentType) VALUES (18,'V');
INSERT INTO spellcomponenttype (spellId, componentType) VALUES (19,'V');
INSERT INTO spellcomponenttype (spellId, componentType) VALUES (19,'G');
INSERT INTO spellcomponenttype (spellId, componentType) VALUES (19,'M');

/* SpellComponent */
INSERT INTO spellcomponent (spellId, equipmentId) VALUES (9,48);
INSERT INTO spellcomponent (spellId, equipmentId) VALUES (19,156);

/* SpellEffect */
INSERT INTO spelleffect (id, effectType, damage, damageTypeId, armorClass, conditionName, spellId, version, created, updated) VALUES (1,'DAMAGE','1d6',1,NULL,NULL,1,1,'2016-09-16 08:47:01','2016-09-16 08:47:01');
INSERT INTO spelleffect (id, effectType, damage, damageTypeId, armorClass, conditionName, spellId, version, created, updated) VALUES (2,'DAMAGE','1d8',7,NULL,NULL,2,1,'2016-09-16 08:55:01','2016-09-16 08:55:01');
INSERT INTO spelleffect (id, effectType, damage, damageTypeId, armorClass, conditionName, spellId, version, created, updated) VALUES (3,'OTHER',NULL,NULL,NULL,NULL,3,1,'2016-09-16 08:57:34','2016-09-16 08:57:34');
INSERT INTO spelleffect (id, effectType, damage, damageTypeId, armorClass, conditionName, spellId, version, created, updated) VALUES (4,'DAMAGE','1d8',6,NULL,NULL,4,1,'2016-09-16 08:58:57','2016-09-16 08:58:57');
INSERT INTO spelleffect (id, effectType, damage, damageTypeId, armorClass, conditionName, spellId, version, created, updated) VALUES (5,'DAMAGE','1d10',5,NULL,NULL,5,1,'2016-09-16 09:00:39','2016-09-16 09:00:39');
INSERT INTO spelleffect (id, effectType, damage, damageTypeId, armorClass, conditionName, spellId, version, created, updated) VALUES (6,'OTHER',NULL,NULL,NULL,NULL,6,1,'2016-09-16 09:02:11','2016-09-16 09:02:11');
INSERT INTO spelleffect (id, effectType, damage, damageTypeId, armorClass, conditionName, spellId, version, created, updated) VALUES (7,'DAMAGE','1d8',3,NULL,NULL,7,1,'2016-09-16 09:12:12','2016-09-16 09:12:12');
INSERT INTO spelleffect (id, effectType, damage, damageTypeId, armorClass, conditionName, spellId, version, created, updated) VALUES (8,'DAMAGE','1d8',11,NULL,NULL,8,1,'2016-09-16 09:13:31','2016-09-16 09:13:31');
INSERT INTO spelleffect (id, effectType, damage, damageTypeId, armorClass, conditionName, spellId, version, created, updated) VALUES (9,'OTHER',NULL,NULL,NULL,NULL,9,1,'2016-09-16 09:16:31','2016-09-16 09:16:31');
INSERT INTO spelleffect (id, effectType, damage, damageTypeId, armorClass, conditionName, spellId, version, created, updated) VALUES (10,'OTHER',NULL,NULL,NULL,NULL,10,1,'2016-09-16 09:19:21','2016-09-16 09:19:21');
INSERT INTO spelleffect (id, effectType, damage, damageTypeId, armorClass, conditionName, spellId, version, created, updated) VALUES (11,'DAMAGE','1d4',10,NULL,NULL,11,1,'2016-09-16 09:22:46','2016-09-16 09:22:46');
INSERT INTO spelleffect (id, effectType, damage, damageTypeId, armorClass, conditionName, spellId, version, created, updated) VALUES (12,'OTHER',NULL,NULL,NULL,NULL,12,1,'2016-09-16 09:25:13','2016-09-16 09:25:13');
INSERT INTO spelleffect (id, effectType, damage, damageTypeId, armorClass, conditionName, spellId, version, created, updated) VALUES (13,'RESISTANCE',NULL,8,NULL,NULL,13,1,'2016-09-16 09:30:10','2016-09-16 09:30:10');
INSERT INTO spelleffect (id, effectType, damage, damageTypeId, armorClass, conditionName, spellId, version, created, updated) VALUES (14,'RESISTANCE',NULL,12,NULL,NULL,13,1,'2016-09-16 09:30:10','2016-09-16 09:30:10');
INSERT INTO spelleffect (id, effectType, damage, damageTypeId, armorClass, conditionName, spellId, version, created, updated) VALUES (15,'RESISTANCE',NULL,2,NULL,NULL,13,1,'2016-09-16 09:30:10','2016-09-16 09:30:10');
INSERT INTO spelleffect (id, effectType, damage, damageTypeId, armorClass, conditionName, spellId, version, created, updated) VALUES (16,'DAMAGE','1d8',4,NULL,NULL,14,1,'2016-09-16 09:50:22','2016-09-16 09:50:22');
INSERT INTO spelleffect (id, effectType, damage, damageTypeId, armorClass, conditionName, spellId, version, created, updated) VALUES (17,'OTHER',NULL,NULL,NULL,NULL,15,1,'2016-09-16 10:00:13','2016-09-16 10:00:13');
INSERT INTO spelleffect (id, effectType, damage, damageTypeId, armorClass, conditionName, spellId, version, created, updated) VALUES (18,'OTHER',NULL,NULL,NULL,NULL,16,1,'2016-09-16 10:02:49','2016-09-16 10:02:49');
INSERT INTO spelleffect (id, effectType, damage, damageTypeId, armorClass, conditionName, spellId, version, created, updated) VALUES (19,'DAMAGE','1d10',3,NULL,NULL,17,1,'2016-09-16 10:04:12','2016-09-16 10:04:12');
INSERT INTO spelleffect (id, effectType, damage, damageTypeId, armorClass, conditionName, spellId, version, created, updated) VALUES (20,'DAMAGE','1d12',9,NULL,NULL,18,1,'2016-09-16 10:05:32','2016-09-16 10:05:32');
INSERT INTO spelleffect (id, effectType, damage, damageTypeId, armorClass, conditionName, spellId, version, created, updated) VALUES (21,'DAMAGE','1d6',8,NULL,NULL,19,1,'2016-11-10 20:20:01','2016-11-10 20:20:01');
INSERT INTO spelleffect (id, effectType, damage, damageTypeId, armorClass, conditionName, spellId, version, created, updated) VALUES (22,'SUMMON',NULL,NULL,NULL,NULL,20,1,'2016-11-11 14:53:17','2016-11-11 14:53:17');

/* Class */
INSERT INTO class (id, name, shortDescription, description, lifePointPerLevel, isSpellCasting, spellCasingAbilityId, spellCastingType, nbChosenSkills, startingGold, version, created, updated) VALUES (1,'Barbare','Les barbares ont en commun leur rage : un déchaînement de fureur, inextinguible et irraisonné. ','Instinct primitif\nVillageois et citadins sont fiers de leur manières civilisées qui les distinguent des animaux, comme si renier sa propre nature était un signe de supériorité. Mais pour un barbare, la civilisation n’est pas une vertu, c’est un signe de faiblesse. Les forts assument leurs instincts naturels, leur physique primitif et leur rage féroce. Les Barbares ne sont pas à l’aise derrière des murs ou entourés par la foule. Ils prospèrent sur les étendues sauvages de leurs terres natales : la toundra, la jungle ou les prairies où leur tribu vit et chasse. Les barbares renaissent dans le chaos d’un combat. Ils peuvent passer dans un état berserk où domine la rage, leur donnant force et résistance au-delà des limites humaines. Un barbare ne peut puiser dans cette réserve de furie que quelquefois avant de devoir se reposer, mais ces quelques rages sont généralement suffisantes pour annihiler toute menace.\nVillageois et citadins sont fiers de leur manières civilisées qui les distinguent des animaux, comme si renier sa propre nature était un signe de supériorité. Mais pour un barbare, la civilisation n’est pas une vertu, c’est un signe de faiblesse. Les forts assument leurs instincts naturels, leur physique primitif et leur rage féroce. Les Barbares ne sont pas à l’aise derrière des murs ou entourés par la foule. Ils prospèrent sur les étendues sauvages de leurs terres natales : la toundra, la jungle ou les prairies où leur tribu vit et chasse. Les barbares renaissent dans le chaos d’un combat. Ils peuvent passer dans un état berserk où domine la rage, leur donnant force et résistance au-delà des limites humaines. Un barbare ne peut puiser dans cette réserve de furie que quelquefois avant de devoir se reposer, mais ces quelques rages sont généralement suffisantes pour annihiler toute menace.\n\nUne vie pleine de danger\nBarbareUn membre d’une tribu réputée « barbare » par la société civilisée ne possède pas forcément des niveaux dans la classe de barbare. Un vrai barbare parmi son peuple est aussi rare qu’un guerrier compétent en ville, et il ou elle joue un rôle similaire destiné à protéger son peuple et à être un meneur en cas de guerre. La vie dans les endroits sauvages du monde est remplie de dangers : des tribus rivales, un climat hostile et des monstres terrifiants. Les barbares s’y jettent la tête la première afin que leur peuple n’ait pas besoin de le faire. ;Le courage dont ils font preuve face au danger en font de parfaits aventuriers. L’errance étant souvent le mode de vie de leur tribu natale, la vie souvent sans attache d’un aventurier n’est donc pas contraignante pour un barbare. La structure familiale d’une tribu et ses membres très unis peut manquer au barbare mais, finalement, elle sera compensée par les liens tissés avec leurs compagnons d’aventure.',12,0,NULL,NULL,2,50,2,'2016-10-19 09:20:50','2016-12-04 11:43:16');
INSERT INTO class (id, name, shortDescription, description, lifePointPerLevel, isSpellCasting, spellCasingAbilityId, spellCastingType, nbChosenSkills, startingGold, version, created, updated) VALUES (2,'Druide','Les druides sont des incarnations de la force, de la ruse, et de la colère de la nature.','Le pouvoir de la Nature\nLes druides vénèrent la nature plus que tout, obtenant leurs sorts et leurs autres pouvoirs magiques soit des forces de la nature elles-mêmes, soit d''une divinité de la nature. De nombreux druides sont à la recherche d''une spiritualité mystique, d''une union transcendantale avec la nature, plutôt que d''une dévotion à une entité divine, alors que d''autres servent les dieux de la nature sauvage, des animaux, ou des forces élémentaires. Les anciennes traditions druidiques sont parfois appelées la Vieille Foi, en opposition aux cultes des dieux dans des temples et des sanctuaires. Les sorts de druide sont orientés vers la nature et les animaux - le pouvoir des crocs et des griffes, du soleil et de la lune, du feu et du tonnerre. Les druides gagnent également la capacité de prendre la forme d''un animal, et certains druides étudient à tel point cette pratique qu''ils en viennent à préférer être sous forme animale plutôt que sous leur forme naturelle.\n\nPréserver l''équilibre\nPour les druides, la nature est un équilibre précaire. Les quatre éléments qui ont fondé le monde (l''air, l''eau, le feu et la terre) doivent rester en harmonie. Si un élément gagnait du terrain sur les autres, le monde pourrait être détruit, attiré dans l''un des plans élémentaires et ainsi séparé de ses différents constituants. C''est pour cette raison que les druides s''opposent aux cultes du Mal élémentaire et à tous ceux qui prêchent la suprématie d''un élément et l''exclusion des autres.\n\nLes druides sont également concernés par le délicat équilibre écologique sur lequel repose la vie végétale et animale, et par la nécessité pour le monde civilisé de vivre en harmonie avec la nature, et non en opposition. Les druides acceptent ce qui est cruel dans la nature, et haïssent tout ce qui n''est pas naturel, dont les aberrations (comme les tyrannoeils et les flagelleurs mentaux) et les morts-vivants (comme les zombis et les vampires). Les druides conduisent parfois des expéditions contre ces créatures, en particulier lorsque ces monstres empiètent sur le territoire du druide. On trouve aussi souvent des druides en train de garder un site sacré ou de surveiller une région où la nature est préservée. Mais quand un grand danger survient, menaçant l''équilibre de la nature ou les terres qu''ils protègent, les druides endossent un rôle plus actif en combattant la menace, tels des aventuriers.',8,1,5,'PREPARED',2,40,1,'2016-11-10 16:08:05','2016-11-10 16:08:05');
INSERT INTO class (id, name, shortDescription, description, lifePointPerLevel, isSpellCasting, spellCasingAbilityId, spellCastingType, nbChosenSkills, startingGold, version, created, updated) VALUES (3,'Roublard','Les roublards s''appuient sur ​​la compétence, la discrétion et les faiblesses de leurs ennemis pour prendre la main dans n''importe quelle situation.','Compétence et précision\nLes roublards consacrent autant d''effort à la maîtrise d''une variété de compétences qu''au perfectionnement de leurs capacités de combat, ce qui leur donne une large expertise à laquelle peu d''autres personnages peuvent prétendre. Beaucoup de roublards se concentrent sur la ruse et la tromperie, tandis que d''autres affinent les compétences qui les aident dans un environnement de type donjon, comme l''escalade, la recherche et le désamorçage des pièges et le crochetage. Lorsqu''il s''agit du combat, les roublards préfèrent la ruse à la force brute. Un roublard préférera donner un seul coup précis, le plaçant exactement à l''endroit qui blessera le plus la cible, plutôt qu''user son adversaire avec une série d''attaques. Les roublards ont un don presque surnaturel pour éviter le danger et quelques-uns apprennent des tours de magie pour compléter leurs autres capacités.\n\nUne vie à l''ombre\nChaque ville et cité possède ses roublards. La plupart d''entre eux vivent en accord avec les pires stéréotypes de la classe, gagnant leur vie comme cambrioleurs, assassins, coupeurs de bourses et escrocs. Souvent, ces canailles sont organisées en guildes de voleurs ou en familles du crime. Beaucoup de roublards opèrent indépendamment, même s''ils recrutent parfois des apprentis pour les aider dans leurs escroqueries et cambriolages. Quelques roublards mènent une vie honnête comme serruriers, enquêteurs ou dératiseurs, qui peut être un travail dangereux dans un monde où des rats géants et autres rats-garous hantent les égouts. Comme aventuriers, les roublards peuvent être des deux côtés de la loi. Certains sont des criminels endurcis qui décident de chercher fortune en pillant des trésors, tandis que d''autres choisissent une vie d''aventure pour échapper à la loi. Certains ont appris et ont perfectionné leurs compétences avec le but explicite d''infiltrer des ruines antiques et des cryptes secrètes à la recherche de trésors.',8,0,NULL,NULL,4,80,2,'2016-11-11 20:34:04','2016-11-11 20:42:09');
INSERT INTO class (id, name, shortDescription, description, lifePointPerLevel, isSpellCasting, spellCasingAbilityId, spellCastingType, nbChosenSkills, startingGold, version, created, updated) VALUES (4,'Barde','Qu’il soit érudit, scalde ou scélérat, un barde façonne la magie à travers ses mots et sa musique pour inspirer ses alliés, démoraliser ses ennemis, manipuler les esprits, créer des illusions, et même pour soigner les blessures.','Musique et magie\n\nDans les univers de D&D, les mots et la musique ne sont pas que des vibrations de l’air, ce sont plutôt des vocalisations dotées d’une puissance qui leur est propre. Le barde est le maître du chant, du discours et de la magie qu’ils contiennent. Les bardes affirment que le multivers est né d’une parole, que les mots des dieux l’ont façonné et que les échos de ces primordiaux Mots de création résonnent toujours à travers le cosmos. La musique des bardes tente de capturer et d’exploiter ces échos, en les entrelaçant subtilement dans leurs sorts et leurs pouvoirs.\nLa plus grande force du barde est son incontestable polyvalence. De nombreux bardes préfèrent demeurer en retrait lors d’un combat, utilisant plutôt la magie pour inspirer leurs alliés et gêner leurs ennemis. Mais les bardes sont aussi capables de bien se défendre au corps à corps si cela est nécessaire, employant leur magie pour renforcer armes et armure. Leurs sorts tendent vers le charme et les illusions plutôt que la destruction brutale. Ils possèdent un large éventail de connaissance sur de nombreux sujets et une aptitude naturelle qui leur permet de réussir tout ce qu’ils entreprennent. Les bardes deviennent maîtres des talents qu’ils décident de perfectionner, que cela consiste à jouer d''un instrument ou à posséder des connaissances ésotériques.\n\nApprendre par l’expérience\n\nLes tavernes ou les bouffons folâtrant à la cour royale ne sont pas tous des bardes. Découvrir la magie dissimulée dans la musique demande une étude ardue et un peu de talent naturel que la plupart des troubadours et des jongleurs ne possèdent pas. Il peut toutefois s’avérer difficile de discerner la différence entre ces amuseurs et un véritable barde. La vie d’un barde est consacrée à errer d’un endroit à l’autre, à la recherche de connaissances traditionnelles, à raconter des récits et à vivre de la générosité de son auditoire, tout comme le ferait un amuseur quelconque. Par contre, l''ampleur de leurs connaissances, leur degré de maîtrise musicale et une touche de magie distinguent les bardes de leurs compères.\nEn de rares occasions, les bardes s’enracinent à un endroit. Leur attirance naturelle pour le voyage, pour dénicher de nouveaux récits à raconter, de nouvelles aptitudes à apprendre et de nouvelles découvertes par-delà les horizons, prédispose les bardes à la vie d’aventures. Chaque aventure offre l’opportunité d’apprendre, de mettre en pratique un éventail de compétences, de pénétrer dans des tombeaux passés dans l’oubli, de découvrir des œuvres magiques que l’on avait perdues, de décrypter de vieux livres, de voyager vers d’étranges contrées ou de rencontrer des créatures exotiques. Les bardes aiment accompagner les héros afin d’être les témoins privilégiés de leurs exploits. Un barde qui parvient à raconter une histoire impressionnante parce qu’il a vécu personnellement les événements embellit sa réputation auprès des autres bardes. En effet, après avoir raconté autant de récits rapportant les exploits réalisés par des héros, plusieurs bardes prennent ces thèmes à cœur jusqu''à devenir eux-mêmes des héros.\n',8,1,6,'KNOWN',3,100,3,'2016-11-21 09:58:12','2016-12-04 13:18:51');
INSERT INTO class (id, name, shortDescription, description, lifePointPerLevel, isSpellCasting, spellCasingAbilityId, spellCastingType, nbChosenSkills, startingGold, version, created, updated) VALUES (5,'Clerc','Les clercs sont imprégnés de magie divin et sont des intermédiaires entre le monde des mortels et les plans éloignés des dieux.','Guérisseurs et combattants\nLa magie divine, comme son nom le suggère, est le pouvoir des dieux, coulant d''eux dans le monde. Les clercs sont des conduits pour ce pouvoir qui se manifeste tels des effets miraculeux. Les dieux n''accordent pas ce pouvoir à tous ceux qui le cherchent, mais seulement à ceux choisis pour accomplir cette haute mission. L''utilisation de la magie divine ne repose pas sur l''étude ou la formation. Un clerc pourrait apprendre des prières conventionnelles et des rites antiques, mais la capacité de jeter des sorts des clercs repose sur la dévotion et un sens intuitif de la volonté divine. Les clercs combinent la magie utile de guérison et d''inspiration de leurs alliés avec des sorts néfastes ou gênants pour les adversaires. Ils peuvent provoquer la crainte et l''effroi, invoquer les malédictions de peste ou de poison et même faire s''abattre des flammes célestes pour consumer leurs ennemis. Pour les scélérats qui seront plus sensibles à un coup de masse en pleine tête, les clercs utiliseront leur entrainement au combat pour avancer dans la mêlée avec le pouvoir des dieux à leurs côtés.\n\nAgents divins\nTous les acolytes ou officiants des temples ou des lieux saints ne sont pas clercs. Quelques-uns sont appelés à une vie simple au service de leur temple, suivant la volonté de leurs dieux par la prière et le sacrifice, et non par la magie et la force des armes. Dans quelques villes, le sacerdoce conduit aux fonctions politiques, comme un tremplin pour atteindre les plus hautes fonctions d''autorité et n''impliquent aucune communion avec aucun dieu. Les vrais clercs sont rares dans la plupart des hiérarchies. Quand un clerc choisit une vie d''aventurier, c''est habituellement parce que son dieu l''exige. La poursuite des buts des dieux implique souvent de braver des dangers au-delà des limites de la civilisation, de frapper le mal ou de rechercher des reliques saintes dans des tombeaux antiques. On attend aussi de beaucoup de clercs qu''ils protègent les adorateurs de leurs dieux, ce qui peut impliquer de combattre des orques déchaînés, négocier la paix entre des nations en guerre, ou sceller un portail qui permettrait à un prince démon d''entrer dans le monde. La plupart des clercs aventuriers maintiennent quelques rapports avec les temples établis et les ordres de leurs fois. Un temple pourrait demander l''aide d''un clerc, ou un grand prêtre pourrait être en position de l''exiger.',8,0,NULL,NULL,0,100,2,'2016-12-04 11:46:54','2016-12-04 13:20:16');
INSERT INTO class (id, name, shortDescription, description, lifePointPerLevel, isSpellCasting, spellCasingAbilityId, spellCastingType, nbChosenSkills, startingGold, version, created, updated) VALUES (6,'Paladin','Les paladins sont unis par leur serment de s’opposer aux forces du mal et sont la source d’un pouvoir qui transforme un guerrier dévoué en un champion béni.','La cause de la vertu\nUn paladin jure de faire respecter la justice et la vertu, de soutenir la cause de la vertu et des choses bénéfiques du monde face aux ténèbres qui progressent, et de chasser les forces du mal quel que soit l’endroit où elles se terrent. Chaque paladin se concentre sur un aspect différent de la cause de la vertu mais tous sont liés par des serments qui leur octroient la puissance requise pour mener à bien leur mission sacrée. Bien que de nombreux paladins soient dévoués aux dieux du bien, la puissance du paladin provient autant de son dévouement en la justice qu’envers un dieu. Les paladins s’entraînent de nombreuses années afin d’acquérir des compétences au combat, de maîtriser une large gamme d’armes et d’armures. Cependant, leur compétences martiales sont secondaires par rapport aux pouvoirs magiques qu’ils manipulent : le pouvoir de soigner les malades et les blessés, détruire les êtres malfaisants et les morts-vivants, protéger les innocents et tous ceux les rejoignant dans leur lutte pour la justice.\n\nAu-delà d’une vie banale\nPar définition, la vie d’un paladin est une vie aventureuse. A moins qu’une blessure tardant à guérir l’empêche de partir à l’aventure, chaque paladin est en première ligne dans le combat cosmique contre le mal. Les guerriers sont très rares à composer les rangs des milices et des armées du monde, mais encore moins d’individus peuvent prétendre avoir répondu à l’appel véritable du paladin. Lorsqu’ils reçoivent cet appel, ces combattants se détournent de leurs occupations précédentes et prennent les armes afin de combattre le mal. Parfois leur serment les amène à la tête d’une unité de chevaliers d’élite pour le compte d’un royaume, mais leur loyauté va d’abord à la cause de la vertu plus qu’aux rois et aux nations. Les paladins qui partent à l’aventure le font toujours avec sérieux. L’exploration d’anciennes ruines ou d’une crypte poussiéreuse peut être une quête dont l’objectif va bien au-delà de trouver un trésor. Le mal rode dans les donjons et les forets primitives, et même la plus petite des victoires contre lui peut empêcher la balance cosmique de basculer dans l’oubli.',10,0,NULL,NULL,0,100,2,'2016-12-04 11:48:59','2016-12-04 13:21:28');
INSERT INTO class (id, name, shortDescription, description, lifePointPerLevel, isSpellCasting, spellCasingAbilityId, spellCastingType, nbChosenSkills, startingGold, version, created, updated) VALUES (7,'Rôdeur','Guerriers des étendues sauvages, les rôdeurs sont spécialisés dans la traque des monstres qui menacent les remparts de la civilisation.','Chasseurs mortels\nGuerriers des étendues sauvages, les rôdeurs sont spécialisés dans la traque des monstres qui menacent les remparts de la civilisation : pillards humanoïdes, monstruosités et bêtes rampantes, terribles géants ou mortels dragons. Ils apprennent à traquer leurs proies comme le font les prédateurs, se déplaçant silencieusement à travers les fourrés en se cachant dans les buissons ou les gravats. Les rôdeurs focalisent leur entraînements martiaux et leurs techniques de combats contre leurs ennemis de prédilection. Grâce à leur familiarité avec le monde sauvage, les rôdeurs acquièrent la capacité de lancer des sorts qui utilisent le pouvoir de la nature, comme les druides. Leurs sorts, comme leurs aptitudes de combat, améliorent leur vitesse, leur discrétion et leurs capacités de chasse. Les talents et les aptitudes de rôdeur sont concentrées à l''extrême sur la tâche sinistre de protéger les zones frontalières.\n\nAventuriers indépendants\nBien qu''un rôdeur puisse gagner sa vie comme chasseur, guide ou traqueur, la véritable vocation d''un rôdeur est de défendre la périphérie de la civilisation contre les ravages des monstres et des hordes humanoïdes qui pressent de l''extérieur. Dans certains endroits, les rôdeurs se rassemblent dans des ordres secrets ou rejoignent les forces des cercles druidiques. Beaucoup de rôdeurs cependant sont indépendants, presque à l''excès, sachant que lorsqu''un dragon ou une bande d''orques attaquent, un rôdeur pourrait bien être la première, et possiblement la dernière, ligne de défense. Cette indépendance farouche rend les rôdeurs bien adaptés à l''aventure, car ils sont habitués à la vie loin du confort d''un lit sec et d''un bain chaud. Face aux aventuriers de la ville qui se plaignent des difficultés de la vie sauvage, les rôdeurs réagissent avec un certain mélange d''amusement, de frustration et de compassion. Mais ils apprennent vite que d''autres aventuriers qui peuvent peser dans un combat contre les ennemis de la civilisation valent toute charge supplémentaire. Les citadins gâtés ne savent pas comment se nourrir ou trouver de l''eau fraîche dans l’environnement sauvage, mais ils brillent par d''autres moyens.',10,0,NULL,NULL,0,100,2,'2016-12-04 11:50:45','2016-12-04 13:28:20');
INSERT INTO class (id, name, shortDescription, description, lifePointPerLevel, isSpellCasting, spellCasingAbilityId, spellCastingType, nbChosenSkills, startingGold, version, created, updated) VALUES (8,'Guerrier','Les guerriers partagent une maîtrise inégalée des armes et des armures ainsi qu''une connaissance approfondie des compétences de combat.','Spécialistes complets\nLes guerriers apprennent l''essentiel de tous les styles de combat. Chaque guerrier peut balancer un coup de hache, parer avec une rapière, manier une épée longue ou une épée à deux mains, utiliser un arc et même piéger des adversaires dans un filet avec un certain degré d''habileté. De même, un guerrier connaît le maniement des boucliers et l''utilisation de toutes les formes d''armure. En plus de ce degré de familiarité de base, chaque guerrier se spécialise dans un certain style de combat. L''un sera concentré sur le tir à l''arc, un autre en combat avec deux armes à la fois et un autre augmentera ses compétences martiales avec de la magie. Cette combinaison de larges capacités générales et de spécialisations variées fait des guerriers les combattants supérieurs sur les champs de bataille et dans les donjons.\n\nEntraîné pour le danger\nChaque membre du gué de la cité, de la milice du village, ou de l''armée de la reine n''est pas un guerrier. La plupart de ces troupes sont des soldats relativement peu formés avec seulement une connaissance du combat de base. Les soldats vétérans, les officiers militaires, les gardes du corps entraînés, les chevaliers dévoués et autres figures semblables sont des guerriers. Certains guerriers se sentent poussés à utiliser leur formation comme aventuriers. Fouiller des donjons, trucider des monstres et autres travaux dangereux communs pour les aventuriers est une seconde nature pour un guerrier, pas si différente de la vie qu''il ou elle a laissée derrière. Il y a de plus grands risques, peut-être, mais aussi de plus grandes récompenses - peu de guerriers, dans le gué de la cité, ont l''occasion de découvrir une épée magique langue de feu, par exemple.',10,0,NULL,NULL,0,100,1,'2016-12-04 16:44:15','2016-12-04 16:44:15');
INSERT INTO class (id, name, shortDescription, description, lifePointPerLevel, isSpellCasting, spellCasingAbilityId, spellCastingType, nbChosenSkills, startingGold, version, created, updated) VALUES (9,'Sorcier','Les sorciers sont les porteurs d’une magie innée qui prend sa source dans un lignage exotique','Magie brute\nLa magie fait partie intégrante de tout sorcier. Elle insuffle au corps et à l’esprit une puissance latente qui n’attend que d’être éveillée. Certains sorciers manient une magie qui prend sa source dans un lignage ancient, imprégné par la magie des dragons. D’autres portent une magie brute et incontrôlable, un tempête chaotique qui se manifeste de manière inattendue.\n\nL’apparition des pouvoirs de sorcellerie est totalement imprévisible. Certaines lignées draconiques génèrent exactement un ensorceleur à chaque génération, mais pour d’autres lignages, chaque individu est ensorceleur. La plupart du temps, les talents pour la sorcellerie sont le fruit d’un hasard manifeste. Certains sorciers ne peuvent déterminer l’origine de leur puissance, alors que d’autres font un lien avec des événements étranges de leur passé. Le contact d’un demon, la bénédiction d’une dryade lors de la naissance d’un enfant ou une gorgée d’eau puisée dans une mystérieuse source pourrait éveiller le don de la sorcellerie. Tout comme pourrait le faire un cadeau de la part d’une divinité de la magie, l’exposition aux forces élémentaires des Plans Intérieurs ou du chaos affolant des Limbes, ou bien un regard dans les engrenages de la réalité.\n\nLes sorciers, contrairement aux magiciens, ne font pas usage de grimoires ou d’anciens tomes de magie. Ils ne comptent pas non plus sur un patron pour leur accorder des sorts, à la manière des sorciers. En apprenant à maîtriser et canaliser leur propre magie intrinsèque, ils peuvent découvrir des manières nouvelles et stupéfiantes de libérer leur puissance.\n\nPouvoirs inexpliqués\nLes sorciers se font rares dans le monde, et il est inhabituel de rencontrer un sorcier qui ne s’adonne pas à une vie d’aventures. Les personnes avec une telle puissance magique bouillonnante dans leurs veines découvrent rapidement que cette puissance n’apprécient pas la quiétude. La magie d’un sorcier veut être maniée et elle a tendance à jaillir de manière imprévisible si on ne l’interpelle pas.\n\nLes sorciers se lancent souvent à l’aventure pour des motifs obscurs ou chimériques. Certains cherchent à mieux comprendre la force magique qui les habite ou la réponse au mystère de son origine. D’autres espèrent trouver un manière de s’en défaire ou d’en exploiter le plein potentiel. Quels que soient leurs buts, les sorciers sont tout aussi utiles à une compagnie d’aventuriers que peut l’être le magicien. Ils compensent leurs lacunes en connaissances magiques par une impressionnante flexibilité lors de l’usage de leurs sorts.',6,0,NULL,NULL,0,60,1,'2016-12-04 16:48:37','2016-12-04 16:48:37');
INSERT INTO class (id, name, shortDescription, description, lifePointPerLevel, isSpellCasting, spellCasingAbilityId, spellCastingType, nbChosenSkills, startingGold, version, created, updated) VALUES (10,'Magicien','Les magiciens sont de puissants utilisateurs de la magie, définis et unis en tant que classe par les sorts qu''ils jettent.','Érudits en arcanes\nSauvage et énigmatique, divers en forme et en fonction, le pouvoir de la magie attire les étudiants qui cherchent à surmonter ses mystères. Certains aspirent à devenir comme les dieux, changeant la réalité elle-même. Bien que lancer un sort typique exige simplement l''énonciation de quelques mots étranges, des gestes brefs et parfois une pincée ou un morceau de matière exotique, ces composants visibles laissent à peine entrevoir l''expertise atteinte après les années d''apprentissage et les heures innombrables d''étude. Les magiciens vivent et meurent par leurs sorts. Tout le reste est secondaire. Ils apprennent de nouveaux sorts en expérimentant et en gagnant de l''expérience. Ils peuvent aussi les apprendre d''autres magiciens, de tomes ou d''écrits antiques ou encore de créatures (comme les fées) qui baignent dans la magie.\n\nL''attrait de la connaissance\nLes vies des magiciens sont rarement banales. Le plus proche d''une vie ordinaire pour un magicien sera probablement de travailler comme un sage ou un conférencier dans une bibliothèque ou une université, enseignant à d''autres les secrets du multivers. D''autres magiciens vendent leurs services comme devins, servent dans des forces militaires, ou poursuivent des vies dans le crime ou la domination. Mais l''attrait pour la connaissance et le pouvoir appelle même les magiciens les moins audacieux hors de la sécurité de leurs bibliothèques et laboratoires pour explorer ruines effondrées et cités perdues. La plupart des magiciens croient que leurs homologues dans des civilisations antiques connaissaient des secrets de magie perdus depuis des âges et que la découverte de ces secrets pourrait ouvrir la voie à un pouvoir plus grand que n''importe quelle magie disponible dans l''âge présent.',6,0,NULL,NULL,0,80,1,'2016-12-04 16:50:15','2016-12-04 16:50:15');
INSERT INTO class (id, name, shortDescription, description, lifePointPerLevel, isSpellCasting, spellCasingAbilityId, spellCastingType, nbChosenSkills, startingGold, version, created, updated) VALUES (11,'Moine','Les moines sont unis dans leur aptitude à exploiter magiquement l''énergie qui parcourt leur corps.','La magie du Ki\nLes moines font des études approfondies sur une énergie magique que la plupart des traditions monastiques appellent le ki. Cette énergie est un des aspects de la magie qui baigne le multivers, et plus particulièrement sa composante qui s''écoule au travers des êtres vivants. Les moines exploitent ce pouvoir qui est en eux pour créer des effets magiques et surpasser les capacités physiques de leur corps, certaines de leurs attaques spéciales pouvant entraver le flux du ki de leur adversaire. En utilisant cette énergie, les moines canalisent une force et une vitesse inouïes dans leurs attaques à mains nues. Tandis qu''ils gagnent en expérience, leur entraînement martial et leur maîtrise du ki leur confèrent plus de pouvoir sur leur corps et celui de leurs adversaires.\n\nEntrainement et ascétisme\nDe petits cloîtres fortifiés parsèment les paysages des mondes de D&D, médiocres refuges aux tumultes de la vie ordinaire et où le temps semble s''être arrêté. Les moines qui y vivent recherchent la perfection de l''être grâce à la contemplation et à un entraînement rigoureux. Nombreux sont ceux qui entrent au monastère en étant enfant, envoyés vivre là-bas lorsque leurs parents sont morts, lorsque la nourriture venait à manquer chez eux, ou en retour d''actes de générosité prodigués à leur famille par les moines. Certains moines vivent entièrement à part des populations environnantes, séparés de tout ce qui pourrait freiner leurs progrès spirituels. D''autres ont fait vœux d''isolement, n''émergeant que pour servir d''espion ou d''assassin sur ordre de leur supérieur, d''un noble commanditaire, ou de toute autre puissance mortelle ou divine.\n\nLa majorité des moines ne fuient pas leurs voisins, effectuant des visites fréquentes dans les villes et villages alentours, et échangeant leurs services contre de la nourriture et d''autres biens. Étant des combattants polyvalents, les moines finissent souvent par protéger ces voisins des monstres et des tyrans. Pour un moine, devenir un aventurier signifie laisser un style de vie structuré et communautaire pour devenir un moine errant. Cela peut être une transition difficile, et les moines ne s''y engagent pas à la légère. Ceux qui quittent leur cloître prennent leur travail très au sérieux, abordant leurs aventures comme des tests personnels de leurs progrès physiques et spirituels. En règle générale, les moines se soucient peu des richesses matérielles et sont portés par le désir d''accomplir une plus grande mission que simplement abattre des monstres et piller leur trésor.',8,0,NULL,NULL,0,20,1,'2016-12-04 16:52:00','2016-12-04 16:52:00');
INSERT INTO class (id, name, shortDescription, description, lifePointPerLevel, isSpellCasting, spellCasingAbilityId, spellCastingType, nbChosenSkills, startingGold, version, created, updated) VALUES (12,'Warlock','Par l’entremise de pactes conclus avec de mystérieux êtres dotés de pouvoirs surnaturels, les warlocks libèrent des effets magiques à la fois subtiles et spectaculaires.','Sous serment et redevables\nUn warlock est défini par un pacte conclu avec un être surnaturel. Parfois, la relation entre warlock et patron est semblable à celle d’un clerc avec une divinité, bien que les êtres qui servent de patrons aux warlocks ne soient pas des dieux. Un warlock pourrait diriger un culte dédié à un démon princier, à un archidiable ou à une entité totalement étrangère. Ces êtres ne sont normalement pas servis par des clercs. Plus souvent, cependant, l’entente est similaire à celle d’un maître avec son apprenti. Le warlock apprend et grandit en puissance, au prix d’un occasionnel service rendu au nom de son patron.\n\nLa magie octroyée au warlock varie d’une altération mineure mais durable du warlock lui-même (comme la faculté de voir dans le noir ou de lire tous les langages) à l’accès à de puissants sorts. Contrairement aux magiciens livresques, les warlocks suppléent leur magie par une certaine facilité au combat corps à corps. Ils sont à l’aise dans une armure légère et savent manier les armes courantes.\n\nFouilleurs de secrets\nLes warlocks sont motivés par un besoin insatiable de connaissances et de puissance, ce qui les oblige envers leurs pactes et façonne leur existence. Par ailleurs, cette soif motive les warlocks à honorer leurs pactes et façonne leur vie.\n\nLes récits de warlocks qui se lient à des fiélons sont largement connus. Mais plusieurs warlocks sont au service de patrons qui ne sont pas diaboliques ou démoniaques. Parfois, un voyageur parviendra jusqu’à une tour d’une étrange beauté, y rencontrera un seigneur ou une dame féerique, et se retrouvera lié par un pacte sans vraiment s’en rendre compte. Et quelquefois, alors qu’il parcoure des livres relatant des traditions oubliées, l’esprit brillant mais excentrique d’un étudiant est ouvert aux réalités qui transcendent le monde matériel et aux êtres étranges qui habitent au-delà du néant.\n\nUne fois le pacte conclu, la soif de connaissances et de puissance du warlock ne peut pas être étanchée par l’étude et la recherche. Personne ne conclut un pacte avec d’aussi puissants patrons sans l’intention de faire emploi des pouvoirs ainsi obtenus. Au contraire, la grande majorité des warlocks passent leurs journées à poursuivre activement leurs buts, ce qui signifie habituellement une vie d’aventure. De surcroît, les requêtes de leurs patrons poussent les warlocks sur le chemin de l’aventure.',8,0,NULL,NULL,0,80,1,'2016-12-04 16:55:02','2016-12-04 16:55:02');


/* ClassArmorProficiencies */
INSERT INTO classarmorproficiencies (classId, proficiency) VALUES (1,'SHIELD');
INSERT INTO classarmorproficiencies (classId, proficiency) VALUES (1,'MEDIUM');
INSERT INTO classarmorproficiencies (classId, proficiency) VALUES (1,'LIGHT');
INSERT INTO classarmorproficiencies (classId, proficiency) VALUES (2,'SHIELD');
INSERT INTO classarmorproficiencies (classId, proficiency) VALUES (2,'LIGHT');
INSERT INTO classarmorproficiencies (classId, proficiency) VALUES (2,'MEDIUM');
INSERT INTO classarmorproficiencies (classId, proficiency) VALUES (3,'LIGHT');
INSERT INTO classarmorproficiencies (classId, proficiency) VALUES (4,'LIGHT');

/* Classlevelbonus */;
INSERT INTO classlevelbonus (chooseClassSpecialization, favoredEnemy, abilityScoreImprovement, invocationsKnown, kiPoints, martialArtsDamage, movementBonus, naturalExplorer, rageDamageBonus, ragePoints, sneakAttackDamage, sorceryPoints, classId, levelId) VALUES (0,NULL,0,NULL,NULL,NULL,NULL,NULL,2,2,NULL,NULL,1,1);
INSERT INTO classlevelbonus (chooseClassSpecialization, favoredEnemy, abilityScoreImprovement, invocationsKnown, kiPoints, martialArtsDamage, movementBonus, naturalExplorer, rageDamageBonus, ragePoints, sneakAttackDamage, sorceryPoints, classId, levelId) VALUES (0,NULL,0,NULL,NULL,NULL,NULL,NULL,2,2,NULL,NULL,1,2);
INSERT INTO classlevelbonus (chooseClassSpecialization, favoredEnemy, abilityScoreImprovement, invocationsKnown, kiPoints, martialArtsDamage, movementBonus, naturalExplorer, rageDamageBonus, ragePoints, sneakAttackDamage, sorceryPoints, classId, levelId) VALUES (1,NULL,0,NULL,NULL,NULL,NULL,NULL,2,3,NULL,NULL,1,3);
INSERT INTO classlevelbonus (chooseClassSpecialization, favoredEnemy, abilityScoreImprovement, invocationsKnown, kiPoints, martialArtsDamage, movementBonus, naturalExplorer, rageDamageBonus, ragePoints, sneakAttackDamage, sorceryPoints, classId, levelId) VALUES (0,NULL,1,NULL,NULL,NULL,NULL,NULL,2,3,NULL,NULL,1,4);
INSERT INTO classlevelbonus (chooseClassSpecialization, favoredEnemy, abilityScoreImprovement, invocationsKnown, kiPoints, martialArtsDamage, movementBonus, naturalExplorer, rageDamageBonus, ragePoints, sneakAttackDamage, sorceryPoints, classId, levelId) VALUES (0,NULL,0,NULL,NULL,NULL,NULL,NULL,2,3,NULL,NULL,1,5);
INSERT INTO classlevelbonus (chooseClassSpecialization, favoredEnemy, abilityScoreImprovement, invocationsKnown, kiPoints, martialArtsDamage, movementBonus, naturalExplorer, rageDamageBonus, ragePoints, sneakAttackDamage, sorceryPoints, classId, levelId) VALUES (0,NULL,0,NULL,NULL,NULL,NULL,NULL,2,4,NULL,NULL,1,6);
INSERT INTO classlevelbonus (chooseClassSpecialization, favoredEnemy, abilityScoreImprovement, invocationsKnown, kiPoints, martialArtsDamage, movementBonus, naturalExplorer, rageDamageBonus, ragePoints, sneakAttackDamage, sorceryPoints, classId, levelId) VALUES (0,NULL,0,NULL,NULL,NULL,NULL,NULL,2,4,NULL,NULL,1,7);
INSERT INTO classlevelbonus (chooseClassSpecialization, favoredEnemy, abilityScoreImprovement, invocationsKnown, kiPoints, martialArtsDamage, movementBonus, naturalExplorer, rageDamageBonus, ragePoints, sneakAttackDamage, sorceryPoints, classId, levelId) VALUES (0,NULL,1,NULL,NULL,NULL,NULL,NULL,2,4,NULL,NULL,1,8);
INSERT INTO classlevelbonus (chooseClassSpecialization, favoredEnemy, abilityScoreImprovement, invocationsKnown, kiPoints, martialArtsDamage, movementBonus, naturalExplorer, rageDamageBonus, ragePoints, sneakAttackDamage, sorceryPoints, classId, levelId) VALUES (0,NULL,0,NULL,NULL,NULL,NULL,NULL,3,4,NULL,NULL,1,9);
INSERT INTO classlevelbonus (chooseClassSpecialization, favoredEnemy, abilityScoreImprovement, invocationsKnown, kiPoints, martialArtsDamage, movementBonus, naturalExplorer, rageDamageBonus, ragePoints, sneakAttackDamage, sorceryPoints, classId, levelId) VALUES (0,NULL,0,NULL,NULL,NULL,NULL,NULL,3,4,NULL,NULL,1,10);
INSERT INTO classlevelbonus (chooseClassSpecialization, favoredEnemy, abilityScoreImprovement, invocationsKnown, kiPoints, martialArtsDamage, movementBonus, naturalExplorer, rageDamageBonus, ragePoints, sneakAttackDamage, sorceryPoints, classId, levelId) VALUES (0,NULL,0,NULL,NULL,NULL,NULL,NULL,3,4,NULL,NULL,1,11);
INSERT INTO classlevelbonus (chooseClassSpecialization, favoredEnemy, abilityScoreImprovement, invocationsKnown, kiPoints, martialArtsDamage, movementBonus, naturalExplorer, rageDamageBonus, ragePoints, sneakAttackDamage, sorceryPoints, classId, levelId) VALUES (0,NULL,1,NULL,NULL,NULL,NULL,NULL,3,5,NULL,NULL,1,12);
INSERT INTO classlevelbonus (chooseClassSpecialization, favoredEnemy, abilityScoreImprovement, invocationsKnown, kiPoints, martialArtsDamage, movementBonus, naturalExplorer, rageDamageBonus, ragePoints, sneakAttackDamage, sorceryPoints, classId, levelId) VALUES (0,NULL,0,NULL,NULL,NULL,NULL,NULL,3,5,NULL,NULL,1,13);
INSERT INTO classlevelbonus (chooseClassSpecialization, favoredEnemy, abilityScoreImprovement, invocationsKnown, kiPoints, martialArtsDamage, movementBonus, naturalExplorer, rageDamageBonus, ragePoints, sneakAttackDamage, sorceryPoints, classId, levelId) VALUES (0,NULL,0,NULL,NULL,NULL,NULL,NULL,3,5,NULL,NULL,1,14);
INSERT INTO classlevelbonus (chooseClassSpecialization, favoredEnemy, abilityScoreImprovement, invocationsKnown, kiPoints, martialArtsDamage, movementBonus, naturalExplorer, rageDamageBonus, ragePoints, sneakAttackDamage, sorceryPoints, classId, levelId) VALUES (0,NULL,0,NULL,NULL,NULL,NULL,NULL,3,5,NULL,NULL,1,15);
INSERT INTO classlevelbonus (chooseClassSpecialization, favoredEnemy, abilityScoreImprovement, invocationsKnown, kiPoints, martialArtsDamage, movementBonus, naturalExplorer, rageDamageBonus, ragePoints, sneakAttackDamage, sorceryPoints, classId, levelId) VALUES (0,NULL,1,NULL,NULL,NULL,NULL,NULL,4,5,NULL,NULL,1,16);
INSERT INTO classlevelbonus (chooseClassSpecialization, favoredEnemy, abilityScoreImprovement, invocationsKnown, kiPoints, martialArtsDamage, movementBonus, naturalExplorer, rageDamageBonus, ragePoints, sneakAttackDamage, sorceryPoints, classId, levelId) VALUES (0,NULL,0,NULL,NULL,NULL,NULL,NULL,4,6,NULL,NULL,1,17);
INSERT INTO classlevelbonus (chooseClassSpecialization, favoredEnemy, abilityScoreImprovement, invocationsKnown, kiPoints, martialArtsDamage, movementBonus, naturalExplorer, rageDamageBonus, ragePoints, sneakAttackDamage, sorceryPoints, classId, levelId) VALUES (0,NULL,0,NULL,NULL,NULL,NULL,NULL,4,6,NULL,NULL,1,18);
INSERT INTO classlevelbonus (chooseClassSpecialization, favoredEnemy, abilityScoreImprovement, invocationsKnown, kiPoints, martialArtsDamage, movementBonus, naturalExplorer, rageDamageBonus, ragePoints, sneakAttackDamage, sorceryPoints, classId, levelId) VALUES (0,NULL,1,NULL,NULL,NULL,NULL,NULL,4,6,NULL,NULL,1,19);
INSERT INTO classlevelbonus (chooseClassSpecialization, favoredEnemy, abilityScoreImprovement, invocationsKnown, kiPoints, martialArtsDamage, movementBonus, naturalExplorer, rageDamageBonus, ragePoints, sneakAttackDamage, sorceryPoints, classId, levelId) VALUES (0,NULL,0,NULL,NULL,NULL,NULL,NULL,4,999,NULL,NULL,1,20);
INSERT INTO classlevelbonus (chooseClassSpecialization, favoredEnemy, abilityScoreImprovement, invocationsKnown, kiPoints, martialArtsDamage, movementBonus, naturalExplorer, rageDamageBonus, ragePoints, sneakAttackDamage, sorceryPoints, classId, levelId) VALUES (1,NULL,0,NULL,NULL,NULL,NULL,NULL,NULL,NULL,NULL,NULL,2,2);
INSERT INTO classlevelbonus (chooseClassSpecialization, favoredEnemy, abilityScoreImprovement, invocationsKnown, kiPoints, martialArtsDamage, movementBonus, naturalExplorer, rageDamageBonus, ragePoints, sneakAttackDamage, sorceryPoints, classId, levelId) VALUES (0,NULL,1,NULL,NULL,NULL,NULL,NULL,NULL,NULL,NULL,NULL,2,4);
INSERT INTO classlevelbonus (chooseClassSpecialization, favoredEnemy, abilityScoreImprovement, invocationsKnown, kiPoints, martialArtsDamage, movementBonus, naturalExplorer, rageDamageBonus, ragePoints, sneakAttackDamage, sorceryPoints, classId, levelId) VALUES (0,NULL,1,NULL,NULL,NULL,NULL,NULL,NULL,NULL,NULL,NULL,2,8);
INSERT INTO classlevelbonus (chooseClassSpecialization, favoredEnemy, abilityScoreImprovement, invocationsKnown, kiPoints, martialArtsDamage, movementBonus, naturalExplorer, rageDamageBonus, ragePoints, sneakAttackDamage, sorceryPoints, classId, levelId) VALUES (0,NULL,1,NULL,NULL,NULL,NULL,NULL,NULL,NULL,NULL,NULL,2,12);
INSERT INTO classlevelbonus (chooseClassSpecialization, favoredEnemy, abilityScoreImprovement, invocationsKnown, kiPoints, martialArtsDamage, movementBonus, naturalExplorer, rageDamageBonus, ragePoints, sneakAttackDamage, sorceryPoints, classId, levelId) VALUES (0,NULL,1,NULL,NULL,NULL,NULL,NULL,NULL,NULL,NULL,NULL,2,16);
INSERT INTO classlevelbonus (chooseClassSpecialization, favoredEnemy, abilityScoreImprovement, invocationsKnown, kiPoints, martialArtsDamage, movementBonus, naturalExplorer, rageDamageBonus, ragePoints, sneakAttackDamage, sorceryPoints, classId, levelId) VALUES (0,NULL,1,NULL,NULL,NULL,NULL,NULL,NULL,NULL,NULL,NULL,2,19);
INSERT INTO classlevelbonus (chooseClassSpecialization, favoredEnemy, abilityScoreImprovement, invocationsKnown, kiPoints, martialArtsDamage, movementBonus, naturalExplorer, rageDamageBonus, ragePoints, sneakAttackDamage, sorceryPoints, classId, levelId) VALUES (0,NULL,0,NULL,NULL,NULL,NULL,NULL,NULL,NULL,'1d6',NULL,3,1);
INSERT INTO classlevelbonus (chooseClassSpecialization, favoredEnemy, abilityScoreImprovement, invocationsKnown, kiPoints, martialArtsDamage, movementBonus, naturalExplorer, rageDamageBonus, ragePoints, sneakAttackDamage, sorceryPoints, classId, levelId) VALUES (0,NULL,0,NULL,NULL,NULL,NULL,NULL,NULL,NULL,'1d6',NULL,3,2);
INSERT INTO classlevelbonus (chooseClassSpecialization, favoredEnemy, abilityScoreImprovement, invocationsKnown, kiPoints, martialArtsDamage, movementBonus, naturalExplorer, rageDamageBonus, ragePoints, sneakAttackDamage, sorceryPoints, classId, levelId) VALUES (1,NULL,0,NULL,NULL,NULL,NULL,NULL,NULL,NULL,'2d6',NULL,3,3);
INSERT INTO classlevelbonus (chooseClassSpecialization, favoredEnemy, abilityScoreImprovement, invocationsKnown, kiPoints, martialArtsDamage, movementBonus, naturalExplorer, rageDamageBonus, ragePoints, sneakAttackDamage, sorceryPoints, classId, levelId) VALUES (0,NULL,1,NULL,NULL,NULL,NULL,NULL,NULL,NULL,'2d6',NULL,3,4);
INSERT INTO classlevelbonus (chooseClassSpecialization, favoredEnemy, abilityScoreImprovement, invocationsKnown, kiPoints, martialArtsDamage, movementBonus, naturalExplorer, rageDamageBonus, ragePoints, sneakAttackDamage, sorceryPoints, classId, levelId) VALUES (0,NULL,0,NULL,NULL,NULL,NULL,NULL,NULL,NULL,'3d6',NULL,3,5);
INSERT INTO classlevelbonus (chooseClassSpecialization, favoredEnemy, abilityScoreImprovement, invocationsKnown, kiPoints, martialArtsDamage, movementBonus, naturalExplorer, rageDamageBonus, ragePoints, sneakAttackDamage, sorceryPoints, classId, levelId) VALUES (0,NULL,0,NULL,NULL,NULL,NULL,NULL,NULL,NULL,'3d6',NULL,3,6);
INSERT INTO classlevelbonus (chooseClassSpecialization, favoredEnemy, abilityScoreImprovement, invocationsKnown, kiPoints, martialArtsDamage, movementBonus, naturalExplorer, rageDamageBonus, ragePoints, sneakAttackDamage, sorceryPoints, classId, levelId) VALUES (0,NULL,0,NULL,NULL,NULL,NULL,NULL,NULL,NULL,'4d6',NULL,3,7);
INSERT INTO classlevelbonus (chooseClassSpecialization, favoredEnemy, abilityScoreImprovement, invocationsKnown, kiPoints, martialArtsDamage, movementBonus, naturalExplorer, rageDamageBonus, ragePoints, sneakAttackDamage, sorceryPoints, classId, levelId) VALUES (0,NULL,1,NULL,NULL,NULL,NULL,NULL,NULL,NULL,'4d6',NULL,3,8);
INSERT INTO classlevelbonus (chooseClassSpecialization, favoredEnemy, abilityScoreImprovement, invocationsKnown, kiPoints, martialArtsDamage, movementBonus, naturalExplorer, rageDamageBonus, ragePoints, sneakAttackDamage, sorceryPoints, classId, levelId) VALUES (0,NULL,0,NULL,NULL,NULL,NULL,NULL,NULL,NULL,'5d6',NULL,3,9);
INSERT INTO classlevelbonus (chooseClassSpecialization, favoredEnemy, abilityScoreImprovement, invocationsKnown, kiPoints, martialArtsDamage, movementBonus, naturalExplorer, rageDamageBonus, ragePoints, sneakAttackDamage, sorceryPoints, classId, levelId) VALUES (0,NULL,0,NULL,NULL,NULL,NULL,NULL,NULL,NULL,'5d6',NULL,3,10);
INSERT INTO classlevelbonus (chooseClassSpecialization, favoredEnemy, abilityScoreImprovement, invocationsKnown, kiPoints, martialArtsDamage, movementBonus, naturalExplorer, rageDamageBonus, ragePoints, sneakAttackDamage, sorceryPoints, classId, levelId) VALUES (0,NULL,0,NULL,NULL,NULL,NULL,NULL,NULL,NULL,'6d6',NULL,3,11);
INSERT INTO classlevelbonus (chooseClassSpecialization, favoredEnemy, abilityScoreImprovement, invocationsKnown, kiPoints, martialArtsDamage, movementBonus, naturalExplorer, rageDamageBonus, ragePoints, sneakAttackDamage, sorceryPoints, classId, levelId) VALUES (0,NULL,1,NULL,NULL,NULL,NULL,NULL,NULL,NULL,'6d6',NULL,3,12);
INSERT INTO classlevelbonus (chooseClassSpecialization, favoredEnemy, abilityScoreImprovement, invocationsKnown, kiPoints, martialArtsDamage, movementBonus, naturalExplorer, rageDamageBonus, ragePoints, sneakAttackDamage, sorceryPoints, classId, levelId) VALUES (0,NULL,0,NULL,NULL,NULL,NULL,NULL,NULL,NULL,'7d6',NULL,3,13);
INSERT INTO classlevelbonus (chooseClassSpecialization, favoredEnemy, abilityScoreImprovement, invocationsKnown, kiPoints, martialArtsDamage, movementBonus, naturalExplorer, rageDamageBonus, ragePoints, sneakAttackDamage, sorceryPoints, classId, levelId) VALUES (0,NULL,0,NULL,NULL,NULL,NULL,NULL,NULL,NULL,'7d6',NULL,3,14);
INSERT INTO classlevelbonus (chooseClassSpecialization, favoredEnemy, abilityScoreImprovement, invocationsKnown, kiPoints, martialArtsDamage, movementBonus, naturalExplorer, rageDamageBonus, ragePoints, sneakAttackDamage, sorceryPoints, classId, levelId) VALUES (0,NULL,0,NULL,NULL,NULL,NULL,NULL,NULL,NULL,'8d6',NULL,3,15);
INSERT INTO classlevelbonus (chooseClassSpecialization, favoredEnemy, abilityScoreImprovement, invocationsKnown, kiPoints, martialArtsDamage, movementBonus, naturalExplorer, rageDamageBonus, ragePoints, sneakAttackDamage, sorceryPoints, classId, levelId) VALUES (0,NULL,1,NULL,NULL,NULL,NULL,NULL,NULL,NULL,'8d6',NULL,3,16);
INSERT INTO classlevelbonus (chooseClassSpecialization, favoredEnemy, abilityScoreImprovement, invocationsKnown, kiPoints, martialArtsDamage, movementBonus, naturalExplorer, rageDamageBonus, ragePoints, sneakAttackDamage, sorceryPoints, classId, levelId) VALUES (0,NULL,0,NULL,NULL,NULL,NULL,NULL,NULL,NULL,'9d6',NULL,3,17);
INSERT INTO classlevelbonus (chooseClassSpecialization, favoredEnemy, abilityScoreImprovement, invocationsKnown, kiPoints, martialArtsDamage, movementBonus, naturalExplorer, rageDamageBonus, ragePoints, sneakAttackDamage, sorceryPoints, classId, levelId) VALUES (0,NULL,0,NULL,NULL,NULL,NULL,NULL,NULL,NULL,'9d6',NULL,3,18);
INSERT INTO classlevelbonus (chooseClassSpecialization, favoredEnemy, abilityScoreImprovement, invocationsKnown, kiPoints, martialArtsDamage, movementBonus, naturalExplorer, rageDamageBonus, ragePoints, sneakAttackDamage, sorceryPoints, classId, levelId) VALUES (0,NULL,1,NULL,NULL,NULL,NULL,NULL,NULL,NULL,'10d6',NULL,3,19);
INSERT INTO classlevelbonus (chooseClassSpecialization, favoredEnemy, abilityScoreImprovement, invocationsKnown, kiPoints, martialArtsDamage, movementBonus, naturalExplorer, rageDamageBonus, ragePoints, sneakAttackDamage, sorceryPoints, classId, levelId) VALUES (0,NULL,0,NULL,NULL,NULL,NULL,NULL,NULL,NULL,'10d6',NULL,3,20);
INSERT INTO classlevelbonus (chooseClassSpecialization, favoredEnemy, abilityScoreImprovement, invocationsKnown, kiPoints, martialArtsDamage, movementBonus, naturalExplorer, rageDamageBonus, ragePoints, sneakAttackDamage, sorceryPoints, classId, levelId) VALUES (1,NULL,0,NULL,NULL,NULL,NULL,NULL,NULL,NULL,NULL,NULL,4,3);
INSERT INTO classlevelbonus (chooseClassSpecialization, favoredEnemy, abilityScoreImprovement, invocationsKnown, kiPoints, martialArtsDamage, movementBonus, naturalExplorer, rageDamageBonus, ragePoints, sneakAttackDamage, sorceryPoints, classId, levelId) VALUES (0,NULL,1,NULL,NULL,NULL,NULL,NULL,NULL,NULL,NULL,NULL,4,4);
INSERT INTO classlevelbonus (chooseClassSpecialization, favoredEnemy, abilityScoreImprovement, invocationsKnown, kiPoints, martialArtsDamage, movementBonus, naturalExplorer, rageDamageBonus, ragePoints, sneakAttackDamage, sorceryPoints, classId, levelId) VALUES (0,NULL,1,NULL,NULL,NULL,NULL,NULL,NULL,NULL,NULL,NULL,4,8);
INSERT INTO classlevelbonus (chooseClassSpecialization, favoredEnemy, abilityScoreImprovement, invocationsKnown, kiPoints, martialArtsDamage, movementBonus, naturalExplorer, rageDamageBonus, ragePoints, sneakAttackDamage, sorceryPoints, classId, levelId) VALUES (0,NULL,1,NULL,NULL,NULL,NULL,NULL,NULL,NULL,NULL,NULL,4,12);
INSERT INTO classlevelbonus (chooseClassSpecialization, favoredEnemy, abilityScoreImprovement, invocationsKnown, kiPoints, martialArtsDamage, movementBonus, naturalExplorer, rageDamageBonus, ragePoints, sneakAttackDamage, sorceryPoints, classId, levelId) VALUES (0,NULL,1,NULL,NULL,NULL,NULL,NULL,NULL,NULL,NULL,NULL,4,16);
INSERT INTO classlevelbonus (chooseClassSpecialization, favoredEnemy, abilityScoreImprovement, invocationsKnown, kiPoints, martialArtsDamage, movementBonus, naturalExplorer, rageDamageBonus, ragePoints, sneakAttackDamage, sorceryPoints, classId, levelId) VALUES (0,NULL,1,NULL,NULL,NULL,NULL,NULL,NULL,NULL,NULL,NULL,4,19);


/* Classlevelbonusfeat */;
INSERT INTO classlevelbonusfeat (classId, featId, levelId) VALUES (1,42,1);
INSERT INTO classlevelbonusfeat (classId, featId, levelId) VALUES (1,43,1);
INSERT INTO classlevelbonusfeat (classId, featId, levelId) VALUES (3,139,1);
INSERT INTO classlevelbonusfeat (classId, featId, levelId) VALUES (3,141,1);
INSERT INTO classlevelbonusfeat (classId, featId, levelId) VALUES (3,142,1);
INSERT INTO classlevelbonusfeat (classId, featId, levelId) VALUES (4,170,1);
INSERT INTO classlevelbonusfeat (classId, featId, levelId) VALUES (1,44,2);
INSERT INTO classlevelbonusfeat (classId, featId, levelId) VALUES (1,45,2);
INSERT INTO classlevelbonusfeat (classId, featId, levelId) VALUES (2,120,2);
INSERT INTO classlevelbonusfeat (classId, featId, levelId) VALUES (3,143,2);
INSERT INTO classlevelbonusfeat (classId, featId, levelId) VALUES (4,64,2);
INSERT INTO classlevelbonusfeat (classId, featId, levelId) VALUES (4,65,2);
INSERT INTO classlevelbonusfeat (classId, featId, levelId) VALUES (4,139,3);
INSERT INTO classlevelbonusfeat (classId, featId, levelId) VALUES (1,46,5);
INSERT INTO classlevelbonusfeat (classId, featId, levelId) VALUES (1,47,5);
INSERT INTO classlevelbonusfeat (classId, featId, levelId) VALUES (3,144,5);
INSERT INTO classlevelbonusfeat (classId, featId, levelId) VALUES (4,67,5);
INSERT INTO classlevelbonusfeat (classId, featId, levelId) VALUES (4,171,5);
INSERT INTO classlevelbonusfeat (classId, featId, levelId) VALUES (3,140,6);
INSERT INTO classlevelbonusfeat (classId, featId, levelId) VALUES (4,68,6);
INSERT INTO classlevelbonusfeat (classId, featId, levelId) VALUES (1,48,7);
INSERT INTO classlevelbonusfeat (classId, featId, levelId) VALUES (3,145,7);
INSERT INTO classlevelbonusfeat (classId, featId, levelId) VALUES (1,49,9);
INSERT INTO classlevelbonusfeat (classId, featId, levelId) VALUES (4,174,9);
INSERT INTO classlevelbonusfeat (classId, featId, levelId) VALUES (4,69,10);
INSERT INTO classlevelbonusfeat (classId, featId, levelId) VALUES (4,140,10);
INSERT INTO classlevelbonusfeat (classId, featId, levelId) VALUES (4,172,10);
INSERT INTO classlevelbonusfeat (classId, featId, levelId) VALUES (1,50,11);
INSERT INTO classlevelbonusfeat (classId, featId, levelId) VALUES (3,146,11);
INSERT INTO classlevelbonusfeat (classId, featId, levelId) VALUES (1,135,13);
INSERT INTO classlevelbonusfeat (classId, featId, levelId) VALUES (4,175,13);
INSERT INTO classlevelbonusfeat (classId, featId, levelId) VALUES (3,147,14);
INSERT INTO classlevelbonusfeat (classId, featId, levelId) VALUES (4,69,14);
INSERT INTO classlevelbonusfeat (classId, featId, levelId) VALUES (1,51,15);
INSERT INTO classlevelbonusfeat (classId, featId, levelId) VALUES (3,148,15);
INSERT INTO classlevelbonusfeat (classId, featId, levelId) VALUES (4,173,15);
INSERT INTO classlevelbonusfeat (classId, featId, levelId) VALUES (1,136,17);
INSERT INTO classlevelbonusfeat (classId, featId, levelId) VALUES (4,176,17);
INSERT INTO classlevelbonusfeat (classId, featId, levelId) VALUES (1,52,18);
INSERT INTO classlevelbonusfeat (classId, featId, levelId) VALUES (2,121,18);
INSERT INTO classlevelbonusfeat (classId, featId, levelId) VALUES (2,122,18);
INSERT INTO classlevelbonusfeat (classId, featId, levelId) VALUES (3,169,18);
INSERT INTO classlevelbonusfeat (classId, featId, levelId) VALUES (4,69,18);
INSERT INTO classlevelbonusfeat (classId, featId, levelId) VALUES (1,53,20);
INSERT INTO classlevelbonusfeat (classId, featId, levelId) VALUES (2,123,20);
INSERT INTO classlevelbonusfeat (classId, featId, levelId) VALUES (3,149,20);
INSERT INTO classlevelbonusfeat (classId, featId, levelId) VALUES (4,70,20);

/* Classsavingthrowproficiencies */;
INSERT INTO classsavingthrowproficiencies (classId, abilityId) VALUES (1,1);
INSERT INTO classsavingthrowproficiencies (classId, abilityId) VALUES (3,2);
INSERT INTO classsavingthrowproficiencies (classId, abilityId) VALUES (4,2);
INSERT INTO classsavingthrowproficiencies (classId, abilityId) VALUES (1,3);
INSERT INTO classsavingthrowproficiencies (classId, abilityId) VALUES (2,4);
INSERT INTO classsavingthrowproficiencies (classId, abilityId) VALUES (3,4);
INSERT INTO classsavingthrowproficiencies (classId, abilityId) VALUES (2,5);
INSERT INTO classsavingthrowproficiencies (classId, abilityId) VALUES (4,6);

/* Classskill */;
INSERT INTO classskill (classId, skillId) VALUES (1,1);
INSERT INTO classskill (classId, skillId) VALUES (3,1);
INSERT INTO classskill (classId, skillId) VALUES (4,1);
INSERT INTO classskill (classId, skillId) VALUES (3,2);
INSERT INTO classskill (classId, skillId) VALUES (4,2);
INSERT INTO classskill (classId, skillId) VALUES (3,3);
INSERT INTO classskill (classId, skillId) VALUES (4,3);
INSERT INTO classskill (classId, skillId) VALUES (3,4);
INSERT INTO classskill (classId, skillId) VALUES (4,4);
INSERT INTO classskill (classId, skillId) VALUES (2,5);
INSERT INTO classskill (classId, skillId) VALUES (4,5);
INSERT INTO classskill (classId, skillId) VALUES (4,6);
INSERT INTO classskill (classId, skillId) VALUES (3,7);
INSERT INTO classskill (classId, skillId) VALUES (4,7);
INSERT INTO classskill (classId, skillId) VALUES (1,8);
INSERT INTO classskill (classId, skillId) VALUES (4,8);
INSERT INTO classskill (classId, skillId) VALUES (2,9);
INSERT INTO classskill (classId, skillId) VALUES (4,9);
INSERT INTO classskill (classId, skillId) VALUES (1,10);
INSERT INTO classskill (classId, skillId) VALUES (2,10);
INSERT INTO classskill (classId, skillId) VALUES (4,10);
INSERT INTO classskill (classId, skillId) VALUES (2,11);
INSERT INTO classskill (classId, skillId) VALUES (3,11);
INSERT INTO classskill (classId, skillId) VALUES (4,11);
INSERT INTO classskill (classId, skillId) VALUES (2,12);
INSERT INTO classskill (classId, skillId) VALUES (4,12);
INSERT INTO classskill (classId, skillId) VALUES (1,13);
INSERT INTO classskill (classId, skillId) VALUES (2,13);
INSERT INTO classskill (classId, skillId) VALUES (3,13);
INSERT INTO classskill (classId, skillId) VALUES (4,13);
INSERT INTO classskill (classId, skillId) VALUES (1,14);
INSERT INTO classskill (classId, skillId) VALUES (2,14);
INSERT INTO classskill (classId, skillId) VALUES (4,14);
INSERT INTO classskill (classId, skillId) VALUES (3,15);
INSERT INTO classskill (classId, skillId) VALUES (4,15);
INSERT INTO classskill (classId, skillId) VALUES (1,16);
INSERT INTO classskill (classId, skillId) VALUES (3,16);
INSERT INTO classskill (classId, skillId) VALUES (4,16);
INSERT INTO classskill (classId, skillId) VALUES (3,17);
INSERT INTO classskill (classId, skillId) VALUES (4,17);
INSERT INTO classskill (classId, skillId) VALUES (3,18);
INSERT INTO classskill (classId, skillId) VALUES (4,18);

/* Classspellslots */
INSERT INTO classspellslots (cantripsKnown, spellSlots1, spellSlots2, spellSlots3, spellSlots4, spellSlots5, spellSlots6, spellSlots7, spellSlots8, spellSlots9, spellsKnown, classId, levelId) VALUES (2,2,NULL,NULL,NULL,NULL,NULL,NULL,NULL,NULL,NULL,2,1);
INSERT INTO classspellslots (cantripsKnown, spellSlots1, spellSlots2, spellSlots3, spellSlots4, spellSlots5, spellSlots6, spellSlots7, spellSlots8, spellSlots9, spellsKnown, classId, levelId) VALUES (2,3,NULL,NULL,NULL,NULL,NULL,NULL,NULL,NULL,NULL,2,2);
INSERT INTO classspellslots (cantripsKnown, spellSlots1, spellSlots2, spellSlots3, spellSlots4, spellSlots5, spellSlots6, spellSlots7, spellSlots8, spellSlots9, spellsKnown, classId, levelId) VALUES (2,4,2,NULL,NULL,NULL,NULL,NULL,NULL,NULL,NULL,2,3);
INSERT INTO classspellslots (cantripsKnown, spellSlots1, spellSlots2, spellSlots3, spellSlots4, spellSlots5, spellSlots6, spellSlots7, spellSlots8, spellSlots9, spellsKnown, classId, levelId) VALUES (3,4,3,NULL,NULL,NULL,NULL,NULL,NULL,NULL,NULL,2,4);
INSERT INTO classspellslots (cantripsKnown, spellSlots1, spellSlots2, spellSlots3, spellSlots4, spellSlots5, spellSlots6, spellSlots7, spellSlots8, spellSlots9, spellsKnown, classId, levelId) VALUES (3,4,3,2,NULL,NULL,NULL,NULL,NULL,NULL,NULL,2,5);
INSERT INTO classspellslots (cantripsKnown, spellSlots1, spellSlots2, spellSlots3, spellSlots4, spellSlots5, spellSlots6, spellSlots7, spellSlots8, spellSlots9, spellsKnown, classId, levelId) VALUES (3,4,3,3,NULL,NULL,NULL,NULL,NULL,NULL,NULL,2,6);
INSERT INTO classspellslots (cantripsKnown, spellSlots1, spellSlots2, spellSlots3, spellSlots4, spellSlots5, spellSlots6, spellSlots7, spellSlots8, spellSlots9, spellsKnown, classId, levelId) VALUES (3,4,3,3,1,NULL,NULL,NULL,NULL,NULL,NULL,2,7);
INSERT INTO classspellslots (cantripsKnown, spellSlots1, spellSlots2, spellSlots3, spellSlots4, spellSlots5, spellSlots6, spellSlots7, spellSlots8, spellSlots9, spellsKnown, classId, levelId) VALUES (3,4,3,3,2,NULL,NULL,NULL,NULL,NULL,NULL,2,8);
INSERT INTO classspellslots (cantripsKnown, spellSlots1, spellSlots2, spellSlots3, spellSlots4, spellSlots5, spellSlots6, spellSlots7, spellSlots8, spellSlots9, spellsKnown, classId, levelId) VALUES (3,4,3,3,3,1,NULL,NULL,NULL,NULL,NULL,2,9);
INSERT INTO classspellslots (cantripsKnown, spellSlots1, spellSlots2, spellSlots3, spellSlots4, spellSlots5, spellSlots6, spellSlots7, spellSlots8, spellSlots9, spellsKnown, classId, levelId) VALUES (4,4,3,3,3,2,NULL,NULL,NULL,NULL,NULL,2,10);
INSERT INTO classspellslots (cantripsKnown, spellSlots1, spellSlots2, spellSlots3, spellSlots4, spellSlots5, spellSlots6, spellSlots7, spellSlots8, spellSlots9, spellsKnown, classId, levelId) VALUES (4,4,3,3,3,2,1,NULL,NULL,NULL,NULL,2,11);
INSERT INTO classspellslots (cantripsKnown, spellSlots1, spellSlots2, spellSlots3, spellSlots4, spellSlots5, spellSlots6, spellSlots7, spellSlots8, spellSlots9, spellsKnown, classId, levelId) VALUES (4,4,3,3,3,2,1,NULL,NULL,NULL,NULL,2,12);
INSERT INTO classspellslots (cantripsKnown, spellSlots1, spellSlots2, spellSlots3, spellSlots4, spellSlots5, spellSlots6, spellSlots7, spellSlots8, spellSlots9, spellsKnown, classId, levelId) VALUES (4,4,3,3,3,2,1,1,NULL,NULL,NULL,2,13);
INSERT INTO classspellslots (cantripsKnown, spellSlots1, spellSlots2, spellSlots3, spellSlots4, spellSlots5, spellSlots6, spellSlots7, spellSlots8, spellSlots9, spellsKnown, classId, levelId) VALUES (4,4,3,3,3,2,1,1,NULL,NULL,NULL,2,14);
INSERT INTO classspellslots (cantripsKnown, spellSlots1, spellSlots2, spellSlots3, spellSlots4, spellSlots5, spellSlots6, spellSlots7, spellSlots8, spellSlots9, spellsKnown, classId, levelId) VALUES (4,4,3,3,3,2,1,1,1,NULL,NULL,2,15);
INSERT INTO classspellslots (cantripsKnown, spellSlots1, spellSlots2, spellSlots3, spellSlots4, spellSlots5, spellSlots6, spellSlots7, spellSlots8, spellSlots9, spellsKnown, classId, levelId) VALUES (4,4,3,3,3,2,1,1,1,NULL,NULL,2,16);
INSERT INTO classspellslots (cantripsKnown, spellSlots1, spellSlots2, spellSlots3, spellSlots4, spellSlots5, spellSlots6, spellSlots7, spellSlots8, spellSlots9, spellsKnown, classId, levelId) VALUES (4,4,3,3,3,2,1,1,1,1,NULL,2,17);
INSERT INTO classspellslots (cantripsKnown, spellSlots1, spellSlots2, spellSlots3, spellSlots4, spellSlots5, spellSlots6, spellSlots7, spellSlots8, spellSlots9, spellsKnown, classId, levelId) VALUES (4,4,3,3,3,3,1,1,1,1,NULL,2,18);
INSERT INTO classspellslots (cantripsKnown, spellSlots1, spellSlots2, spellSlots3, spellSlots4, spellSlots5, spellSlots6, spellSlots7, spellSlots8, spellSlots9, spellsKnown, classId, levelId) VALUES (4,4,3,3,3,3,2,1,1,1,NULL,2,19);
INSERT INTO classspellslots (cantripsKnown, spellSlots1, spellSlots2, spellSlots3, spellSlots4, spellSlots5, spellSlots6, spellSlots7, spellSlots8, spellSlots9, spellsKnown, classId, levelId) VALUES (4,4,3,3,3,3,2,2,1,1,NULL,2,20);
INSERT INTO classspellslots (cantripsKnown, spellSlots1, spellSlots2, spellSlots3, spellSlots4, spellSlots5, spellSlots6, spellSlots7, spellSlots8, spellSlots9, spellsKnown, classId, levelId) VALUES (2,2,NULL,NULL,NULL,NULL,NULL,NULL,NULL,NULL,4,4,1);
INSERT INTO classspellslots (cantripsKnown, spellSlots1, spellSlots2, spellSlots3, spellSlots4, spellSlots5, spellSlots6, spellSlots7, spellSlots8, spellSlots9, spellsKnown, classId, levelId) VALUES (2,3,NULL,NULL,NULL,NULL,NULL,NULL,NULL,NULL,5,4,2);
INSERT INTO classspellslots (cantripsKnown, spellSlots1, spellSlots2, spellSlots3, spellSlots4, spellSlots5, spellSlots6, spellSlots7, spellSlots8, spellSlots9, spellsKnown, classId, levelId) VALUES (2,4,2,NULL,NULL,NULL,NULL,NULL,NULL,NULL,6,4,3);
INSERT INTO classspellslots (cantripsKnown, spellSlots1, spellSlots2, spellSlots3, spellSlots4, spellSlots5, spellSlots6, spellSlots7, spellSlots8, spellSlots9, spellsKnown, classId, levelId) VALUES (3,4,3,NULL,NULL,NULL,NULL,NULL,NULL,NULL,7,4,4);
INSERT INTO classspellslots (cantripsKnown, spellSlots1, spellSlots2, spellSlots3, spellSlots4, spellSlots5, spellSlots6, spellSlots7, spellSlots8, spellSlots9, spellsKnown, classId, levelId) VALUES (3,4,3,2,NULL,NULL,NULL,NULL,NULL,NULL,8,4,5);
INSERT INTO classspellslots (cantripsKnown, spellSlots1, spellSlots2, spellSlots3, spellSlots4, spellSlots5, spellSlots6, spellSlots7, spellSlots8, spellSlots9, spellsKnown, classId, levelId) VALUES (3,4,3,3,NULL,NULL,NULL,NULL,NULL,NULL,9,4,6);
INSERT INTO classspellslots (cantripsKnown, spellSlots1, spellSlots2, spellSlots3, spellSlots4, spellSlots5, spellSlots6, spellSlots7, spellSlots8, spellSlots9, spellsKnown, classId, levelId) VALUES (3,4,3,3,1,NULL,NULL,NULL,NULL,NULL,10,4,7);
INSERT INTO classspellslots (cantripsKnown, spellSlots1, spellSlots2, spellSlots3, spellSlots4, spellSlots5, spellSlots6, spellSlots7, spellSlots8, spellSlots9, spellsKnown, classId, levelId) VALUES (3,4,3,3,2,NULL,NULL,NULL,NULL,NULL,11,4,8);
INSERT INTO classspellslots (cantripsKnown, spellSlots1, spellSlots2, spellSlots3, spellSlots4, spellSlots5, spellSlots6, spellSlots7, spellSlots8, spellSlots9, spellsKnown, classId, levelId) VALUES (3,4,3,3,3,1,NULL,NULL,NULL,NULL,12,4,9);
INSERT INTO classspellslots (cantripsKnown, spellSlots1, spellSlots2, spellSlots3, spellSlots4, spellSlots5, spellSlots6, spellSlots7, spellSlots8, spellSlots9, spellsKnown, classId, levelId) VALUES (4,4,3,3,3,2,NULL,NULL,NULL,NULL,14,4,10);
INSERT INTO classspellslots (cantripsKnown, spellSlots1, spellSlots2, spellSlots3, spellSlots4, spellSlots5, spellSlots6, spellSlots7, spellSlots8, spellSlots9, spellsKnown, classId, levelId) VALUES (4,4,3,3,3,2,1,NULL,NULL,NULL,15,4,11);
INSERT INTO classspellslots (cantripsKnown, spellSlots1, spellSlots2, spellSlots3, spellSlots4, spellSlots5, spellSlots6, spellSlots7, spellSlots8, spellSlots9, spellsKnown, classId, levelId) VALUES (4,4,3,3,3,2,1,NULL,NULL,NULL,15,4,12);
INSERT INTO classspellslots (cantripsKnown, spellSlots1, spellSlots2, spellSlots3, spellSlots4, spellSlots5, spellSlots6, spellSlots7, spellSlots8, spellSlots9, spellsKnown, classId, levelId) VALUES (4,4,3,3,3,2,1,1,NULL,NULL,16,4,13);
INSERT INTO classspellslots (cantripsKnown, spellSlots1, spellSlots2, spellSlots3, spellSlots4, spellSlots5, spellSlots6, spellSlots7, spellSlots8, spellSlots9, spellsKnown, classId, levelId) VALUES (4,4,3,3,3,2,1,1,NULL,NULL,18,4,14);
INSERT INTO classspellslots (cantripsKnown, spellSlots1, spellSlots2, spellSlots3, spellSlots4, spellSlots5, spellSlots6, spellSlots7, spellSlots8, spellSlots9, spellsKnown, classId, levelId) VALUES (4,4,3,3,3,2,1,1,1,NULL,19,4,15);
INSERT INTO classspellslots (cantripsKnown, spellSlots1, spellSlots2, spellSlots3, spellSlots4, spellSlots5, spellSlots6, spellSlots7, spellSlots8, spellSlots9, spellsKnown, classId, levelId) VALUES (4,4,3,3,3,2,1,1,1,NULL,19,4,16);
INSERT INTO classspellslots (cantripsKnown, spellSlots1, spellSlots2, spellSlots3, spellSlots4, spellSlots5, spellSlots6, spellSlots7, spellSlots8, spellSlots9, spellsKnown, classId, levelId) VALUES (4,4,3,3,3,2,1,1,1,1,20,4,17);
INSERT INTO classspellslots (cantripsKnown, spellSlots1, spellSlots2, spellSlots3, spellSlots4, spellSlots5, spellSlots6, spellSlots7, spellSlots8, spellSlots9, spellsKnown, classId, levelId) VALUES (4,4,3,3,3,3,1,1,1,1,22,4,18);
INSERT INTO classspellslots (cantripsKnown, spellSlots1, spellSlots2, spellSlots3, spellSlots4, spellSlots5, spellSlots6, spellSlots7, spellSlots8, spellSlots9, spellsKnown, classId, levelId) VALUES (4,4,3,3,3,3,2,1,1,1,22,4,19);
INSERT INTO classspellslots (cantripsKnown, spellSlots1, spellSlots2, spellSlots3, spellSlots4, spellSlots5, spellSlots6, spellSlots7, spellSlots8, spellSlots9, spellsKnown, classId, levelId) VALUES (4,4,3,3,3,3,2,2,1,1,22,4,20);

/* Classweaponproficiencies */;
INSERT INTO classweaponproficiencies (classId, weaponTypeId) VALUES (1,1);
INSERT INTO classweaponproficiencies (classId, weaponTypeId) VALUES (2,1);
INSERT INTO classweaponproficiencies (classId, weaponTypeId) VALUES (3,1);
INSERT INTO classweaponproficiencies (classId, weaponTypeId) VALUES (4,1);
INSERT INTO classweaponproficiencies (classId, weaponTypeId) VALUES (1,2);
INSERT INTO classweaponproficiencies (classId, weaponTypeId) VALUES (2,2);
INSERT INTO classweaponproficiencies (classId, weaponTypeId) VALUES (3,2);
INSERT INTO classweaponproficiencies (classId, weaponTypeId) VALUES (4,2);
INSERT INTO classweaponproficiencies (classId, weaponTypeId) VALUES (1,3);
INSERT INTO classweaponproficiencies (classId, weaponTypeId) VALUES (3,3);
INSERT INTO classweaponproficiencies (classId, weaponTypeId) VALUES (4,3);
INSERT INTO classweaponproficiencies (classId, weaponTypeId) VALUES (1,4);
INSERT INTO classweaponproficiencies (classId, weaponTypeId) VALUES (3,4);
INSERT INTO classweaponproficiencies (classId, weaponTypeId) VALUES (4,4);
INSERT INTO classweaponproficiencies (classId, weaponTypeId) VALUES (1,5);
INSERT INTO classweaponproficiencies (classId, weaponTypeId) VALUES (2,5);
INSERT INTO classweaponproficiencies (classId, weaponTypeId) VALUES (3,5);
INSERT INTO classweaponproficiencies (classId, weaponTypeId) VALUES (4,5);
INSERT INTO classweaponproficiencies (classId, weaponTypeId) VALUES (1,6);
INSERT INTO classweaponproficiencies (classId, weaponTypeId) VALUES (3,6);
INSERT INTO classweaponproficiencies (classId, weaponTypeId) VALUES (4,6);
INSERT INTO classweaponproficiencies (classId, weaponTypeId) VALUES (1,7);
INSERT INTO classweaponproficiencies (classId, weaponTypeId) VALUES (2,7);
INSERT INTO classweaponproficiencies (classId, weaponTypeId) VALUES (3,7);
INSERT INTO classweaponproficiencies (classId, weaponTypeId) VALUES (4,7);
INSERT INTO classweaponproficiencies (classId, weaponTypeId) VALUES (1,8);
INSERT INTO classweaponproficiencies (classId, weaponTypeId) VALUES (2,8);
INSERT INTO classweaponproficiencies (classId, weaponTypeId) VALUES (3,8);
INSERT INTO classweaponproficiencies (classId, weaponTypeId) VALUES (4,8);
INSERT INTO classweaponproficiencies (classId, weaponTypeId) VALUES (1,9);
INSERT INTO classweaponproficiencies (classId, weaponTypeId) VALUES (3,9);
INSERT INTO classweaponproficiencies (classId, weaponTypeId) VALUES (4,9);
INSERT INTO classweaponproficiencies (classId, weaponTypeId) VALUES (1,10);
INSERT INTO classweaponproficiencies (classId, weaponTypeId) VALUES (3,10);
INSERT INTO classweaponproficiencies (classId, weaponTypeId) VALUES (4,10);
INSERT INTO classweaponproficiencies (classId, weaponTypeId) VALUES (1,11);
INSERT INTO classweaponproficiencies (classId, weaponTypeId) VALUES (2,11);
INSERT INTO classweaponproficiencies (classId, weaponTypeId) VALUES (3,11);
INSERT INTO classweaponproficiencies (classId, weaponTypeId) VALUES (4,11);
INSERT INTO classweaponproficiencies (classId, weaponTypeId) VALUES (1,12);
INSERT INTO classweaponproficiencies (classId, weaponTypeId) VALUES (3,12);
INSERT INTO classweaponproficiencies (classId, weaponTypeId) VALUES (4,12);
INSERT INTO classweaponproficiencies (classId, weaponTypeId) VALUES (1,13);
INSERT INTO classweaponproficiencies (classId, weaponTypeId) VALUES (2,13);
INSERT INTO classweaponproficiencies (classId, weaponTypeId) VALUES (3,13);
INSERT INTO classweaponproficiencies (classId, weaponTypeId) VALUES (4,13);
INSERT INTO classweaponproficiencies (classId, weaponTypeId) VALUES (1,14);
INSERT INTO classweaponproficiencies (classId, weaponTypeId) VALUES (1,15);
INSERT INTO classweaponproficiencies (classId, weaponTypeId) VALUES (1,17);
INSERT INTO classweaponproficiencies (classId, weaponTypeId) VALUES (1,18);
INSERT INTO classweaponproficiencies (classId, weaponTypeId) VALUES (1,19);
INSERT INTO classweaponproficiencies (classId, weaponTypeId) VALUES (1,20);
INSERT INTO classweaponproficiencies (classId, weaponTypeId) VALUES (2,20);
INSERT INTO classweaponproficiencies (classId, weaponTypeId) VALUES (3,20);
INSERT INTO classweaponproficiencies (classId, weaponTypeId) VALUES (4,20);
INSERT INTO classweaponproficiencies (classId, weaponTypeId) VALUES (1,21);
INSERT INTO classweaponproficiencies (classId, weaponTypeId) VALUES (3,21);
INSERT INTO classweaponproficiencies (classId, weaponTypeId) VALUES (4,21);
INSERT INTO classweaponproficiencies (classId, weaponTypeId) VALUES (1,22);
INSERT INTO classweaponproficiencies (classId, weaponTypeId) VALUES (1,23);
INSERT INTO classweaponproficiencies (classId, weaponTypeId) VALUES (1,24);
INSERT INTO classweaponproficiencies (classId, weaponTypeId) VALUES (1,25);
INSERT INTO classweaponproficiencies (classId, weaponTypeId) VALUES (3,25);
INSERT INTO classweaponproficiencies (classId, weaponTypeId) VALUES (4,25);
INSERT INTO classweaponproficiencies (classId, weaponTypeId) VALUES (1,26);
INSERT INTO classweaponproficiencies (classId, weaponTypeId) VALUES (2,26);
INSERT INTO classweaponproficiencies (classId, weaponTypeId) VALUES (1,27);
INSERT INTO classweaponproficiencies (classId, weaponTypeId) VALUES (3,27);
INSERT INTO classweaponproficiencies (classId, weaponTypeId) VALUES (4,27);
INSERT INTO classweaponproficiencies (classId, weaponTypeId) VALUES (1,28);
INSERT INTO classweaponproficiencies (classId, weaponTypeId) VALUES (1,29);
INSERT INTO classweaponproficiencies (classId, weaponTypeId) VALUES (1,30);
INSERT INTO classweaponproficiencies (classId, weaponTypeId) VALUES (1,31);
INSERT INTO classweaponproficiencies (classId, weaponTypeId) VALUES (1,32);
INSERT INTO classweaponproficiencies (classId, weaponTypeId) VALUES (3,32);
INSERT INTO classweaponproficiencies (classId, weaponTypeId) VALUES (4,32);
INSERT INTO classweaponproficiencies (classId, weaponTypeId) VALUES (1,33);
INSERT INTO classweaponproficiencies (classId, weaponTypeId) VALUES (1,34);

/* ClassSpecialization */
INSERT INTO classspecialization (id, name, description, classId, isSpellCasting, spellCasingAbilityId, version, created, updated) VALUES (1,'Voie du berserk','Pour bon nombre de barbares, la rage est le moyen d''atteindre un but, ce but étant la violence. La voie du berserk est une voie de fureur débridée, poisseuse de sang. En entrant en rage de berserk, vous êtes électrisé par le chaos de la bataille, faisant fi de votre sécurité et de votre bien-être. ',1,0,NULL,1,'2016-11-10 13:23:59','2016-11-10 13:23:59');
INSERT INTO classspecialization (id, name, description, classId, isSpellCasting, spellCasingAbilityId, version, created, updated) VALUES (2,'Voie du guerrier totem','La voie du guerrier totem est un parcours spirituel, étant donné que le barbare accepte un esprit animal comme guide, protecteur et source d''inspiration. En plein bataille, votre esprit totem vous imprègne de pouvoirs surnaturels, distillant de l''essence magique dans votre rage. La plupart des tribus barbares utilise un animal totem comme signe d''appartenance à un clan particulier. ',1,0,NULL,1,'2016-11-10 15:45:14','2016-11-10 15:45:14');
INSERT INTO classspecialization (id, name, description, classId, isSpellCasting, spellCasingAbilityId, version, created, updated) VALUES (3,'Voleur','Vous perfectionnez vos compétences dans les arts du larcin. Cambrioleurs, bandits, coupe-bourses et autres criminels suivent généralement cet archétype, de même que les roublards qui se considèrent eux-mêmes comme des chercheurs de trésors professionnels, des explorateurs ou des investigateurs. En plus d''améliorer votre agilité et votre furtivité, vous apprenez des compétences utiles pour pénétrer dans des ruines antiques, lire des langues inconnues ou utiliser des objets magiques que vous ne pourriez normalement pas employer.',3,0,NULL,1,'2016-11-19 13:01:25','2016-11-19 13:01:25');
INSERT INTO classspecialization (id, name, description, classId, isSpellCasting, spellCasingAbilityId, version, created, updated) VALUES (4,'Assassin','Vous focalisez votre entrainement sur l''art de l''assassinat. Divers personnages choisissent cet archétype : tueurs sous contrat, espions, chasseurs de primes, et même certains religieux entraînés à cela pour exterminer les ennemis de leur divinité. Discrétion, poisons et déguisements vous aident à éliminer vos cibles avec une efficacité meurtrière.',3,0,NULL,1,'2016-11-19 13:03:14','2016-11-19 13:03:14');
INSERT INTO classspecialization (id, name, description, classId, isSpellCasting, spellCasingAbilityId, version, created, updated) VALUES (5,'Mystificateur profane','Quelques roublards améliorent leurs compétences aiguisées en furtivité et agilité avec la magie, apprenant des tours d''enchantement et d''illusion. On trouve parmi eux des voleurs à la tire et des cambrioleurs, mais aussi des farceurs, des fauteurs de troubles et un nombre important d''aventuriers.',3,1,4,1,'2016-11-19 13:09:56','2016-11-19 13:09:56');
INSERT INTO classspecialization (id, name, description, classId, isSpellCasting, spellCasingAbilityId, version, created, updated) VALUES (6,'Mastermind','Vous mettez l''accent sur les personnes et sur l''influence et les secrets qu''ils ont. Beaucoup d''espions, de courtisans et de conspirateurs suivent cet archétype, menant une vie d''intrigues. Les mots sont aussi souvent vos armes que les poignards ou le poison, et les secrets et les faveurs sont parmi vos trésors préférés.',3,0,NULL,1,'2016-11-19 13:11:18','2016-11-19 13:11:18');
INSERT INTO classspecialization (id, name, description, classId, isSpellCasting, spellCasingAbilityId, version, created, updated) VALUES (7,'Collège de la Connaissance','Les bardes du collège de la Connaissance savent quelque chose sur tout, collectant des morceaux de connaissances à partir de sources aussi diverses que d''anciens livres ou des contes de paysans. Qu''ils chantent des ballades populaires dans les tavernes ou qu''ils composent dans les cours royales, ces bardes utilisent leurs dons pour tenir le public en haleine. Lorsque les applaudissements s''apaisent, les membres du public pourraient se questionner sur la véracité de ce qu''ils tenaient pour vrai, de leur foi pour la religion du temple local jusqu''à leur fidélité au roi. La loyauté de ces bardes réside dans la poursuite de la beauté et de la vérité, et non pas dans la fidélité à un monarque ou aux principes d''une divinité. Un noble qui conserve un tel barde comme héraut ou conseiller sait que le barde préférera être honnête que politicien. Les membres du collège se réunissent dans des bibliothèques et parfois dans de vrais collèges, avec des salles de classe et des dortoirs, afin de partager leur savoir avec les autres. Ils se rencontrent également lors de festivals ou d''affaires d''état, où ils peuvent mettre à jour des corruptions, démêler des mensonges ou bien encore se moquer de certaines figures de l''autorité.',4,0,NULL,1,'2016-11-21 10:17:35','2016-11-21 10:17:35');
INSERT INTO classspecialization (id, name, description, classId, isSpellCasting, spellCasingAbilityId, version, created, updated) VALUES (8,'Collège de la Valeur','Les bardes du collège de la Valeur sont d''hardis poètes dont les contes perpétuent la mémoire des grands héros du passé et inspirent la nouvelle génération. Ces bardes se réunissent dans des prés ou autour de grands feux de joie pour chanter les actes des puissants, passés et présents. Ils parcourent le monde pour être témoin de grands événements et s''assurer que la mémoire de ces événements ne s’efface pas de ce monde. Avec leurs chansons, ils inspirent les autres pour qu''ils atteignent les mêmes sommets que les héros d’autres fois.',4,0,NULL,1,'2016-11-21 10:19:18','2016-11-21 10:19:18');


/* Classspeclevelfeature */
INSERT INTO classspeclevelfeature (classSpecId, featId, levelId) VALUES (1,54,3);
INSERT INTO classspeclevelfeature (classSpecId, featId, levelId) VALUES (2,58,3);
INSERT INTO classspeclevelfeature (classSpecId, featId, levelId) VALUES (2,59,3);
INSERT INTO classspeclevelfeature (classSpecId, featId, levelId) VALUES (3,150,3);
INSERT INTO classspeclevelfeature (classSpecId, featId, levelId) VALUES (3,151,3);
INSERT INTO classspeclevelfeature (classSpecId, featId, levelId) VALUES (4,155,3);
INSERT INTO classspeclevelfeature (classSpecId, featId, levelId) VALUES (4,156,3);
INSERT INTO classspeclevelfeature (classSpecId, featId, levelId) VALUES (5,160,3);
INSERT INTO classspeclevelfeature (classSpecId, featId, levelId) VALUES (6,164,3);
INSERT INTO classspeclevelfeature (classSpecId, featId, levelId) VALUES (6,165,3);
INSERT INTO classspeclevelfeature (classSpecId, featId, levelId) VALUES (7,71,3);
INSERT INTO classspeclevelfeature (classSpecId, featId, levelId) VALUES (7,72,3);
INSERT INTO classspeclevelfeature (classSpecId, featId, levelId) VALUES (8,75,3);
INSERT INTO classspeclevelfeature (classSpecId, featId, levelId) VALUES (8,76,3);
INSERT INTO classspeclevelfeature (classSpecId, featId, levelId) VALUES (1,55,6);
INSERT INTO classspeclevelfeature (classSpecId, featId, levelId) VALUES (2,60,6);
INSERT INTO classspeclevelfeature (classSpecId, featId, levelId) VALUES (7,73,6);
INSERT INTO classspeclevelfeature (classSpecId, featId, levelId) VALUES (8,46,6);
INSERT INTO classspeclevelfeature (classSpecId, featId, levelId) VALUES (3,152,9);
INSERT INTO classspeclevelfeature (classSpecId, featId, levelId) VALUES (4,157,9);
INSERT INTO classspeclevelfeature (classSpecId, featId, levelId) VALUES (5,161,9);
INSERT INTO classspeclevelfeature (classSpecId, featId, levelId) VALUES (6,166,9);
INSERT INTO classspeclevelfeature (classSpecId, featId, levelId) VALUES (1,56,10);
INSERT INTO classspeclevelfeature (classSpecId, featId, levelId) VALUES (2,61,10);
INSERT INTO classspeclevelfeature (classSpecId, featId, levelId) VALUES (3,153,13);
INSERT INTO classspeclevelfeature (classSpecId, featId, levelId) VALUES (4,158,13);
INSERT INTO classspeclevelfeature (classSpecId, featId, levelId) VALUES (5,162,13);
INSERT INTO classspeclevelfeature (classSpecId, featId, levelId) VALUES (6,167,13);
INSERT INTO classspeclevelfeature (classSpecId, featId, levelId) VALUES (1,57,14);
INSERT INTO classspeclevelfeature (classSpecId, featId, levelId) VALUES (2,62,14);
INSERT INTO classspeclevelfeature (classSpecId, featId, levelId) VALUES (7,74,14);
INSERT INTO classspeclevelfeature (classSpecId, featId, levelId) VALUES (8,77,14);
INSERT INTO classspeclevelfeature (classSpecId, featId, levelId) VALUES (3,154,17);
INSERT INTO classspeclevelfeature (classSpecId, featId, levelId) VALUES (4,159,17);
INSERT INTO classspeclevelfeature (classSpecId, featId, levelId) VALUES (5,163,17);
INSERT INTO classspeclevelfeature (classSpecId, featId, levelId) VALUES (6,168,17);

/* Classspecializationspellslots */
INSERT INTO classspecializationspellslots (cantripsKnown, spellSlots1, spellSlots2, spellSlots3, spellSlots4, spellSlots5, spellSlots6, spellSlots7, spellSlots8, spellSlots9, spellsKnown, classSpecId, levelId) VALUES (3,2,NULL,NULL,NULL,NULL,NULL,NULL,NULL,NULL,3,5,3);
INSERT INTO classspecializationspellslots (cantripsKnown, spellSlots1, spellSlots2, spellSlots3, spellSlots4, spellSlots5, spellSlots6, spellSlots7, spellSlots8, spellSlots9, spellsKnown, classSpecId, levelId) VALUES (3,3,NULL,NULL,NULL,NULL,NULL,NULL,NULL,NULL,4,5,4);
INSERT INTO classspecializationspellslots (cantripsKnown, spellSlots1, spellSlots2, spellSlots3, spellSlots4, spellSlots5, spellSlots6, spellSlots7, spellSlots8, spellSlots9, spellsKnown, classSpecId, levelId) VALUES (3,3,NULL,NULL,NULL,NULL,NULL,NULL,NULL,NULL,4,5,5);
INSERT INTO classspecializationspellslots (cantripsKnown, spellSlots1, spellSlots2, spellSlots3, spellSlots4, spellSlots5, spellSlots6, spellSlots7, spellSlots8, spellSlots9, spellsKnown, classSpecId, levelId) VALUES (3,3,NULL,NULL,NULL,NULL,NULL,NULL,NULL,NULL,4,5,6);
INSERT INTO classspecializationspellslots (cantripsKnown, spellSlots1, spellSlots2, spellSlots3, spellSlots4, spellSlots5, spellSlots6, spellSlots7, spellSlots8, spellSlots9, spellsKnown, classSpecId, levelId) VALUES (3,4,2,NULL,NULL,NULL,NULL,NULL,NULL,NULL,5,5,7);
INSERT INTO classspecializationspellslots (cantripsKnown, spellSlots1, spellSlots2, spellSlots3, spellSlots4, spellSlots5, spellSlots6, spellSlots7, spellSlots8, spellSlots9, spellsKnown, classSpecId, levelId) VALUES (3,4,2,NULL,NULL,NULL,NULL,NULL,NULL,NULL,6,5,8);
INSERT INTO classspecializationspellslots (cantripsKnown, spellSlots1, spellSlots2, spellSlots3, spellSlots4, spellSlots5, spellSlots6, spellSlots7, spellSlots8, spellSlots9, spellsKnown, classSpecId, levelId) VALUES (3,4,2,NULL,NULL,NULL,NULL,NULL,NULL,NULL,6,5,9);
INSERT INTO classspecializationspellslots (cantripsKnown, spellSlots1, spellSlots2, spellSlots3, spellSlots4, spellSlots5, spellSlots6, spellSlots7, spellSlots8, spellSlots9, spellsKnown, classSpecId, levelId) VALUES (4,4,3,NULL,NULL,NULL,NULL,NULL,NULL,NULL,7,5,10);
INSERT INTO classspecializationspellslots (cantripsKnown, spellSlots1, spellSlots2, spellSlots3, spellSlots4, spellSlots5, spellSlots6, spellSlots7, spellSlots8, spellSlots9, spellsKnown, classSpecId, levelId) VALUES (4,4,3,NULL,NULL,NULL,NULL,NULL,NULL,NULL,8,5,11);
INSERT INTO classspecializationspellslots (cantripsKnown, spellSlots1, spellSlots2, spellSlots3, spellSlots4, spellSlots5, spellSlots6, spellSlots7, spellSlots8, spellSlots9, spellsKnown, classSpecId, levelId) VALUES (4,4,3,NULL,NULL,NULL,NULL,NULL,NULL,NULL,8,5,12);
INSERT INTO classspecializationspellslots (cantripsKnown, spellSlots1, spellSlots2, spellSlots3, spellSlots4, spellSlots5, spellSlots6, spellSlots7, spellSlots8, spellSlots9, spellsKnown, classSpecId, levelId) VALUES (4,4,3,2,NULL,NULL,NULL,NULL,NULL,NULL,9,5,13);
INSERT INTO classspecializationspellslots (cantripsKnown, spellSlots1, spellSlots2, spellSlots3, spellSlots4, spellSlots5, spellSlots6, spellSlots7, spellSlots8, spellSlots9, spellsKnown, classSpecId, levelId) VALUES (4,4,3,2,NULL,NULL,NULL,NULL,NULL,NULL,10,5,14);
INSERT INTO classspecializationspellslots (cantripsKnown, spellSlots1, spellSlots2, spellSlots3, spellSlots4, spellSlots5, spellSlots6, spellSlots7, spellSlots8, spellSlots9, spellsKnown, classSpecId, levelId) VALUES (4,4,3,2,NULL,NULL,NULL,NULL,NULL,NULL,10,5,15);
INSERT INTO classspecializationspellslots (cantripsKnown, spellSlots1, spellSlots2, spellSlots3, spellSlots4, spellSlots5, spellSlots6, spellSlots7, spellSlots8, spellSlots9, spellsKnown, classSpecId, levelId) VALUES (4,4,3,3,NULL,NULL,NULL,NULL,NULL,NULL,11,5,16);
INSERT INTO classspecializationspellslots (cantripsKnown, spellSlots1, spellSlots2, spellSlots3, spellSlots4, spellSlots5, spellSlots6, spellSlots7, spellSlots8, spellSlots9, spellsKnown, classSpecId, levelId) VALUES (4,4,3,3,NULL,NULL,NULL,NULL,NULL,NULL,11,5,17);
INSERT INTO classspecializationspellslots (cantripsKnown, spellSlots1, spellSlots2, spellSlots3, spellSlots4, spellSlots5, spellSlots6, spellSlots7, spellSlots8, spellSlots9, spellsKnown, classSpecId, levelId) VALUES (4,4,3,3,NULL,NULL,NULL,NULL,NULL,NULL,11,5,18);
INSERT INTO classspecializationspellslots (cantripsKnown, spellSlots1, spellSlots2, spellSlots3, spellSlots4, spellSlots5, spellSlots6, spellSlots7, spellSlots8, spellSlots9, spellsKnown, classSpecId, levelId) VALUES (4,4,3,3,1,NULL,NULL,NULL,NULL,NULL,12,5,19);
INSERT INTO classspecializationspellslots (cantripsKnown, spellSlots1, spellSlots2, spellSlots3, spellSlots4, spellSlots5, spellSlots6, spellSlots7, spellSlots8, spellSlots9, spellsKnown, classSpecId, levelId) VALUES (4,4,3,3,1,NULL,NULL,NULL,NULL,NULL,13,5,20);


/* Classspeclevelspell */
